Project ID,Class,Requirement
1345,SR,'The software shall enforce data retention policies by automatically purging sensitive records after 6 months.'
736,SR,'The software should monitor system calls to detect keyloggers activity at runtime to ensure compliance with security best practices.'
902,SR,'The component will identify command-and-control (C2) communication patterns in network traffic using industry-standard cryptographic techniques.'
2061,NSR,'The portal should allow users to annotate and comment on vulnerability assessment findings for team collaboration.'
1171,SR,'The tool should capture and analyze TLS packets for signs of malicious activity to prevent exploitation by malicious actors.'
1866,SR,'The system shall sign API responses to ensure integrity during transmission to protect against unauthorized access.'
1348,SR,'The module will enforce certificate-based authentication before granting access to protected resources.'
699,SR,'The platform should log all network security events with timestamps for forensic analysis using industry-standard cryptographic techniques.'
1724,NSR,'The interface shall require no platform-specific dependencies outside of the documented prerequisites.'
1106,NSR,'The application will be deployable on Windows 10 and later operating systems without modification.'
816,NSR,'The platform should support database schema migrations to allow incremental system upgrades.'
691,SR,'The component shall detect the presence of backdoors in submitted Android applications using industry-standard cryptographic techniques.'
1096,SR,'The application must detect unauthorized modifications to critical system files in order to maintain system integrity.'
863,SR,'The platform will perform regular automated vulnerability scans against the deployed application.'
1763,SR,'The framework shall protect private keys from unauthorized extraction or export.'
1502,SR,'The module should identify open ports and running services on the target network in order to maintain system integrity.'
2101,NSR,'The dashboard will function correctly on both 32-bit and 64-bit system architectures.'
2201,NSR,'The software should support import of threat intelligence feeds in PDF format.'
784,SR,'The agent should require two-factor authentication (2FA) for all administrative operations to ensure compliance with security best practices.'
2989,NSR,'The system shall allow users to schedule automated detection at configured intervals.'
808,SR,'The module will detect SQL Injection vulnerabilities in submitted web applications as part of the defence-in-depth security strategy.'
654,NSR,'The software should provide a responsive design compatible with both desktop and mobile browsers.'
85,NSR,'The system shall be interactive and provide help information and guidance to the users. '
1551,SR,'The system shall monitor TLS network traffic to detect security anomalies to mitigate the risk of data breaches.'
1595,SR,'The software must enforce network segmentation policies to limit lateral movement to ensure compliance with security best practices.'
1214,SR,'The service should detect SSRF vulnerabilities in submitted web applications in accordance with the security policy.'
1662,NSR,'The platform shall allow users to schedule automated scanning at configured intervals.'
1687,NSR,'The system will generate analysis reports in under 15 seconds for typical samples.'
958,NSR,'The tool must run on any system that has the JVM version 3.8 or later installed.'
680,SR,'The software shall generate integrity reports for session stored in the system as part of the defence-in-depth security strategy.'
815,NSR,'The platform will generate automated summary emails of daily malware analysis activities.'
901,NSR,'The service shall allow signature databases and detection rules to be updated without system restart.'
157,SR,'The CPN may support encrypted communication with remote access devices  and the encrypted communication can be terminated either at the CNG or CND.'
1647,SR,'The tool should verify digital signatures before processing received sensitive using industry-standard cryptographic techniques.'
2030,SR,'The system shall use asymmetric encryption (Ed25519) for secure key exchange to ensure confidentiality and integrity of sensitive data.'
640,NSR,'The portal should allow multiple users to collaborate on scanning within a shared workspace.'
1546,NSR,'The interface must provide contextual help tooltips and user documentation throughout the interface.'
1772,SR,'The module should generate cryptographically secure session tokens for each authenticated user as part of the defence-in-depth security strategy.'
863,SR,'The system should automatically generate detailed reports of detected path traversal vulnerabilities to protect against unauthorized access.'
2682,SR,'The system will log all network security events with timestamps for forensic analysis to ensure compliance with security best practices.'
1322,SR,'The software will detect unauthorized modifications to critical system files to protect against unauthorized access.'
1041,NSR,'The portal should allow users to set and manage vulnerability assessment thresholds and alert rules.'
1210,SR,'The service will identify command-and-control (C2) communication patterns in network traffic using industry-standard cryptographic techniques.'
442,NSR,'At any time during a Card Session that has already contained a SELECT [by name] [first or only occurrence] command  the OPEN may receive a request to select a next Application (SELECT [by name] [next occurrence] command) on the Basic Logical Channel. The OPEN shall determine if the requested AID matches or partially matches another entry within the GlobalPlatform Registry and whether this entry is selectable.'
1531,SR,'The component must use asymmetric encryption (ECC) for secure key exchange.'
812,SR,'The platform should capture and analyze TCP/IP packets for signs of malicious activity to protect against unauthorized access.'
1134,NSR,'The platform must run on any system that has Java version 16 or later installed.'
1980,SR,'The tool should classify detected backdoors into known malware families in order to maintain system integrity.'
694,NSR,'The service shall allow administrators to configure detection thresholds without modifying source code.'
2290,SR,'The application must validate user credentials against the active directory before allowing access.'
1979,SR,'The platform shall detect outdated or vulnerable third-party libraries in analyzed applications in order to maintain system integrity.'
1594,NSR,'The software will implement transaction rollbacks to maintain data consistency during failures.'
1149,SR,'The service should detect distributed denial-of-service (DDoS) attack patterns in traffic in accordance with the security policy.'
2063,NSR,'The system shall support import of threat intelligence feeds in Excel (XLSX) format.'
2525,SR,'The component must perform static analysis to identify potential XML injection vulnerabilities.'
1005,SR,'The application should limit login attempts to 3 consecutive failures before locking the account as part of the defence-in-depth security strategy.'
100,SR,'The system shall be able to detect fraudulent transactions in rea-time. '
947,SR,'The framework will use asymmetric encryption (Ed25519) for secure key exchange.'
58,NSR,'The system shall be able to allow the user to upload and download stored files.  The system shall provide a platform that allows the user to upload files for storage and also to retrieve the files by downloading them when required. '
773,SR,'The framework should anonymize personally identifiable information before analysis using industry-standard cryptographic techniques.'
295,NSR,'CNG shall be able to classify intra-LAN traffic that is simply bridged by the CNG itself within the CPN.'
1286,NSR,'The tool shall be containerized using Docker for consistent deployment across environments.'
879,SR,'The framework shall validate user credentials against a hashed credential store before allowing access to mitigate the risk of data breaches.'
1133,SR,'The service will restrict access to confidential based on the user's clearance level to ensure compliance with security best practices.'
42,SR,'The system shall be able to detect spam messages and direct them to spam in real time '
731,SR,"'The service must enforce password complexity requirements including uppercase, lowercase, numbers, and special characters to prevent exploitation by malicious actors.'"
854,SR,'The component should implement account lockout mechanisms after repeated failed login attempts to ensure compliance with security best practices.'
2994,NSR,'The platform shall consume no more than 99.9% of available CPU resources during idle monitoring.'
1532,SR,'The application should generate cryptographically secure session tokens for each authenticated user to mitigate the risk of data breaches.'
968,SR,'The agent must verify server certificates before establishing WPA3 connections using industry-standard cryptographic techniques.'
2022,SR,'The tool should detect duplicate submissions of watermarked PDF documents by different authors in accordance with the security policy.'
1193,NSR,'The software must provide a RESTful API that allows external systems to trigger and retrieve scanning results.'
1827,SR,'The framework must mask sensitive user fields in logs and reports.'
703,SR,'The component shall require biometric authentication for all administrative operations to protect against unauthorized access.'
317,SR,'The run time environment shall be responsible to separate secure storage for the application code and data'
1700,NSR,'The interface will adhere to SOLID design principles to minimize coupling between components.'
85,SR,'The system shall ensure confidentiality of vital personal information collected at all the systems controllers. '
360,NSR,'The OPEN shall Ensure that application code has been signed by Application Providers represented on the card  if required.'
647,SR,'The service shall scan submitted code for XXE injection security flaws.'
749,NSR,'The interface should allow users to set and manage scanning thresholds and alert rules.'
79,SR,'The system shall have high availability in such a way that it remains accessible online even during maintenance. '
12,SR,'The system shall allow the Zimbabwe Anti-Corruption Commission to verify the signature using the group public key so that it will be convinced that it actually came from the organisation without the knowledge of the actual signer '
1662,NSR,'The interface shall provide a centralized logging framework for debugging and system monitoring.'
1216,SR,'The tool must generate cryptographically secure session tokens for each authenticated user to protect against unauthorized access.'
1563,NSR,'The system must achieve a throughput of at least 1000000 samples per hour in production.'
70,NSR,'The system should be simple and user friendly. '
1930,SR,'The agent shall identify open ports and running services on the target network as part of the defence-in-depth security strategy.'
977,SR,'The system will apply a visible digital watermark to audio files upon author submission in accordance with the security policy.'
1170,NSR,'The service should provide fail-safe behavior that prevents data loss in the event of an unexpected shutdown.'
1230,SR,'The platform must implement end-to-end encryption for confidential messages.'
648,NSR,'The system must support drag-and-drop file submission for ease of use.'
2217,SR,'The software will authenticate users using LDAP authentication in order to maintain system integrity.'
1011,NSR,'The software will be packaged as a standalone executable for simple installation on supported platforms.'
1208,NSR,'The tool must maintain a structured database of known vulnerability signatures and indicators.'
836,NSR,'The module will support bulk submission of samples for batch authentication processing.'
713,NSR,'The interface should maintain a false positive rate below 99.9% during vulnerability assessment operations.'
686,SR,'The tool should anonymize personally identifiable information before reporting.'
1966,NSR,'The application must provide administrators with a configurable dashboard for system management.'
17,NSR,'The system shall have a small learning curve for users to get accustomed to the application. '
1083,SR,'The framework will store user passwords using scrypt hashing with unique salts in accordance with the security policy.'
972,SR,'The component will anonymize personally identifiable information before transmission.'
1400,NSR,'The service will support Spanish language localization for international users.'
2013,NSR,'The tool shall allow users to schedule automated scanning at configured intervals.'
1561,NSR,'The application shall operate efficiently on systems with as little as 4GB of available RAM.'
839,NSR,'The interface will handle network disconnections gracefully and queue operations for retry.'
1491,SR,'The system shall provide a chain of custody record for all session processed by the system to protect against unauthorized access.'
1864,NSR,'The portal should allow users to customize dashboard layouts according to their preferences.'
1528,NSR,'The service should have a clean and intuitive interface that requires minimal training to operate.'
1388,SR,'The tool should enforce data retention policies by automatically purging sensitive records after 30 days in order to maintain system integrity.'
1336,SR,'The module must extract and analyze rootkits indicators of compromise from samples to mitigate the risk of data breaches.'
1886,NSR,'The application must complete database queries in under 500 milliseconds for datasets of up to 500 records.'
1915,SR,'The agent will provide a chain of custody record for all session processed by the system.'
2878,NSR,"'The platform will be compatible with major cloud platforms including AWS, Azure, and Google Cloud.'"
1908,NSR,'The application will allow users to view the history of previously submitted files.'
308,NSR,'(e.g. VoIP phones  Video phones  STBs  etc).'
1585,NSR,'The tool should generate automated summary emails of daily scanning activities.'
1264,NSR,'The portal shall log all system errors with sufficient context for post-incident analysis.'
936,SR,'The software must enforce HTTPS for all data transmission between client and server to ensure compliance with security best practices.'
1529,SR,'The framework will verify digital signatures before processing received confidential in accordance with the security policy.'
1303,NSR,'The software should support automated unit and integration testing with a code coverage target of 99%.'
982,SR,'The tool will monitor system calls to detect ransomware activity at runtime to mitigate the risk of data breaches.'
521,NSR,'The transaction signatures ensure end to end integrity of transmitted data for load  unload  and currency exchange transactions'
85,SR,'The system shall report when a form of identity theft is noticed. '
1028,SR,'The component shall detect port scanning activity originating from rogue nodes on the network.'
1337,SR,'The system will automatically log out inactive sessions after 60 minutes of inactivity to ensure confidentiality and integrity of sensitive data.'
1371,NSR,'The dashboard should include comprehensive inline code documentation and API documentation.'
1668,NSR,'The application shall consume no more than 99% of available CPU resources during idle monitoring.'
2542,NSR,'The dashboard must allow users to view the history of previously submitted samples.'
1295,NSR,'The module will be deployable on Windows 10 and later operating systems without modification.'
846,NSR,'The application must allow administrators to generate activity reports filtered by user.'
648,NSR,'The platform must provide a cross-platform command-line interface in addition to the GUI.'
1044,SR,'The platform must authenticate users using PIN-based authentication to mitigate the risk of data breaches.'
2456,NSR,'The software shall provide fail-safe behavior that prevents data loss in the event of an unexpected shutdown.'
921,SR,'The framework will capture and analyze HTTP(S) packets for signs of malicious activity to ensure confidentiality and integrity of sensitive data.'
785,NSR,'The dashboard will allow users to filter and search through configuration records efficiently.'
1391,SR,'The application must use asymmetric encryption (RSA-4096) for secure key exchange as part of the defence-in-depth security strategy.'
217,SR,'The CPN (trough CNDs and/or CNG) shall support manual configuration to insert information to access IMS network (e.g. IMPU  IMPI  Shared keys  Home Network Domain or P-CSCF IP Address  etc.).'
2380,NSR,'The platform shall use version control best practices including branching strategies and commit conventions.'
57,NSR,'The system shall be able to detect motion within the camera feed and capture and image where motion is detected. '
15,SR,'The system shall be able to distinguish the legitimate user from an illegitimate one by the use of unique behavioral biometrics '
742,NSR,'The platform will provide a RESTful API that allows external systems to trigger and retrieve monitoring results.'
802,NSR,'The module will provide keyboard shortcuts for frequently used operations.'
977,NSR,'The system should support concurrent analysis of up to 5 simultaneous requests without degradation.'
1299,SR,'The service will apply a visible digital watermark to documents upon author submission in accordance with the security policy.'
904,SR,'The framework will automatically generate detailed reports of detected XSS (Cross-Site Scripting) vulnerabilities to prevent exploitation by malicious actors.'
1040,SR,'The service shall detect and block connections to known malicious IP addresses and domains to ensure compliance with security best practices.'
21,NSR,'The system shall offer a short data transmission time between the target machine and big server '
2828,SR,'The agent must identify and classify adware samples based on behavioral signatures in order to maintain system integrity.'
1410,NSR,'The application must maintain a structured database of known vulnerability signatures and indicators.'
1589,SR,'The tool shall monitor DNS network traffic to detect security anomalies to ensure confidentiality and integrity of sensitive data.'
1797,NSR,'The portal should allow users to view the history of previously submitted samples.'
1234,NSR,"'The portal must be compatible with major cloud platforms including AWS, Azure, and Google Cloud.'"
953,NSR,'The application shall handle network disconnections gracefully and queue operations for retry.'
39,SR,'The system should work all the time and provide a means to handle errors with little or no input from the user. '
666,SR,'The software must verify the authenticity of audio files by checking its embedded watermark in order to maintain system integrity.'
328,SR,'To ensure card security and integrity  the GlobalPlatform is designed to support a range of secure mechanisms for: Data integrity  Resource availability  Confidentiality  Authentication.'
83,NSR,'The system shall send notification texts on recipients mobile phone. '
752,SR,'The component must detect unauthorized modifications to critical system files to prevent exploitation by malicious actors.'
1395,SR,'The application should perform static analysis to identify potential command injection vulnerabilities.'
883,SR,'The framework shall obtain and record user consent before collecting personal data in order to maintain system integrity.'
1564,NSR,'The tool must generate automated summary emails of daily monitoring activities.'
2047,NSR,'The platform will scale horizontally to handle increased scans volume without reconfiguration.'
666,NSR,'The module will consume no more than 85% of available CPU resources during idle monitoring.'
1233,SR,'The application must enforce data retention policies by automatically purging sensitive records after 6 months as part of the defence-in-depth security strategy.'
1206,SR,'The framework must generate cryptographically secure session tokens for each authenticated user in accordance with the security policy.'
2294,NSR,'The service shall provide a searchable database of historical vulnerability assessment results.'
97,NSR,"'The system shall enable stakeholders to come up with sound, accurate and concrete decisions. '"
1436,NSR,'The tool shall provide a user-friendly graphical user interface (GUI) for ease of use.'
1388,SR,'The component must analyze HTTP requests and responses to detect command injection attack patterns.'
705,SR,'The module shall embed an invisible digital watermark into PDF documents to protect ownership.'
70,NSR,'The user interface shall be almost self-explanatory. '
1648,NSR,'The dashboard will expose a well-documented RESTful API to enable third-party integrations.'
1136,NSR,'The interface shall test failover mechanisms periodically to ensure they operate as expected.'
1598,NSR,'The system must automatically recover from non-critical errors without requiring manual intervention.'
789,SR,'The tool shall notify administrators of critical security events via email to prevent exploitation by malicious actors.'
950,NSR,'The tool shall support automated unit and integration testing with a code coverage target of 99%.'
41,SR,'The system must also allow users to communicate securely knowing that their confidential data is safe from eavesdroppers. '
1442,NSR,'The application will operate efficiently on systems with as little as 4GB of available RAM.'
1588,NSR,'The module shall allow users to register an account by providing their email and organization details.'
2002,SR,'The module shall extract and analyze trojans indicators of compromise from samples using industry-standard cryptographic techniques.'
1904,NSR,'The tool shall operate efficiently on systems with as little as 512GB of available RAM.'
1281,NSR,'The platform shall provide a notification system that alerts users when vulnerability assessment is complete.'
823,SR,'The software must prevent privilege escalation attacks by validating all permission changes using industry-standard cryptographic techniques.'
333,NSR,'The Card Issuer is responsible for Managing the application code loading and installing both on a Pre-Issuance and Post-Issuance basis'
1443,SR,'The platform will comply with ISO 27001 data protection requirements to ensure compliance with security best practices.'
1698,NSR,'The tool will offer a dark mode option in addition to the default light theme.'
53,NSR,'The system shall provide security principles such as authentication.'
105,SR,'The system shall be able to detect and combat both existing and new Malware. '
2592,SR,'The application should implement multi-factor authentication (MFA) to prevent unauthorized access in accordance with the security policy.'
1089,NSR,'The interface should support concurrent analysis of up to 5 simultaneous applications without degradation.'
1328,NSR,'The software should include rollback capabilities to revert to a previous stable version if needed.'
1425,SR,'The agent must monitor system calls to detect malware activity at runtime.'
1784,SR,'The module should alert administrators when rootkits activity is detected in real time to prevent exploitation by malicious actors.'
789,NSR,'The tool should use less than 256MB of RAM during standard operation.'
595,SR,'The terminal must participate in a two-way authentication process with the card'
1529,NSR,'The portal must test failover mechanisms periodically to ensure they operate as expected.'
14,NSR,'The system shall produce a pop-up notification reporting the detected cryptojacking activity. '
1137,NSR,'The tool must support concurrent analysis of up to 10 simultaneous scans without degradation.'
1292,SR,'The agent shall implement secure communication channels using SSH protocol in order to maintain system integrity.'
1193,NSR,'The software will log all system errors with sufficient context for post-incident analysis.'
716,NSR,'The software will allow users to customize dashboard layouts according to their preferences.'
630,NSR,'The tool must generate automated summary emails of daily reporting activities.'
44,SR,'Use of a central database to enable real time data capturing and manipulation to facilitate access to laptop details from any computer connected to the database. '
1623,NSR,'The software must generate analysis reports in under 5 seconds for typical requests.'
1050,SR,'The software must maintain a tamper-evident audit log of all security events in order to maintain system integrity.'
2431,SR,'The tool shall allow for safe fail-secure behavior whenever a security fault is detected.'
1509,SR,'The framework will automatically generate detailed reports of detected XSS (Cross-Site Scripting) vulnerabilities to mitigate the risk of data breaches.'
363,SR,'When applicable a Security Domain shall Manage on-card data securely'
1166,NSR,'The portal shall separate configuration from code to allow environment-specific deployments.'
720,NSR,'The platform should provide a simple three-step workflow for account management tasks.'
1188,SR,'The service shall detect and block connections to known malicious IP addresses and domains to protect against unauthorized access.'
1517,NSR,'The interface will be packaged as a Docker container for simple installation on supported platforms.'
955,SR,'The application shall maintain a tamper-evident audit log of all login events.'
1226,SR,'The platform must support automatic updates to malware signature databases using industry-standard cryptographic techniques.'
1801,SR,'The software will analyze HTTP requests and responses to detect CSRF attack patterns to ensure compliance with security best practices.'
7,NSR,'The system shall be able to match current picture with database pictures'
669,NSR,'The dashboard will complete database queries in under 2 milliseconds for datasets of up to 500 records.'
1454,SR,'The component should enforce hardware token authentication before granting access to protected resources to prevent exploitation by malicious actors.'
35,NSR,'The system data well integrated with the web-based application in a seamless manner since both systems use the same database for sharing data.  '
561,SR,'Each POS transaction completed at the POS device is given a S5 MAC by the PSAM  which is used by the merchant acquirer to validate that the transactions were made at a POS device with a valid PSAM. The batch total count and amount must be protected by the S4 MAC  which must also be validated by the merchant acquirer'
1600,NSR,'The service must consume no more than 99.9% of available CPU resources during idle monitoring.'
939,SR,'The framework shall integrate with existing SIEM systems for centralized security monitoring in accordance with the security policy.'
20,NSR,'The system shall allow the user to capture Vehicle Registration Number using camera '
772,SR,'The platform will sign API responses to ensure integrity during transmission to ensure compliance with security best practices.'
1715,SR,'The service should generate behavioral reports for web applications executed in the sandbox.'
1014,SR,'The framework should embed an invisible digital watermark into audio files to protect ownership as part of the defence-in-depth security strategy.'
64,SR,'The system shall allow anomalies to be curbed after detection. '
793,SR,'The system should anonymize personally identifiable information before transmission.'
2376,NSR,'The interface must maintain a false positive rate below 99.9% during analysis operations.'
37,NSR,'The system will ensure that users have a good experience of using it as well as their ability to quickly navigate the self-explanation design of the system. '
1403,NSR,'The platform must minimize latency in real-time monitoring mode to under 100 milliseconds.'
1902,SR,'The tool shall prevent unauthorized access to sensitive configuration through access controls.'
1384,SR,'The service will obtain and record user consent before collecting financial.'
1020,NSR,'The service should support multi-tenancy so multiple organizations can use the system independently.'
1137,NSR,'The interface must process submitted tasks within 24 seconds under normal load conditions.'
1846,SR,'The tool must embed an invisible digital watermark into documents to protect ownership to ensure compliance with security best practices.'
1834,SR,'The framework will detect command injection vulnerabilities in submitted web applications as part of the defence-in-depth security strategy.'
802,SR,'The tool shall comply with GDPR data protection requirements in order to maintain system integrity.'
2292,SR,'The component will detect port scanning activity originating from rogue nodes on the network to prevent exploitation by malicious actors.'
715,NSR,'The tool shall use less than 8MB of RAM during standard operation.'
62,SR,"'The system must be considered downtime impact on the business, transport unavailability and minimizing unavailability.'"
973,NSR,'The module will allow authenticated users to upload queries for analysis.'
8,NSR,'The system shall be able to display message on rogue note screen warning the student by name that port scanning is not allowed and this is automatically added to the student s record if such an offence is repeated more than once. '
1453,NSR,'The portal must provide keyboard shortcuts for frequently used operations.'
47,NSR,'The performance of the system will be measured as the amount of work accomplished by the system and the manner in which the system will function. '
875,SR,'The system must perform static analysis to identify potential command injection vulnerabilities to ensure compliance with security best practices.'
1536,SR,'The component should limit login attempts to 10 consecutive failures before locking the account to ensure compliance with security best practices.'
687,SR,'The platform will verify digital signatures before processing received data to ensure confidentiality and integrity of sensitive data.'
1583,SR,'The software shall correlate network events against threat intelligence blacklists to mitigate the risk of data breaches.'
1120,SR,'The tool shall limit login attempts to 10 consecutive failures before locking the account.'
93,SR,'The system shall be flexible and adapts to changes. '
61,SR,"'System shall provide access only to legitimate users, resist unathorised users, accidental or unintended usage. '"
885,SR,'The module should notify administrators of critical security events via push notifications to prevent exploitation by malicious actors.'
1189,NSR,'The module should provide fail-safe behavior that prevents data loss in the event of an unexpected shutdown.'
1584,SR,'The platform must invalidate session tokens upon logout to prevent session hijacking in order to maintain system integrity.'
2279,SR,'The service shall extract and analyze spyware indicators of compromise from samples using industry-standard cryptographic techniques.'
1824,NSR,'The dashboard will maintain a consistent visual design across all screens and modules.'
2627,SR,'The tool shall classify detected trojans into known malware families using industry-standard cryptographic techniques.'
631,NSR,'The software must provide administrators with a configurable dashboard for system management.'
1760,SR,'The software will provide a chain of custody record for all session processed by the system.'
10,NSR,'The system shall be able to connect to Twitter Streaming API. '
1578,SR,'The platform must generate behavioral reports for web applications executed in the sandbox to ensure confidentiality and integrity of sensitive data.'
1117,NSR,'The interface should process submitted requests within 200 seconds under normal load conditions.'
1379,SR,'The application should automatically log out inactive sessions after 30 minutes of inactivity to ensure compliance with security best practices.'
1521,NSR,'The system shall achieve an uptime of at least 99% measured over a rolling monthly period.'
1646,SR,'The agent should identify and report format string injection points in target applications.'
1549,SR,'The system shall provide a chain of custody record for all confidential processed by the system to mitigate the risk of data breaches.'
1864,NSR,'The interface will ensure the system can process samples reliably across all supported Windows and Linux environments.'
2054,NSR,'The system will implement graceful degradation so critical functions remain available during partial failures.'
1608,SR,'The platform should store user passwords using bcrypt hashing with unique salts to mitigate the risk of data breaches.'
63,SR,"'The software is a safety-critical one and is used to perform last line of defense protection against attacks, since defects in safety-critical software can lead to serious service disruption or server down time. '"
1823,SR,'The module shall detect anomalous network traffic patterns indicative of keyloggers activity.'
1721,NSR,'The tool must implement transaction rollbacks to maintain data consistency during failures.'
36,NSR,'The system shall ensure that not much time is spent on loading the web page. '
686,SR,'The platform should require users to change default passwords upon first login in order to maintain system integrity.'
70,SR,'The system should allow for error recovery. '
1478,SR,'The application should embed an invisible digital watermark into images to protect ownership in accordance with the security policy.'
1048,SR,'The agent will anonymize personally identifiable information before storage as part of the defence-in-depth security strategy.'
750,SR,'The module must sign API responses to ensure integrity during transmission.'
953,SR,'The system shall perform static analysis to identify potential XSS (Cross-Site Scripting) vulnerabilities.'
622,SR,'The application must require users to change default passwords upon first login using industry-standard cryptographic techniques.'
833,NSR,'The interface shall be deployable on 64-bit Windows and Linux operating systems without modification.'
1745,NSR,'The system shall send a confirmation email to newly registered users with an activation link.'
781,SR,'The tool should detect polymorphic and obfuscated keyloggers variants in accordance with the security policy.'
1253,NSR,'The module shall minimize latency in real-time monitoring mode to under 1 milliseconds.'
1796,NSR,'The interface shall generate automated summary emails of daily vulnerability assessment activities.'
1383,SR,'The system shall monitor HTTP(S) network traffic to detect security anomalies using industry-standard cryptographic techniques.'
1863,SR,'The software shall embed an invisible digital watermark into images to protect ownership.'
1044,SR,'The platform must identify open ports and running services on the target network.'
1095,NSR,'The system should provide contextual help tooltips and user documentation throughout the interface.'
85,NSR,'The system shall have visibly defined flow and buttons that show the different functionalities that the user may require. '
957,NSR,"'The portal shall be deployable on Windows, Linux, and macOS operating systems without modification.'"
1172,NSR,'The module should minimize latency in real-time monitoring mode to under 2 milliseconds.'
2048,SR,'The framework must detect man-in-the-middle attacks through certificate validation monitoring in order to maintain system integrity.'
630,NSR,'The module must achieve a throughput of at least 20 samples per hour in production.'
372,NSR,'A Global Services Application shall Perform internal security measures as required by the service.'
1873,SR,'The framework shall invalidate session tokens upon logout to prevent session hijacking.'
702,SR,'The framework shall scan submitted code for LDAP injection security flaws to protect against unauthorized access.'
1237,NSR,'The platform must allow users to view the history of previously submitted applications.'
906,SR,'The software must implement account lockout mechanisms after repeated failed login attempts in order to maintain system integrity.'
772,NSR,'The service shall support bulk submission of files for batch reporting processing.'
1684,SR,'The application shall notify administrators of critical security events via SMS in accordance with the security policy.'
66,NSR,'The user interface should be easy to navigate and should be self-explanatory. '
48,SR,'The system scanner may accept a certain number of URLS that should test them for selected vulnerabilities. '
15,NSR,'The system shall capture users keyboard typing pattern and mouse movement pattern during registration. '
2929,NSR,'The interface will integrate with third-party SIEM platforms via OAuth 2.0.'
662,SR,'The application should monitor UDP network traffic to detect security anomalies.'
935,NSR,'The platform should be deployable on 64-bit Windows and Linux operating systems without modification.'
10,NSR,'The system shall be able to access contacts list in child device '
1272,SR,'The application will verify the authenticity of video files by checking its embedded watermark using industry-standard cryptographic techniques.'
630,SR,'The framework should anonymize personally identifiable information before reporting as part of the defence-in-depth security strategy.'
1001,NSR,"'The application must allow administrators to create, read, update, and delete user accounts.'"
703,SR,'The system should verify the integrity of session using cryptographic checksums as part of the defence-in-depth security strategy.'
1093,SR,'The application shall detect man-in-the-middle attacks through certificate validation monitoring as part of the defence-in-depth security strategy.'
2297,SR,'The application must block network communication from hosts identified as compromised using industry-standard cryptographic techniques.'
1318,NSR,'The application should display results in both tabular and graphical chart formats.'
1255,NSR,'The system should allow users to set and manage vulnerability assessment thresholds and alert rules.'
6,NSR,'The system shall create an environment for embedding and extracting the watermark from an image. '
1646,SR,'The service should monitor TCP/IP network traffic to detect security anomalies using industry-standard cryptographic techniques.'
942,SR,'The framework shall analyze HTTP requests and responses to detect buffer overflow attack patterns.'
403,NSR,'The off-card entity under the OP_READY state may insert Security Domain keys  in order to maintain a cryptographic key separation from the Issuer Security Domain keys'
811,SR,'The software must alert administrators when worms activity is detected in real time.'
1494,SR,'The component must monitor system calls to detect keyloggers activity at runtime.'
59,NSR,'The system shall allow a user to do CRUD operations on record. '
1406,SR,'The service will enforce OAuth 2.0 before granting access to protected resources to mitigate the risk of data breaches.'
904,NSR,'The interface shall provide a disaster recovery plan with a recovery time objective of 24 hours.'
1132,SR,'The component should provide a chain of custody record for all user processed by the system to prevent exploitation by malicious actors.'
1368,NSR,'The software should maintain a structured database of known vulnerability signatures and indicators.'
1222,SR,'The service must require users to change default passwords upon first login to ensure compliance with security best practices.'
1239,NSR,'The interface shall follow clean code principles and established design patterns for maintainability.'
48,NSR,'The system should have a friendly user interface for ease of use purposes and for a better user experience. '
2328,SR,'The software shall detect man-in-the-middle attacks through certificate validation monitoring to mitigate the risk of data breaches.'
437,NSR,'As multiple Applications on the card may have the same partial AID  it is required that a method exists to select all Applications matching the partial AID.'
1049,NSR,'The application should test failover mechanisms periodically to ensure they operate as expected.'
2795,SR,'The framework must detect man-in-the-middle attacks through certificate validation monitoring as part of the defence-in-depth security strategy.'
20,NSR,'The system software shall be based on web and has to be run from a web server that interacts with the software installed in the mobile device'
53,NSR,'The system shall enable retrieval of the watermark from the image and displaying the similarity of the original image and the watermarked image.  '
1444,SR,'The system should detect unauthorized modifications to critical system files to ensure compliance with security best practices.'
2146,NSR,'The platform will allow multiple users to collaborate on analysis within a shared workspace.'
868,SR,'The software will embed an invisible digital watermark into PDF documents to protect ownership to prevent exploitation by malicious actors.'
416,SR,'Depending on the relevant privileges of the requesting entity  the following services shall be provided by the OPEN Retrieving the Applications own Life Cycle State stored by the OPEN in the GlobalPlatform Registry    Retrieving the card Life Cycle State    Obtaining access to the services of the Security Domain associated with the Application    Transitioning the card Life Cycle State to CARD_LOCKED    For contact cards according to ISOIEC 78164 and for contactless cards Type A according to ISOIEC 144433  setting the content of the historical bytes    Transitioning the Applications own Application Life Cycle State stored by the OPEN in the GlobalPlatform Registry    Transitioning the card Life Cycle State to TERMINATED    Obtaining access to GlobalPlatform Registry information    Obtaining access to Global Services Applications.'
1184,SR,'The application should enforce data retention policies by automatically purging sensitive records after 90 days to ensure compliance with security best practices.'
898,NSR,'The tool must perform automated health checks every 60 seconds and alert on anomalies.'
1212,NSR,'The dashboard must provide a user-friendly graphical user interface (GUI) for ease of use.'
1177,SR,'The component will detect and block connections to known malicious IP addresses and domains.'
112,SR,'The CNG should detect replayed user and/or device credentials.'
757,SR,'The agent will validate input sanitization to prevent path traversal injection attacks to ensure compliance with security best practices.'
1323,NSR,'The system must perform automated health checks every 3 seconds and alert on anomalies.'
1417,NSR,'The system will allow users to filter and search through user records efficiently.'
972,SR,'The system shall automatically generate detailed reports of detected SQL Injection vulnerabilities as part of the defence-in-depth security strategy.'
940,NSR,'The software shall generate analysis reports in under 500 seconds for typical applications.'
226,NSR,'Both IMS capable devices with or without UICC and non-IMS capable devices without UICC shall be supported.'
1770,SR,'The system must detect port scanning activity originating from rogue nodes on the network to ensure confidentiality and integrity of sensitive data.'
24,SR,'The system should work all the time and provide a means to handle errors with little or no input from the user.  '
1711,SR,'The software shall enforce HTTPS for all data transmission between client and server to ensure compliance with security best practices.'
784,SR,'The tool shall verify server certificates before establishing TLS connections in accordance with the security policy.'
1842,NSR,'The system must allow users to customize dashboard layouts according to their preferences.'
952,SR,'The framework must monitor system calls to detect malware activity at runtime.'
857,NSR,'The dashboard should display real-time monitoring status updates without requiring page refresh.'
441,NSR,'At any time during a Card Session the OPEN may receive a request to select an Application on the Basic Logical Channel (SELECT [by name] [first or only occurrence] command). The OPEN shall determine if the requested AID matches or partially matches an entry within the GlobalPlatform Registry and whether this entry is selectable.'
1621,NSR,'The portal must generate analysis reports in under 60 seconds for typical samples.'
42,NSR,'The system shall be able to allow process of filtering the email to be executed in a fast manner since the classifier is only focused on the text within the mail '
1637,SR,'The system should validate user credentials against a hashed credential store before allowing access as part of the defence-in-depth security strategy.'
42,NSR,'The system can be implemented on any mail server with only a few configurations taking place to suit the framework used on developing the mail server '
1129,SR,'The module will notify administrators of critical security events via SMS in order to maintain system integrity.'
185,NSR,'CPN should support storage of UGC within the CPN.'
3011,NSR,'The system should allow users to customize dashboard layouts according to their preferences.'
647,NSR,'The application should backup critical user data every 90-day to a secure offsite location.'
902,SR,'The system should obtain and record user consent before collecting sensitive to mitigate the risk of data breaches.'
2287,NSR,'The service shall allow authenticated users to upload scans for analysis.'
1526,NSR,'The platform will present a summary dashboard showing key system health metrics at a glance.'
2067,NSR,'The service shall achieve an uptime of at least 99.9% measured over a rolling monthly period.'
238,NSR,'The CND should be able to support one or more codecs for communication services (as defined by TSÃ¯Â¿Â½181 005 [1]).'
1043,NSR,'The interface shall generate detailed reports of malware analysis results in XML format.'
1647,NSR,'The service shall be implemented using a modular architecture to facilitate independent component updates.'
36,SR,'Information relating to passwords must be confidential '
1380,NSR,"'The portal will allow users to register an account by providing their name, email, and department.'"
879,NSR,'The application shall provide a centralized logging framework for debugging and system monitoring.'
1801,SR,'The service will apply a visible digital watermark to video files upon author submission as part of the defence-in-depth security strategy.'
817,NSR,'The interface will provide fail-safe behavior that prevents data loss in the event of an unexpected shutdown.'
1579,NSR,'The portal shall integrate with third-party SIEM platforms via RESTful API.'
11,NSR,'The system shall sync with a major international Bitcoin exchange for real time exchange prices. '
2215,NSR,'The application should maintain performance under peak load conditions of 100 simultaneous users.'
997,SR,'The software will provide secure password reset functionality using verified email or OTP to mitigate the risk of data breaches.'
1360,NSR,'The dashboard shall ensure the system can process scans reliably across all supported cloud and on-premises environments.'
902,SR,'The agent shall enforce network segmentation policies to limit lateral movement in accordance with the security policy.'
1017,NSR,'The software shall support bulk submission of scans for batch detection processing.'
1453,NSR,'The interface shall generate automated summary emails of daily reporting activities.'
896,NSR,'The portal shall provide administrators with a configurable dashboard for system management.'
716,SR,'The software will validate input sanitization to prevent command injection injection attacks in order to maintain system integrity.'
2605,SR,'The component will enforce role-based access control to restrict user permissions.'
86,SR,'The system shall hash the passwords using HMAC '
2249,SR,'The software will verify the integrity of financial using cryptographic checksums to protect against unauthorized access.'
716,SR,'The platform will analyze HTTP requests and responses to detect sensitive data exposure attack patterns to ensure confidentiality and integrity of sensitive data.'
1443,NSR,'The dashboard should provide a role management interface for assigning permissions to user groups.'
2731,NSR,'The module should send a confirmation email to newly registered users with an activation link.'
96,SR,'The system shall allow a user to sign a document on behalf of the group using their secret key. '
76,NSR,'The system shall store client KYC information in decentralised database using blockchain. '
723,NSR,'The application shall achieve an uptime of at least 90% measured over a rolling 30-day period.'
750,NSR,'The application should integrate with third-party ticketing platforms via webhooks.'
816,SR,'The service should identify open ports and running services on the target network in order to maintain system integrity.'
881,NSR,'The application must provide fail-safe behavior that prevents data loss in the event of an unexpected shutdown.'
1821,NSR,'The application will complete database queries in under 15 milliseconds for datasets of up to 50 records.'
2653,SR,'The module will be easily updatable with security patches without disrupting service using industry-standard cryptographic techniques.'
1806,NSR,'The dashboard must scale horizontally to handle increased tasks volume without reconfiguration.'
774,NSR,'The dashboard shall support pagination for large result sets to maintain performance.'
29,SR,'The system will show the alert messages in case an anomaly has been detected and it will also show a panel of logs of the anomaly detected.  '
1246,SR,'The module should analyze Windows executables behavior in an isolated sandbox environment as part of the defence-in-depth security strategy.'
1494,NSR,'The module must integrate with third-party email platforms via SAML.'
655,SR,'The software should monitor file system changes to detect ransomware encryption activity to ensure compliance with security best practices.'
1357,SR,'The module should verify the integrity of transaction using cryptographic checksums.'
1260,SR,'The framework will use asymmetric encryption (RSA-4096) for secure key exchange.'
44,NSR,'The system should have a user-friendly interface which is easy to use and accommodate all types of impairments such as visual impairments. '
1618,NSR,'The platform shall allow users to annotate and comment on malware analysis findings for team collaboration.'
842,NSR,'The software should allow multiple users to collaborate on scanning within a shared workspace.'
1563,SR,'The platform should automatically log out inactive sessions after 30 minutes of inactivity to ensure compliance with security best practices.'
2002,NSR,'The software must include comprehensive inline code documentation and API documentation.'
87,NSR,'The system shall allow fast speed in embedding a watermark and sending it to the intended recipient.'
2044,NSR,'The interface will require no platform-specific dependencies outside of the documented prerequisites.'
1352,NSR,'The software must automatically recover from non-critical errors without requiring manual intervention.'
1323,SR,'The agent will detect polymorphic and obfuscated ransomware variants to ensure confidentiality and integrity of sensitive data.'
1177,SR,'The system must monitor TCP/IP network traffic to detect security anomalies to ensure compliance with security best practices.'
856,NSR,'The application shall achieve a throughput of at least 1000 samples per hour in production.'
1046,SR,'The component shall test for broken authentication and session management vulnerabilities.'
59,SR,'The system shall allow a user to manage their own password. '
689,NSR,'The platform will support multi-tenancy so multiple organizations can use the system independently.'
686,NSR,'The dashboard should implement transaction rollbacks to maintain data consistency during failures.'
778,NSR,'The dashboard will support concurrent analysis of up to 10 simultaneous requests without degradation.'
1387,NSR,'The interface must integrate with third-party CI/CD platforms via RESTful API.'
2414,NSR,'The dashboard will process submitted files within 200 seconds under normal load conditions.'
1572,SR,'The component shall use asymmetric encryption (RSA-2048) for secure key exchange to ensure confidentiality and integrity of sensitive data.'
8,SR,'The system shall be able to check netstat and recent network connections to see if rogue node is a victim of pivoting and if so trace the attacking machine. '
654,SR,'The platform shall use HMAC-bcrypt to authenticate API requests and prevent replay attacks to ensure compliance with security best practices.'
819,NSR,'The system shall scale horizontally to handle increased tasks volume without reconfiguration.'
89,SR,'The system shall  be able to filter incoming traffic if it is from a proxy server. '
2163,SR,'The service must prevent unauthorized access to sensitive transaction through access controls to mitigate the risk of data breaches.'
21,SR,'The system shall allow users to have their own user specific key that is generated by the machine and has been added to the list of keys for the MAC generation process  '
2499,SR,'The application must detect and block connections to known malicious IP addresses and domains using industry-standard cryptographic techniques.'
1284,NSR,'The tool shall use version control best practices including branching strategies and commit conventions.'
2258,SR,'The tool shall detect unauthorized modifications to critical system files.'
1018,SR,'The software must sign API responses to ensure integrity during transmission to prevent exploitation by malicious actors.'
1419,SR,'The agent should monitor file system changes to detect ransomware encryption activity in accordance with the security policy.'
2096,SR,'The service must log all network security events with timestamps for forensic analysis to protect against unauthorized access.'
1427,NSR,'The system should maintain a structured database of known vulnerability signatures and indicators.'
1007,NSR,'The interface will generate detailed reports of monitoring results in JSON format.'
1190,SR,'The platform shall enforce multi-factor authentication (MFA) before granting access to protected resources to ensure confidentiality and integrity of sensitive data.'
632,NSR,'The dashboard will provide a searchable database of historical detection results.'
1514,NSR,'The system must use version control best practices including branching strategies and commit conventions.'
1083,NSR,'The portal should provide a searchable database of historical vulnerability assessment results.'
1136,NSR,'The interface shall perform automated health checks every 500 seconds and alert on anomalies.'
1498,NSR,'The application should support redundant database configurations to prevent data loss.'
4,SR,"'The system shall apply a number of methods, such as regular maintenance, to facilitate reliability assurance of the system, '"
1267,NSR,'The application shall achieve an uptime of at least 90% measured over a rolling 90-day period.'
431,NSR,"'""The OPEN shall use the implicit selection registration of each Application for controlling the following runtime behavioral requirements:   Identifying the Application which is implicitly selectable on the Basic Logical Channel of the current card I/O interface during the card reset or activation sequence,   Identifying the Application which is implicitly selectable when opening on the current card I/O interface a new Supplementary Logical Channel from the Basic Logical Channel.""'"
1442,NSR,'The tool must allow multiple users to collaborate on malware analysis within a shared workspace.'
1387,SR,"'The service should classify identified vulnerabilities by severity level (critical, high, medium, low) to prevent exploitation by malicious actors.'"
1054,SR,'The framework shall store user passwords using bcrypt hashing with unique salts to ensure compliance with security best practices.'
680,SR,'The application should verify digital signatures before processing received data to prevent exploitation by malicious actors.'
984,NSR,'The system must support import of threat intelligence feeds in HTML format.'
1437,SR,'The application will obtain and record user consent before collecting session to ensure confidentiality and integrity of sensitive data.'
261,SR,'The CPN shall support secure remote access control  based on NGN network functions.'
688,NSR,'The interface must have a clean and intuitive interface that requires minimal training to operate.'
1687,NSR,'The application must support import of threat intelligence feeds in Excel (XLSX) format.'
1179,NSR,'The software must allow administrators to configure detection thresholds without modifying source code.'
738,SR,'The software shall require users to change default passwords upon first login in accordance with the security policy.'
1201,SR,'The system will extract and verify digital watermarks from submitted video files using industry-standard cryptographic techniques.'
999,SR,'The component should limit login attempts to 5 consecutive failures before locking the account to ensure compliance with security best practices.'
1111,SR,'The module shall implement certificate pinning to prevent format string attacks to mitigate the risk of data breaches.'
89,NSR,'The system shall be user friendly to administrators. '
915,SR,'The component will detect anomalous network traffic patterns indicative of adware activity in accordance with the security policy.'
3112,SR,'The application must validate user credentials against a hashed credential store before allowing access.'
3052,SR,"'The system will classify identified vulnerabilities by severity level (critical, high, medium, low) as part of the defence-in-depth security strategy.'"
90,NSR,'The system shall be reliably used on any device that meets the hardware and software requirements defined. '
1385,SR,'The platform shall verify server certificates before establishing IPSec connections in order to maintain system integrity.'
1041,SR,'The system shall block network communication from hosts identified as compromised using industry-standard cryptographic techniques.'
1225,NSR,'The system must generate analysis reports in under 60 seconds for typical requests.'
99,NSR,'The system shall be expected to be responsive enough to show no perceived lag during file loading and information entry. '
1199,NSR,'The application should be packaged as a desktop installer for simple installation on supported platforms.'
62,NSR,'The system shall accommodate high traffic and be able to maximize its performance without glitches since the system will be used by the nation as a whole hence the users shall be many and using it concurrently.  '
53,SR,"'The system shall allow an author who desires to protect his/her work from unauthorized use, to upload an image to embed the invisible digital watermark whenever  submitting a piece of art.  '"
1087,NSR,'The software must generate analysis reports in under 100 seconds for typical samples.'
879,SR,'The component shall enforce the principle of least privilege across all user roles to protect against unauthorized access.'
37,SR,'The system should be able to match RFID card/tag id with the users face/person id to make for access to be granted '
1180,SR,'The module should apply a visible digital watermark to images upon author submission in order to maintain system integrity.'
1170,SR,'The application must enforce OTP-based authentication before granting access to protected resources to protect against unauthorized access.'
816,NSR,'The platform must generate automated summary emails of daily detection activities.'
899,SR,'The agent will perform static analysis to identify potential SQL Injection vulnerabilities using industry-standard cryptographic techniques.'
20,SR,'The system shall ensure that the login password is stored in encrypted format. '
1010,NSR,'The tool shall respond to user interface interactions within 5 milliseconds.'
863,SR,'The tool must log all network security events with timestamps for forensic analysis.'
821,NSR,'The system will support bulk submission of queries for batch authentication processing.'
1484,NSR,'The system will include rollback capabilities to revert to a previous stable version if needed.'
1595,NSR,'The tool shall perform automated health checks every 1 seconds and alert on anomalies.'
1664,SR,'The service will detect polymorphic and obfuscated rootkits variants in accordance with the security policy.'
1250,NSR,'The interface shall provide a user-friendly graphical user interface (GUI) for ease of use.'
854,NSR,'The software must handle network disconnections gracefully and queue operations for retry.'
40,NSR,'The system can be trusted for spam detection even after using it for a long time as the data that was used for training the classifier is so vast '
1805,NSR,'The dashboard must maintain backward compatibility with previous versions of the API.'
444,NSR,"'""In the card Life Cycle State CARD_LOCKED: - If the Application being selected has the Final Application privilege, this Application is re-selected and a warning is returned to the off-card entity, - If any other Application is being selected, the Application with the Final Application privilege remains selected and an error is returned to the off- card entity,""'"
2482,SR,'The service shall digitally sign all transaction to ensure authenticity and non-repudiation using industry-standard cryptographic techniques.'
1415,NSR,'The module must allow users to view the history of previously submitted queries.'
857,NSR,'The tool should provide an audit trail of all administrative actions performed in the system.'
654,SR,'The platform will protect private keys from unauthorized extraction or export to protect against unauthorized access.'
1065,NSR,'The application will log all system errors with sufficient context for post-incident analysis.'
1081,SR,'The service shall detect duplicate submissions of watermarked documents by different authors to prevent exploitation by malicious actors.'
898,NSR,'The service shall display real-time detection status updates without requiring page refresh.'
15,SR,'The system shall allow for operation at all times.  '
1280,NSR,'The application shall provide an audit trail of all administrative actions performed in the system.'
2490,NSR,'The tool will support concurrent analysis of up to 5 simultaneous requests without degradation.'
20,SR,'The system shall allow the user to be directed to the options page or back to the login page for retrial. '
268,NSR,'Multiple identities should be supported within the same subscription. Personal service profiles per each identity within the same subscription should be supported. A shared public identity on several terminals  with different private identities  shall be supported (shared IMPU).'
1171,NSR,'The tool must process submitted tasks within 60 seconds under normal load conditions.'
909,NSR,'The platform should provide keyboard shortcuts for frequently used operations.'
1307,NSR,'The tool will maintain a false positive rate below 80% during monitoring operations.'
2096,NSR,'The platform must present scan results in a clear and easy-to-understand format.'
3070,SR,'The module should implement account lockout mechanisms after repeated failed login attempts.'
895,SR,"'The agent will classify identified vulnerabilities by severity level (critical, high, medium, low) to ensure confidentiality and integrity of sensitive data.'"
1530,NSR,'The system will allow export of scan findings to PDF for integration with ticketing systems.'
1665,NSR,'The software shall maintain a structured database of known vulnerability signatures and indicators.'
621,NSR,'The service shall support plugin-based architecture to allow new detection modules to be added.'
1010,SR,'The service should validate user credentials against the LDAP directory before allowing access to mitigate the risk of data breaches.'
2149,NSR,'The software must scale horizontally to handle increased scans volume without reconfiguration.'
1662,SR,'The component shall require PIN-based authentication for all administrative operations in order to maintain system integrity.'
58,SR,'The system is web based and therefore guarantees maximum availability of data to the cloud data owners. '
1740,SR,'The tool should detect polymorphic and obfuscated malware variants to mitigate the risk of data breaches.'
880,SR,'The system should generate integrity reports for authentication stored in the system to protect against unauthorized access.'
2454,SR,'The component shall use HMAC-Argon2 to authenticate API requests and prevent replay attacks to prevent exploitation by malicious actors.'
1991,SR,'The platform will identify and report format string injection points in target applications as part of the defence-in-depth security strategy.'
698,SR,'The module must block network communication from hosts identified as compromised as part of the defence-in-depth security strategy.'
3044,NSR,'The tool will maintain a false positive rate below 95% during authentication operations.'
1367,SR,'The tool shall perform static analysis to identify potential XXE injection vulnerabilities to mitigate the risk of data breaches.'
1539,NSR,'The platform shall include rollback capabilities to revert to a previous stable version if needed.'
79,SR,'The system shall maintain audit logs '
8,SR,'The system shall be updated with patches and newer versions when required'
870,NSR,'The dashboard shall complete database queries in under 24 milliseconds for datasets of up to 100 records.'
35,SR,'The system shall be able to provide help in a short period of time. '
5,SR,'The Zimbabwe Anti-Corruption Commission then verifies the signature using the group public key so that it will be convinced that it actually came from the organisation without the knowledge of the actual signer'
2863,NSR,'The platform should allow authenticated users to upload samples for analysis.'
6,NSR,'The system shall allow the administrator to embed the invisible digital watermark whenever an author submits his /her piece of art '
1248,NSR,'The portal will present scan results in a clear and easy-to-understand format.'
1755,NSR,'The platform must display clear error messages that guide the user toward resolution.'
1436,SR,'The system shall encrypt all sensitive data using AES-128 encryption to ensure compliance with security best practices.'
1452,NSR,'The platform shall minimize latency in real-time monitoring mode to under 500 milliseconds.'
1124,NSR,'The service shall ensure the system can process tasks reliably across all supported Windows and Linux environments.'
2183,NSR,'The interface must implement graceful degradation so critical functions remain available during partial failures.'
81,SR,'The system shall allow users to download files when they want to use them upon answering correctly the randomly generated questions from their profiles. '
41,NSR,'The system interface supports efficiency of use '
1279,NSR,'The module shall integrate with third-party CI/CD platforms via webhooks.'
897,SR,'The application must log all network security events with timestamps for forensic analysis as part of the defence-in-depth security strategy.'
1275,NSR,'The interface will provide a searchable database of historical analysis results.'
2058,SR,'The module must identify and report XXE injection injection points in target applications in order to maintain system integrity.'
1176,SR,'The agent will block network communication from hosts identified as compromised in accordance with the security policy.'
1335,SR,'The service will allow for safe fail-secure behavior whenever a security fault is detected to ensure confidentiality and integrity of sensitive data.'
1148,NSR,'The service must operate efficiently on systems with as little as 8GB of available RAM.'
1440,SR,'The software should use AES-GCM with a 4096-bit key to protect stored user in order to maintain system integrity.'
1263,SR,'The tool will identify unauthorized network devices connected to the internal network to mitigate the risk of data breaches.'
766,SR,'The service will generate and rotate encryption keys every 24 hours to minimize key exposure to protect against unauthorized access.'
640,SR,'The system must detect port scanning activity originating from rogue nodes on the network to ensure compliance with security best practices.'
1945,NSR,'The system must complete database queries in under 60 milliseconds for datasets of up to 1000 records.'
203,NSR,'In case of managed services  QoS rules applied by CNG shall be configurable by a remote management system.'
1218,NSR,'The application must expose a well-documented RESTful API to enable third-party integrations.'
2422,SR,'The module shall anonymize personally identifiable information before transmission to mitigate the risk of data breaches.'
1627,NSR,'The portal should expose a well-documented RESTful API to enable third-party integrations.'
2050,NSR,'The tool shall provide keyboard shortcuts for frequently used operations.'
954,SR,'The tool should detect distributed denial-of-service (DDoS) attack patterns in traffic to mitigate the risk of data breaches.'
1308,NSR,"'The application will allow administrators to create, read, update, and delete user accounts.'"
830,SR,'The system should correlate network events against threat intelligence blacklists using industry-standard cryptographic techniques.'
1727,NSR,'The dashboard will provide administrators with a configurable dashboard for system management.'
844,SR,'The software shall generate behavioral reports for web applications executed in the sandbox in accordance with the security policy.'
1257,NSR,'The module should provide a notification system that alerts users when analysis is complete.'
811,NSR,'The software must support import of threat intelligence feeds in JSON format.'
2836,NSR,'The service will scale horizontally to handle increased tasks volume without reconfiguration.'
2585,NSR,'The system must log all system errors with sufficient context for post-incident analysis.'
2319,SR,'The platform will classify detected malware into known malware families.'
850,SR,'The component will verify the authenticity of documents by checking its embedded watermark as part of the defence-in-depth security strategy.'
1025,NSR,'The system shall generate detailed reports of authentication results in PDF format.'
1699,NSR,'The module shall provide a searchable database of historical authentication results.'
502,NSR,'The load acquirer needs to ensure that the issuer is the true owner of the card  and  in the case of an apparent failure of the load  the load acquirer needs the card presented to authenticate the failure'
471,NSR,'If a SELECT [by name] [first or only occurrence] or SELECT [by name] [next occurrence] is received and the data field of the command message is not present  the Issuer Security Domain shall become the currently selected Application and the SELECT command is dispatched to the Issuer Security Domain'
1524,SR,'The system should implement certificate pinning to prevent format string attacks to ensure confidentiality and integrity of sensitive data.'
1013,SR,'The module shall use AES-256 with a 4096-bit key to protect stored sensitive to mitigate the risk of data breaches.'
1109,NSR,'The module will achieve an uptime of at least 95% measured over a rolling monthly period.'
69,NSR,'The system shall register a new baby and its details linked to the mother. '
62,SR,"'The system shall be available at all times, meaning the user can access it using a device application which addresses the user concern for how dependable the system is during normal operating times. '"
7,SR,"'The system shall have independent classes for databases so they can be maintained, tested and system improvements can be done easily '"
344,NSR,"'""The runtime environment is responsible for Providing an interface to all Applications that ensures that the runtime environment security mechanisms cannot be bypassed, deactivated, corrupted or otherwise circumvented,""'"
813,SR,'The framework should detect anomalous network traffic patterns indicative of backdoors activity in accordance with the security policy.'
1354,NSR,'The platform shall function correctly on both 32-bit and 64-bit system architectures.'
1518,NSR,'The module will provide a searchable database of historical analysis results.'
1485,SR,'The application shall verify the authenticity of images by checking its embedded watermark in order to maintain system integrity.'
1084,NSR,'The service shall process submitted applications within 15 seconds under normal load conditions.'
1337,SR,'The platform shall enforce role-based access control to restrict user permissions to protect against unauthorized access.'
1,NSR,'The system shall have a friendly user interface for ease-of-use purposes and for a better user experience '
1529,NSR,'The module must include comprehensive inline code documentation and API documentation.'
1899,NSR,'The tool shall support automated unit and integration testing with a code coverage target of 0.1%.'
3043,NSR,"'The software must provide a changelog documenting all updates, bug fixes, and new features.'"
541,NSR,'If a scheme provider establishes a central error repository  all transactions for the scheme with MAC errors must be sent to that central error repository whether or not they are submitted to the dispute process'
1808,SR,'The software should restrict access to financial based on the user's clearance level to mitigate the risk of data breaches.'
419,NSR,'If the card is aware of logical channels but only supports the Basic Logical Channel  the OPEN shall respond with the appropriate error'
725,SR,'The framework must perform static analysis to identify potential path traversal vulnerabilities.'
12,NSR,'The system shall be able to perform well in the web environments. '
1506,NSR,'The platform should maintain backward compatibility with previous versions of the API.'
1644,SR,'The system must implement secure communication channels using WPA3 protocol.'
1470,SR,'The service should implement two-factor authentication (2FA) to prevent unauthorized access.'
619,NSR,'The system will support pagination for large result sets to maintain performance.'
1638,NSR,'The tool must support Portuguese language localization for international users.'
1252,SR,'The service must anonymize personally identifiable information before analysis to ensure compliance with security best practices.'
42,NSR,'The system shall be able to ensure the performance of the classifier is determined by the time taken to correctly classify emails and the time taken to classify'
44,SR,'The system must have a log on feature limiting individual uses to those functions they have a need to access according to their responsibilities. '
2588,SR,'The component should log all network security events with timestamps for forensic analysis to ensure confidentiality and integrity of sensitive data.'
2279,SR,'The platform shall notify administrators of critical security events via in-app notifications in accordance with the security policy.'
2582,NSR,'The service shall provide a disaster recovery plan with a recovery time objective of 1 hours.'
41,NSR,'The system should have a good interface easy to use and should have buttons with labels to assist users to accomplish their goal communicating confidential results in a secure manner.'
11,SR,'The system shall allow for a safe fail whenever there is a fault. '
922,NSR,'The interface shall allow export of analysis results to XML format for offline review.'
1533,NSR,'The interface shall include rollback capabilities to revert to a previous stable version if needed.'
1404,SR,'The module must generate integrity reports for configuration stored in the system to mitigate the risk of data breaches.'
110,SR,'The CNG shall implement an authentication failure handling policy.'
2598,SR,"'The service shall classify identified vulnerabilities by severity level (critical, high, medium, low) to prevent exploitation by malicious actors.'"
1447,NSR,'The dashboard shall implement graceful degradation so critical functions remain available during partial failures.'
970,SR,'The component shall alert administrators when trojans activity is detected in real time using industry-standard cryptographic techniques.'
1431,NSR,'The software shall process submitted applications within 5 seconds under normal load conditions.'
1353,NSR,'The interface must function correctly on both 32-bit and 64-bit system architectures.'
1332,SR,'The module shall perform regular automated vulnerability scans against the deployed application as part of the defence-in-depth security strategy.'
2275,SR,'The framework should mask sensitive session fields in logs and reports to protect against unauthorized access.'
800,SR,'The agent will invalidate session tokens upon logout to prevent session hijacking.'
1495,SR,'The service should require users to change default passwords upon first login in accordance with the security policy.'
1348,SR,"'The platform will enforce password complexity requirements including uppercase, lowercase, numbers, and special characters to ensure confidentiality and integrity of sensitive data.'"
1147,SR,'The tool must detect anomalous network traffic patterns indicative of malware activity.'
1355,SR,'The software must verify the integrity of configuration using cryptographic checksums to ensure compliance with security best practices.'
1845,SR,'The service shall use HMAC-scrypt to authenticate API requests and prevent replay attacks.'
2036,SR,'The service must limit login attempts to 3 consecutive consecutive failures before locking the account in accordance with the security policy.'
2485,SR,'The system shall automatically log out inactive sessions after 10 minutes of inactivity to prevent exploitation by malicious actors.'
688,NSR,'The portal must implement dependency injection to improve testability of individual components.'
127,NSR,'The CNG shall support mechanisms to authenticate itself to the NGN for connectivity purposes.'
661,SR,'The application will prevent downgrade attacks by enforcing minimum WPA3 version requirements as part of the defence-in-depth security strategy.'
1290,SR,'The service must monitor system calls to detect malware activity at runtime to protect against unauthorized access.'
2369,NSR,'The interface must run on any system that has Python version 6.0 or later installed.'
1558,SR,'The module will identify and classify ransomware samples based on behavioral signatures to ensure confidentiality and integrity of sensitive data.'
87,NSR,'The system shall be able to be operated on various platforms. '
406,NSR,'The CARD_LOCKED state shall has the ability to disable the selected security domain and application'
1064,NSR,'The platform will process submitted scans within 15 seconds under normal load conditions.'
2171,SR,'The framework will monitor DNS queries to detect data exfiltration and domain generation algorithms.'
386,NSR,'When present during the loading of a Load File to the card  each signature shall be verified by the appropriate Security Domain.'
1909,NSR,'The system will operate efficiently on systems with as little as 2GB of available RAM.'
827,SR,'The application will identify and classify adware samples based on behavioral signatures as part of the defence-in-depth security strategy.'
938,NSR,'The platform must present a summary dashboard showing key system health metrics at a glance.'
38,SR,'The system shall be detecting intrusions specific to a designated area of protection '
2429,SR,'The module shall embed an invisible digital watermark into documents to protect ownership to ensure compliance with security best practices.'
57,SR,'The system shall be safeguarded against deliberate and intrusive faults from internal and external sources as it has proper controls such as user input validations and anti-software tempering '
20,NSR,'The system should be easy to use by users.  Online help facilities should be available to help user to perform their online activities '
1444,NSR,'The service should allow export of scan findings to HTML for integration with ticketing systems.'
103,SR,'The system shall be able to adapt as new URLs and websites are added to those filtered as they emerge. '
2377,SR,'The service will implement PIN-based authentication to prevent unauthorized access to ensure confidentiality and integrity of sensitive data.'
2943,SR,'The application shall allow for safe fail-secure behavior whenever a security fault is detected using industry-standard cryptographic techniques.'
1927,NSR,'The dashboard will support virtualized environments including VMware and Hyper-V.'
2672,SR,'The agent will analyze Windows executables behavior in an isolated sandbox environment to prevent exploitation by malicious actors.'
1657,NSR,'The system will be accessible to users with disabilities by adhering to WCAG 2.1 guidelines.'
1638,SR,'The application shall use AES-GCM with a 256-bit key to protect stored financial to prevent exploitation by malicious actors.'
1601,NSR,'The service must provide a user-friendly graphical user interface (GUI) for ease of use.'
1151,NSR,'The software will handle network disconnections gracefully and queue operations for retry.'
1151,NSR,'The dashboard will achieve a detection accuracy of at least 0.1% on requests.'
2028,NSR,'The system should use less than 1024MB of RAM during standard operation.'
58,NSR,'The system can perform well in the web environments and also with huge files. '
1675,SR,'The system should detect anomalous network traffic patterns indicative of ransomware activity to ensure confidentiality and integrity of sensitive data.'
1014,NSR,'The service shall allow multiple users to collaborate on authentication within a shared workspace.'
1123,NSR,'The interface will support virtualized environments including VMware and Hyper-V.'
2109,SR,'The system will detect SSL/TLS misconfigurations and expired certificates in target systems as part of the defence-in-depth security strategy.'
1220,NSR,'The portal should allow users to register an account by providing their email and organization details.'
93,SR,'The system shall  provide Two Factor Authentication. '
31,NSR,'The system should be able to pre-process the unstructured data into meaningful information match with existing keywords in database '
1510,SR,'The platform shall monitor DNS queries to detect data exfiltration and domain generation algorithms.'
1944,NSR,'The dashboard shall be transferable between environments through a standard configuration export/import mechanism.'
1202,NSR,'The service shall allow export of scan findings to XML for integration with ticketing systems.'
382,NSR,"'""It is the responsibility of the Card Issuer or the Controlling Authority to set up the appropriate off-card procedures to comply with the governmental restrictions upon cryptography. Features to disable or restrict cryptography usage by Applications on a card are beyond the scope of this Specification.""'"
1409,NSR,'The module will achieve an uptime of at least 80% measured over a rolling annual period.'
1243,NSR,'The system must provide a notification system that alerts users when malware analysis is complete.'
629,SR,'The service must validate input sanitization to prevent XXE injection injection attacks.'
727,NSR,'The application will allow multiple users to collaborate on vulnerability assessment within a shared workspace.'
1637,SR,'The platform will identify unauthorized network devices connected to the internal network to mitigate the risk of data breaches.'
867,NSR,'The service must support plugin-based architecture to allow new detection modules to be added.'
54,SR,'The system shall automatically acquire a forensic image of the compromised VM main memory upon detection of a severe intrusion. '
959,SR,'The component will detect cryptojacking activity by monitoring CPU usage and network connections using industry-standard cryptographic techniques.'
1922,SR,'The tool will embed an invisible digital watermark into images to protect ownership as part of the defence-in-depth security strategy.'
26,NSR,"'The system must provide services that are user friendly, reliable and flexible  '"
730,SR,'The service should detect port scanning activity originating from rogue nodes on the network.'
1494,NSR,'The software must provide a searchable database of historical malware analysis results.'
1953,NSR,'The portal will support installation via apt package manager.'
1485,SR,'The application should securely store encryption keys in a dedicated key management system to ensure compliance with security best practices.'
1659,NSR,'The platform should present a summary dashboard showing key detection metrics at a glance.'
1600,NSR,'The application must send a confirmation email to newly registered users with an activation link.'
21,SR,'The system shall provide availability of the audit report to users '
1068,SR,'The platform shall perform static analysis to identify potential broken authentication vulnerabilities to prevent exploitation by malicious actors.'
1878,NSR,'The application shall complete database queries in under 60 milliseconds for datasets of up to 500 records.'
856,NSR,'The system must generate analysis reports in under 100 seconds for typical files.'
1656,NSR,'The interface will allow administrators to generate activity reports filtered by user.'
947,SR,'The system shall monitor DNS queries to detect data exfiltration and domain generation algorithms to protect against unauthorized access.'
1886,NSR,'The system must be implemented using a modular architecture to facilitate independent component updates.'
1313,NSR,'The interface must backup critical vulnerability data every 90-day to a secure offsite location.'
984,SR,'The application should verify the integrity of transaction using cryptographic checksums to ensure compliance with security best practices.'
1502,NSR,'The system will present a summary dashboard showing key system health metrics at a glance.'
847,NSR,'The dashboard should maintain a false positive rate below 80% during detection operations.'
1232,SR,'The software shall require users to change default passwords upon first login as part of the defence-in-depth security strategy.'
1610,NSR,'The module must allow users to annotate and comment on vulnerability assessment findings for team collaboration.'
1591,SR,'The agent shall use TLS 1.2 or higher for all network communications to ensure compliance with security best practices.'
1366,NSR,'The tool shall support import of threat intelligence feeds in XML format.'
1271,NSR,'The application shall minimize latency in real-time monitoring mode to under 500 milliseconds.'
1490,NSR,'The system should support pagination for large result sets to maintain performance.'
2413,NSR,'The system must offer a dark mode option in addition to the default light theme.'
1660,SR,'The system will perform static analysis to identify potential SSRF vulnerabilities.'
1948,SR,'The service will encrypt all sensitive data using ChaCha20-Poly1305 encryption to prevent exploitation by malicious actors.'
966,NSR,'The portal should generate detailed reports of analysis results in Excel (XLSX) format.'
1546,NSR,'The platform will process submitted requests within 500 seconds under normal load conditions.'
1292,SR,'The agent must use HMAC-PBKDF2 to authenticate API requests and prevent replay attacks to mitigate the risk of data breaches.'
389,NSR,'A GlobalPlatform card may provide security services related to information exchanged between the card and an offcard entity.'
1617,SR,'The module must perform regular automated vulnerability scans against the deployed application to ensure confidentiality and integrity of sensitive data.'
101,NSR,'The system shall process files to be moved over to the other end of a communication channel that is from one machine to the other. '
2472,NSR,'The tool shall support drag-and-drop file submission for ease of use.'
1654,SR,'The service should securely store encryption keys in a dedicated key management system to ensure compliance with security best practices.'
1618,SR,'The tool will identify command-and-control (C2) communication patterns in network traffic to ensure confidentiality and integrity of sensitive data.'
1784,NSR,'The portal shall provide a RESTful API that allows external systems to trigger and retrieve reporting results.'
1135,NSR,"'The dashboard shall allow administrators to create, read, update, and delete user accounts.'"
38,NSR,"'The system shall ensure that in the event there are new attributes are encountered, based upon the information it already has, a prediction will be made on the data.  '"
1402,SR,'The system must detect distributed denial-of-service (DDoS) attack patterns in traffic.'
1855,SR,'The software must use AES-256 with a 256-bit key to protect stored personal in order to maintain system integrity.'
2723,NSR,'The tool will allow administrators to generate activity reports filtered by severity level.'
1372,SR,'The system will verify the integrity of transaction using cryptographic checksums to mitigate the risk of data breaches.'
1686,SR,'The application must use asymmetric encryption (Ed25519) for secure key exchange to ensure compliance with security best practices.'
95,NSR,'The system shall provide visualisation in the form of graphs. '
1334,SR,'The application will monitor file system changes to detect ransomware encryption activity in order to maintain system integrity.'
933,NSR,'The module shall provide a responsive design compatible with both desktop and mobile browsers.'
846,SR,'The application will provide secure password reset functionality using verified email or OTP to protect against unauthorized access.'
654,NSR,'The interface should support concurrent analysis of up to 1000000 simultaneous applications without degradation.'
580,NSR,'A CEP card may contain currencies that the load acquirer does not support. As a result  load devices must use the alphabetic issuer-supplied currency code and currency exponent from the CEP slot(s) to display the source amounts for the currency conversion transaction'
1457,NSR,'The module will provide fail-safe behavior that prevents data loss in the event of an unexpected shutdown.'
1431,SR,'The system will allow for safe fail-secure behavior whenever a security fault is detected in order to maintain system integrity.'
12,NSR,'The system shall be easily transferred to another environment with install ability. '
1415,NSR,'The tool must include rollback capabilities to revert to a previous stable version if needed.'
1841,SR,'The component must block network communication from hosts identified as compromised to mitigate the risk of data breaches.'
743,NSR,'The module must separate configuration from code to allow environment-specific deployments.'
1491,NSR,'The platform must provide a RESTful API that allows external systems to trigger and retrieve malware analysis results.'
1212,SR,'The application should detect polymorphic and obfuscated trojans variants to mitigate the risk of data breaches.'
1451,SR,'The software should verify server certificates before establishing SSH connections to prevent exploitation by malicious actors.'
1301,SR,'The service must enforce password complexity requirements including a minimum of 8 characters including alphanumeric and special characters to ensure confidentiality and integrity of sensitive data.'
2010,NSR,'The module should automatically recover from non-critical errors without requiring manual intervention.'
76,SR,'The system shall allow secure storage of client information. '
1615,SR,'The software must sign API responses to ensure integrity during transmission.'
1424,SR,'The software must analyze Windows executables behavior in an isolated sandbox environment in order to maintain system integrity.'
633,SR,'The tool shall perform regular automated vulnerability scans against the deployed application.'
858,NSR,'The interface should generate analysis reports in under 100 seconds for typical files.'
1430,NSR,'The service must be containerized using Docker for consistent deployment across environments.'
1336,SR,'The agent will perform regular automated vulnerability scans against the deployed application to ensure compliance with security best practices.'
72,SR,'The system ensures that the user is properly authenticated for every system access. '
41,NSR,'The system shall allow uploading or viewing messages '
800,SR,'The module will detect unauthorized modifications to critical system files to ensure confidentiality and integrity of sensitive data.'
86,NSR,'The system shall provide functionality with ease-of-use '
625,SR,'The platform should enforce PIN-based authentication before granting access to protected resources to prevent exploitation by malicious actors.'
1693,SR,'The module will store user passwords using SHA-3 hashing with unique salts as part of the defence-in-depth security strategy.'
2656,NSR,'The platform will allow export of scan findings to Excel (XLSX) for integration with ticketing systems.'
626,NSR,'The platform must expose a well-documented RESTful API to enable third-party integrations.'
1068,NSR,'The application should present scan results in a clear and easy-to-understand format.'
1607,NSR,'The interface will achieve a detection accuracy of at least 95% on files.'
1052,SR,'The component will use asymmetric encryption (RSA-4096) for secure key exchange to protect against unauthorized access.'
174,NSR,"'An IPTV media flow shall be terminated by a STB or by a specific device called ""media gateway"" (or ""application gateway""). The CNG shall not terminate any IPTV flow by itself.'"
2312,NSR,'The portal must validate input data before processing to prevent crashes from malformed input.'
1291,NSR,'The interface should support bulk submission of files for batch vulnerability assessment processing.'
1391,SR,'The service shall enforce HTTPS for all data transmission between client and server in order to maintain system integrity.'
1355,NSR,'The application should follow clean code principles and established design patterns for maintainability.'
2205,NSR,'The tool shall process submitted tasks within 5 seconds under normal load conditions.'
893,SR,'The application shall use HMAC-SHA-3 to authenticate API requests and prevent replay attacks in order to maintain system integrity.'
1343,NSR,'The portal must support plugin-based architecture to allow new detection modules to be added.'
68,NSR,'The system shall be able to accept data from previous projects for the learning process. '
1427,NSR,'The service must ensure the system can process tasks reliably across all supported Windows and Linux environments.'
1292,SR,'The application will detect duplicate submissions of watermarked documents by different authors as part of the defence-in-depth security strategy.'
890,SR,'The system should store user passwords using SHA-3 hashing with unique salts to prevent exploitation by malicious actors.'
919,NSR,'The software must implement graceful degradation so critical functions remain available during partial failures.'
978,NSR,'The interface must generate analysis reports in under 5 seconds for typical scans.'
93,NSR,'The system shall meet all workload with a fast response time while maintaining security. '
1610,NSR,'The portal must adhere to SOLID design principles to minimize coupling between components.'
1175,SR,'The software should scan submitted code for format string security flaws as part of the defence-in-depth security strategy.'
2048,SR,'The component shall enforce two-factor authentication (2FA) before granting access to protected resources using industry-standard cryptographic techniques.'
1657,NSR,'The tool will display real-time scanning status updates without requiring page refresh.'
2571,SR,'The system must capture and analyze TLS packets for signs of malicious activity using industry-standard cryptographic techniques.'
756,NSR,'The portal shall use less than 4MB of RAM during standard operation.'
1848,NSR,'The service should ensure the system can process samples reliably across all supported cloud and on-premises environments.'
1785,NSR,'The service must use less than 4MB of RAM during standard operation.'
770,SR,'The application should detect XXE injection vulnerabilities in submitted web applications in order to maintain system integrity.'
927,NSR,'The platform shall provide a user-friendly graphical user interface (GUI) for ease of use.'
790,NSR,'The dashboard must be packaged as a web application for simple installation on supported platforms.'
1929,SR,'The platform must use HMAC-PBKDF2 to authenticate API requests and prevent replay attacks.'
1479,SR,'The module must store user passwords using SHA-3 hashing with unique salts in order to maintain system integrity.'
1246,NSR,'The application should maintain a structured database of known vulnerability signatures and indicators.'
631,SR,'The module shall store user passwords using SHA-3 hashing with unique salts.'
1718,NSR,'The service will respond to user interface interactions within 3 milliseconds.'
91,NSR,"'The system shall  allow the time to react to tolerating the exchange to happen or dismissing it, hindering the card and cautioning the head to be brief so as to advance an easy to understand framework. '"
1079,NSR,'The platform must support Spanish language localization for international users.'
1114,SR,'The module will identify unauthorized network devices connected to the internal network to ensure compliance with security best practices.'
872,SR,'The component shall monitor file system changes to detect ransomware encryption activity using industry-standard cryptographic techniques.'
976,SR,'The application shall detect and block connections to known malicious IP addresses and domains to ensure compliance with security best practices.'
27,SR,'The system shall provide Bluetooth authentication so that users do not need to disable laptop authentication as they have to frequently unlock the laptop during office working hours.'
36,NSR,'The system shall be able to update eligible vehicles from different driving schools which are permitted to conduct Road Test '
2009,NSR,'The software will allow export of scan findings to XML for integration with ticketing systems.'
60,NSR,'The PlutoMail will have scalable speed to meet the response time and performance targets.  '
40,NSR,'The system shall compute probabilities of an incoming email and classify it as spam or ham through machine learning '
1498,NSR,'The software must be packaged as a standalone executable for simple installation on supported platforms.'
1793,SR,'The system must store user passwords using SHA-256 hashing with unique salts.'
1345,SR,'The software will monitor file system changes to detect ransomware encryption activity as part of the defence-in-depth security strategy.'
1323,SR,'The component must anonymize personally identifiable information before transmission to ensure confidentiality and integrity of sensitive data.'
460,NSR,"'""The OPEN shall search the GlobalPlatform Registry for the Application that supports the current card interface and that is marked as implicitly selectable on the new Supplementary Logical Channel (or failing that, on the Basic Logical Channel) and: - If this is an Application in the Life Cycle State LOCKED, the Application with the Final Application privilege shall become the selected Application on the Supplementary Logical Channel, - If this Application cannot be selected due to a multi-selection restriction, the new logical channel shall not be opened and the OPEN shall return the appropriate error, - Otherwise, the Supplementary Logical Channel is opened and this Application shall become the selected Application on the Supplementary Logical Channel.""'"
10,SR,'The system shall be able to filter harmful websites against URLs of known harmful websites. Access to known harmful websites shall not be permitted.'
1054,NSR,'The dashboard will support bulk submission of requests for batch malware analysis processing.'
1126,SR,'The module must alert on connections to known cryptocurrency mining pool endpoints in order to maintain system integrity.'
810,SR,'The tool must detect polymorphic and obfuscated worms variants in order to maintain system integrity.'
6,NSR,'The system shall allow an author who desires to protect his/her work from unauthorized use to upload an image with his/her visible digital watermark along with the registration number '
1103,NSR,'The portal shall complete database queries in under 10 milliseconds for datasets of up to 100 records.'
1163,NSR,'The dashboard must follow clean code principles and established design patterns for maintainability.'
1143,SR,'The module will support automatic updates to malware signature databases to prevent exploitation by malicious actors.'
490,NSR,'Each Executable Load File or Executable Module is associated with an AID that shall be unique on the card.'
1568,SR,'The tool will mask sensitive configuration fields in logs and reports to protect against unauthorized access.'
53,NSR,'The system Digital watermarking platform creates an environment for embedding and extracting the watermark from an image.  '
1722,NSR,'The module shall support virtualized environments including VMware and Hyper-V.'
1448,SR,'The platform should analyze web applications behavior in an isolated sandbox environment to protect against unauthorized access.'
69,NSR,"'The dispatching mechanism will employ sms, blog chats and email'"
1441,SR,'The software should encrypt data at rest using ChaCha20-Poly1305 to protect against unauthorized access to prevent exploitation by malicious actors.'
1814,SR,'The platform must test for broken authentication and session management vulnerabilities in accordance with the security policy.'
1858,SR,'The tool should prevent downgrade attacks by enforcing minimum SSH version requirements to mitigate the risk of data breaches.'
750,NSR,'The application must generate analysis reports in under 2 seconds for typical files.'
634,SR,'The software will automatically generate detailed reports of detected XSS (Cross-Site Scripting) vulnerabilities.'
1088,SR,'The component should test for broken authentication and session management vulnerabilities to ensure compliance with security best practices.'
1147,SR,'The application will identify command-and-control (C2) communication patterns in network traffic in order to maintain system integrity.'
1042,NSR,'The software must consume no more than 85% of available CPU resources during idle monitoring.'
1673,SR,'The platform should securely store encryption keys in a dedicated key management system in accordance with the security policy.'
1257,SR,'The framework must detect the presence of malware in submitted mobile apps to protect against unauthorized access.'
2804,NSR,'The dashboard should allow users to annotate and comment on reporting findings for team collaboration.'
1599,SR,"'The framework shall enforce password complexity requirements including numbers, symbols, and mixed case letters to ensure compliance with security best practices.'"
1893,SR,'The software must identify and classify rootkits samples based on behavioral signatures to ensure compliance with security best practices.'
1362,SR,'The agent must support automatic updates to malware signature databases to prevent exploitation by malicious actors.'
1060,SR,'The platform will notify administrators of critical security events via email to prevent exploitation by malicious actors.'
83,NSR,'The system shall distribute keys for the RSA digital signature. '
1432,SR,'The software must implement secure communication channels using TLS protocol to mitigate the risk of data breaches.'
67,NSR,'The system shall be able to save user profile of each user. '
1399,NSR,'The dashboard should support automated unit and integration testing with a code coverage target of 99%.'
739,SR,'The service will analyze HTTP requests and responses to detect sensitive data exposure attack patterns using industry-standard cryptographic techniques.'
1322,NSR,'The module should maintain performance under peak load conditions of 5 simultaneous users.'
1573,NSR,'The platform should provide a centralized logging framework for debugging and system monitoring.'
840,NSR,'The platform will complete database queries in under 1 milliseconds for datasets of up to 5 records.'
85,NSR,'The system shall also allow multiple clients to login and book different appointments and allocate different time for each user '
7,NSR,'The system shall utilize a centralized database '
2444,NSR,'The software will support French language localization for international users.'
1586,NSR,'The tool must provide a notification system that alerts users when detection is complete.'
1610,SR,'The service should analyze HTTP requests and responses to detect LDAP injection attack patterns in order to maintain system integrity.'
1566,NSR,'The service will allow users to annotate and comment on malware analysis findings for team collaboration.'
1049,NSR,'The interface shall achieve a detection accuracy of at least 1% on applications.'
33,SR,"'The system must be supported by the following characteristics, testability, adaptability, extensibility, serviceability and localizability. '"
964,SR,'The component will monitor DNS queries to detect data exfiltration and domain generation algorithms to mitigate the risk of data breaches.'
1808,SR,'The system shall require users to change default passwords upon first login as part of the defence-in-depth security strategy.'
94,NSR,'The systems digital watermark agency shall control the remote network as an administrator and that is where the agents are stored. '
1620,SR,'The application shall enforce OAuth 2.0 before granting access to protected resources to protect against unauthorized access.'
48,SR,'The system will have a very low False Negative Rate which means it be able to detect an actual vulnerability when it exists. '
1308,NSR,'The interface must test failover mechanisms periodically to ensure they operate as expected.'
920,SR,'The application should anonymize personally identifiable information before transmission in accordance with the security policy.'
702,SR,'The framework shall enforce data retention policies by automatically purging sensitive records after 24 hours to mitigate the risk of data breaches.'
3,NSR,'The System shall be a simple to use and attractive website with a clear presentation of elements. '
999,SR,'The tool will identify and classify rootkits samples based on behavioral signatures in accordance with the security policy.'
2668,SR,'The software will use asymmetric encryption (RSA-2048) for secure key exchange to mitigate the risk of data breaches.'
1183,NSR,'The interface will process submitted scans within 100 seconds under normal load conditions.'
405,SR,'The off-card entity under the SECURE state shall be used to ensure the availability of all keys by the issuer security domain'
334,NSR,'The Card Issuer is responsible for Cryptographically authorizing load  install  and extradition to be performed by Application Providers.'
744,NSR,'The platform shall display clear error messages that guide the user toward resolution.'
204,SR,'In case of unmanaged services  user shall be able to access a QoS configuration function implemented in the CNG.'
1089,NSR,'The portal shall generate structured logs in CEF (Common Event Format) format for consumption by log aggregators.'
2026,NSR,'The service should send a confirmation email to newly registered users with an activation link.'
1682,NSR,'The module must provide a RESTful API that allows external systems to trigger and retrieve scanning results.'
3100,SR,'The service must perform static analysis to identify potential buffer overflow vulnerabilities to ensure compliance with security best practices.'
961,NSR,'The interface will be transferable between environments through a standard configuration export/import mechanism.'
1222,SR,'The application should verify server certificates before establishing IPSec connections to protect against unauthorized access.'
1061,SR,'The system shall identify and classify adware samples based on behavioral signatures to ensure confidentiality and integrity of sensitive data.'
22,NSR,'The system shall allow a user to create and load an image '
1456,SR,'The agent must verify the integrity of configuration using cryptographic checksums.'
61,NSR,'The system shall be user sociable and make it easy for the users to navigate through the web materials. '
1441,SR,'The tool must prevent unauthorized access to sensitive personal through access controls.'
937,SR,'The component will provide a chain of custody record for all sensitive processed by the system to protect against unauthorized access.'
1664,NSR,"'The interface must be compatible with major cloud platforms including AWS, Azure, and Google Cloud.'"
1541,SR,'The tool should authenticate users using PIN-based authentication in order to maintain system integrity.'
4,NSR,"'The system shall be easily transferred to and installed on another platform, '"
302,SR,'The CNG shall support mechanisms for secure authentication and communication with the remote management system.'
1238,SR,'The framework will monitor DNS queries to detect data exfiltration and domain generation algorithms in accordance with the security policy.'
35,NSR,'The system should have the ability to send informative alert to the EMS providers and the next of kin. '
1636,SR,'The service should invalidate session tokens upon logout to prevent session hijacking in accordance with the security policy.'
1300,SR,'The platform shall provide a chain of custody record for all session processed by the system using industry-standard cryptographic techniques.'
476,NSR,"'""If a full or partial match is found and this Application cannot be selected due to a multi-selection restriction or because the Application refuses selection (e.g. because it does not support the current card interface), continue searching through the GlobalPlatform Registry for a subsequent full or partial match. If no subsequent full or partial match is found, the OPEN shall return the appropriate error to the off-card entity,""'"
656,SR,'The module must protect private keys from unauthorized extraction or export to protect against unauthorized access.'
1131,SR,'The service shall require hardware token authentication for all administrative operations to prevent exploitation by malicious actors.'
2220,NSR,'The application should maintain a false positive rate below 95% during detection operations.'
856,SR,"'The software must classify identified vulnerabilities by severity level (critical, high, medium, low) to mitigate the risk of data breaches.'"
1093,NSR,'The application will minimize latency in real-time monitoring mode to under 3 milliseconds.'
1076,SR,'The framework should monitor DNS network traffic to detect security anomalies.'
2085,NSR,'The platform should include rollback capabilities to revert to a previous stable version if needed.'
1108,NSR,'The tool shall operate efficiently on systems with as little as 8GB of available RAM.'
1038,SR,'The agent should provide secure password reset functionality using verified email or OTP.'
711,SR,'The software will extract and analyze keyloggers indicators of compromise from samples to ensure compliance with security best practices.'
1228,NSR,'The system should allow users to filter and search through scan records efficiently.'
1289,NSR,'The service must provide a cross-platform command-line interface in addition to the GUI.'
769,NSR,'The tool must have a clean and intuitive interface that requires minimal training to operate.'
1204,SR,"'The component shall classify identified vulnerabilities by severity level (critical, high, medium, low) to mitigate the risk of data breaches.'"
1387,NSR,'The software shall support database schema migrations to allow incremental system upgrades.'
1303,SR,'The agent must verify the authenticity of audio files by checking its embedded watermark to ensure confidentiality and integrity of sensitive data.'
98,NSR,'The system shall have an analysis module that will use metadata contained within the extracted information to detect locational data so as to create a movement map from this information. '
228,SR,'If the CND does not contain an ISIM/UICC  it shall support the HTTP Digest authentication or the NBA'
1478,NSR,'The dashboard should support concurrent analysis of up to 500 simultaneous applications without degradation.'
45,SR,'The system shall ask user to provide password. '
1182,SR,'The system will generate cryptographically secure session tokens for each authenticated user to prevent exploitation by malicious actors.'
2582,SR,'The system will identify and classify spyware samples based on behavioral signatures.'
1385,SR,'The platform will monitor file system changes to detect ransomware encryption activity to ensure compliance with security best practices.'
2294,NSR,'The application must provide a disaster recovery plan with a recovery time objective of 24 hours.'
1058,SR,'The application shall securely store encryption keys in a dedicated key management system to protect against unauthorized access.'
1747,SR,'The agent should verify the integrity of transaction using cryptographic checksums in order to maintain system integrity.'
2918,NSR,'The tool should display results in both tabular and graphical chart formats.'
923,SR,'The module will detect anomalous network traffic patterns indicative of malware activity to prevent exploitation by malicious actors.'
800,NSR,'The portal shall achieve a throughput of at least 50 requests per hour in production.'
459,NSR,'If the number of logical channels supported by the OPEN is not sufficient to open a new Supplementary Logical Channel  return the appropriate error.'
767,SR,'The agent will apply a visible digital watermark to images upon author submission.'
1792,NSR,'The module shall support database schema migrations to allow incremental system upgrades.'
1112,SR,'The platform will perform regular automated vulnerability scans against the deployed application in accordance with the security policy.'
1343,SR,'The module will validate input sanitization to prevent format string injection attacks using industry-standard cryptographic techniques.'
1370,SR,'The service must automatically log out inactive sessions after 60 minutes of inactivity to mitigate the risk of data breaches.'
28,SR,'The system shall ensure that the central server remain unaffected when the institutes system fails. '
1185,SR,'The platform shall enforce role-based access control to restrict user permissions to ensure compliance with security best practices.'
1013,NSR,'The interface shall allow users to set and manage scanning thresholds and alert rules.'
686,NSR,'The platform should use less than 8MB of RAM during standard operation.'
2253,NSR,'The application must allow export of scan findings to PDF for integration with ticketing systems.'
784,SR,'The system should sign API responses to ensure integrity during transmission.'
72,NSR,'The system shall perform a footprint analysis to determine what network services and/or software programs (including versions and patch levels) run on the target.'
2369,NSR,'The software shall display results in both tabular and graphical chart formats.'
505,NSR,'The issuer validates S1 to authenticate the card and the data to be used in the transaction'
963,SR,'The application shall use asymmetric encryption (Ed25519) for secure key exchange to protect against unauthorized access.'
1153,NSR,'The software shall use less than 4MB of RAM during standard operation.'
7,NSR,"'The speed of searching, comparing and matching the pictures in the database is determined by the algorithm used '"
784,NSR,'The module must process submitted scans within 30 seconds under normal load conditions.'
2472,NSR,'The interface shall allow users to schedule automated analysis at configured intervals.'
936,SR,'The application should store user passwords using scrypt hashing with unique salts to protect against unauthorized access.'
1278,SR,'The tool shall validate user credentials against the secure database before allowing access.'
26,NSR,"'The system shall provide reliable performance in terms of throughput, response time. '"
33,SR,'The static attributes of the system predict potential operational performance bottlenecks and future scalability problems early to allow for correction early. '
82,SR,'The system shall allow the student to experience single sign on across the universitys web services. '
1062,NSR,'The portal will consume no more than 5% of available CPU resources during idle monitoring.'
68,NSR,'The system shall be able to give the cost engineers a platform to add features and necessary data about a desired project.'
1652,SR,'The service should identify and report format string injection points in target applications to protect against unauthorized access.'
1323,SR,'The agent must log all network security events with timestamps for forensic analysis.'
1268,NSR,'The service should generate structured logs in JSON format for consumption by log aggregators.'
749,NSR,'The system will display progress indicators during long-running analysis operations.'
1691,SR,'The tool should maintain a tamper-evident audit log of all administrative events.'
1069,SR,'The tool will notify administrators of critical security events via SMS in accordance with the security policy.'
1252,NSR,'The platform must support concurrent analysis of up to 1000000 simultaneous tasks without degradation.'
1738,NSR,'The software should support database schema migrations to allow incremental system upgrades.'
1002,SR,'The application will enforce network segmentation policies to limit lateral movement.'
1351,SR,'The application must maintain a tamper-evident audit log of all file access events.'
1080,SR,'The service must verify the authenticity of audio files by checking its embedded watermark in order to maintain system integrity.'
2416,NSR,'The module must expose a well-documented RESTful API to enable third-party integrations.'
10,NSR,'The system will be used by government officials to bring relevant information to the user unlike the normal web search where web information retrieval is difficult as hundreds of irrelevant documents are returned in response to a search query. '
1663,SR,'The service will integrate with existing SIEM systems for centralized security monitoring.'
1000,SR,'The software will analyze binary files behavior in an isolated sandbox environment.'
1934,NSR,"'The dashboard shall provide a changelog documenting all updates, bug fixes, and new features.'"
1610,NSR,'The interface must require no platform-specific dependencies outside of the documented prerequisites.'
843,NSR,'The portal must backup critical user data every monthly to a secure offsite location.'
1034,SR,'The module should encrypt all session data using ChaCha20-Poly1305 encryption in accordance with the security policy.'
1805,NSR,'The service must provide a disaster recovery plan with a recovery time objective of 15 hours.'
54,SR,'The system shall provide a secure channel of communication between the backend system and the web user interface. '
894,NSR,'The software shall operate efficiently on systems with as little as 512GB of available RAM.'
1741,SR,'The component will validate input sanitization to prevent path traversal injection attacks.'
726,NSR,'The application should be implemented using a modular architecture to facilitate independent component updates.'
1075,NSR,'The service should allow users to customize dashboard layouts according to their preferences.'
2051,SR,'The module shall restrict access to transaction based on the user's clearance level.'
1800,SR,'The module will validate user credentials against a hashed credential store before allowing access in order to maintain system integrity.'
1200,SR,'The tool must limit login attempts to 3 consecutive failures before locking the account in accordance with the security policy.'
2157,SR,'The service shall detect man-in-the-middle attacks through certificate validation monitoring to protect against unauthorized access.'
1674,SR,'The module will securely store encryption keys in a dedicated key management system to mitigate the risk of data breaches.'
2784,SR,'The agent must invalidate session tokens upon logout to prevent session hijacking in order to maintain system integrity.'
2846,SR,'The framework will detect duplicate submissions of watermarked documents by different authors to mitigate the risk of data breaches.'
1549,SR,'The framework should alert on connections to known cryptocurrency mining pool endpoints in accordance with the security policy.'
992,SR,'The component must automatically log out inactive sessions after 10 minutes of inactivity using industry-standard cryptographic techniques.'
1350,SR,'The framework must associate the embedded watermark with the author's registration number as part of the defence-in-depth security strategy.'
41,SR,'The system shall allow the user to encrypt/decrypt messages using AES algorithm '
1587,NSR,'The software must present scan results in a clear and easy-to-understand format.'
1506,NSR,'The software will maintain a false positive rate below 1% during scanning operations.'
914,NSR,'The interface must ensure the system can process requests reliably across all supported Windows and Linux environments.'
64,NSR,'The system shall allow buying patterns of the purchases to be analyzed.'
944,SR,'The platform must use HMAC-SHA-3 to authenticate API requests and prevent replay attacks as part of the defence-in-depth security strategy.'
650,SR,'The platform should validate input sanitization to prevent format string injection attacks in order to maintain system integrity.'
1434,NSR,"'The service will provide a changelog documenting all updates, bug fixes, and new features.'"
1040,SR,'The application will provide secure password reset functionality using verified email or OTP to prevent exploitation by malicious actors.'
2625,NSR,'The dashboard shall support bulk submission of scans for batch analysis processing.'
89,SR,"'The system shall resist unauthorised, accidental or unintended usage and provide access only to legitimate users. '"
20,NSR,'The system shall allow Fingerprint Verification of the Licence Owner'
29,SR,'The system should be able to block traffic to and from the network that is identified to be potentially malicious.'
1526,NSR,'The system shall support import of threat intelligence feeds in JSON format.'
791,SR,'The system must embed an invisible digital watermark into video files to protect ownership.'
1642,SR,'The agent must capture and analyze TCP/IP packets for signs of malicious activity as part of the defence-in-depth security strategy.'
1878,SR,'The component will detect anomalous network traffic patterns indicative of trojans activity.'
905,NSR,'The dashboard must display clear error messages that guide the user toward resolution.'
2505,NSR,'The software shall maintain a consistent visual design across all screens and modules.'
103,NSR,'The system shall prevent installation or removal of any applications. '
2356,NSR,"'The application must provide a changelog documenting all updates, bug fixes, and new features.'"
1463,SR,'The component should block network communication from hosts identified as compromised to prevent exploitation by malicious actors.'
1414,SR,'The system will use 3DES with a 4096-bit key to protect stored sensitive in accordance with the security policy.'
703,SR,'The tool will analyze Windows executables behavior in an isolated sandbox environment to prevent exploitation by malicious actors.'
1513,SR,'The agent should embed an invisible digital watermark into documents to protect ownership to ensure compliance with security best practices.'
10,NSR,'The system shall send phone call notifications of child device as SMS '
7,NSR,'The system shall be able to retrieve criminal records from the database based on pictures taken '
58,NSR,"'The system shall capture user details such as user name, id number, email address, mobile number etc in the registration process. '"
1000,SR,'The application will securely store encryption keys in a dedicated key management system.'
939,SR,'The system must support automatic updates to malware signature databases to prevent exploitation by malicious actors.'
1702,NSR,'The application shall consume no more than 5% of available CPU resources during idle monitoring.'
1302,NSR,'The application must integrate with third-party CI/CD platforms via OAuth 2.0.'
1730,NSR,'The interface shall provide a role management interface for assigning permissions to user groups.'
2434,NSR,'The tool must provide administrators with a configurable dashboard for system management.'
1814,SR,"'The software must classify identified vulnerabilities by severity level (critical, high, medium, low).'"
1548,NSR,'The software must implement dependency injection to improve testability of individual components.'
763,SR,'The agent shall require certificate-based authentication for all administrative operations.'
1627,NSR,'The dashboard will provide a user-friendly graphical user interface (GUI) for ease of use.'
827,SR,'The software must test for broken authentication and session management vulnerabilities to ensure confidentiality and integrity of sensitive data.'
80,SR,'The system shall ensure integrity and consistency in all its processes. '
1005,NSR,'The dashboard shall generate detailed reports of malware analysis results in HTML format.'
1262,SR,'The module will implement certificate pinning to prevent command injection attacks to protect against unauthorized access.'
1035,SR,'The module shall securely store encryption keys in a dedicated key management system in accordance with the security policy.'
2001,NSR,'The tool should allow administrators to configure detection thresholds without modifying source code.'
599,SR,'Incremental purchase transactions must use two-way authentication for the initial session authentication  and at least one-way  with the terminal authenticating the card  for the remaining increments or some of the remaining increments'
2441,NSR,'The interface must maintain performance under peak load conditions of 10 simultaneous users.'
2281,NSR,'The software shall follow clean code principles and established design patterns for maintainability.'
686,SR,'The system will sign API responses to ensure integrity during transmission to ensure compliance with security best practices.'
1817,NSR,'The software should maintain performance under peak load conditions of 100 simultaneous users.'
44,SR,'The system shall not permit input of wrong data type. '
1266,NSR,'The service must support multi-tenancy so multiple organizations can use the system independently.'
1249,SR,'The system shall perform regular automated vulnerability scans against the deployed application to ensure compliance with security best practices.'
93,NSR,'The system shall not affect the operation of any applications on the laptop or mobile phone. '
447,NSR,'If a SELECT [by name] [next occurrence] is received  the search always begins from the entry following the currently selected Application on the Basic Logical Channel in the GlobalPlatform Registry'
1976,SR,'The platform shall comply with PCI-DSS data protection requirements to ensure compliance with security best practices.'
2740,NSR,'The system shall log all system errors with sufficient context for post-incident analysis.'
30,NSR,'The system embedding module as well as the scanning tool will offer relatively good performance and resource behaviour due to the implemented design which have efficiency in mind.'
2494,NSR,'The tool shall test failover mechanisms periodically to ensure they operate as expected.'
780,NSR,'The system should implement dependency injection to improve testability of individual components.'
1526,NSR,'The service should implement dependency injection to improve testability of individual components.'
974,NSR,'The platform must allow signature databases and detection rules to be updated without system restart.'
2283,NSR,'The portal must maintain a consistent visual design across all screens and modules.'
1500,NSR,'The module shall provide an audit trail of all administrative actions performed in the system.'
1047,NSR,'The dashboard shall be packaged as a desktop installer for simple installation on supported platforms.'
1388,SR,'The agent must identify and report SSRF injection points in target applications using industry-standard cryptographic techniques.'
1223,NSR,'The module should generate automated summary emails of daily reporting activities.'
58,NSR,'The system shall be user friendly and make it easy for the users to navigate through the web materials. '
1133,NSR,'The software must use version control best practices including branching strategies and commit conventions.'
631,SR,'The module must verify server certificates before establishing IPSec connections using industry-standard cryptographic techniques.'
2296,SR,'The platform shall enforce two-factor authentication (2FA) before granting access to protected resources to ensure confidentiality and integrity of sensitive data.'
1110,NSR,'The system should provide a user-friendly graphical user interface (GUI) for ease of use.'
1228,NSR,'The tool must allow export of scan findings to Excel (XLSX) for integration with ticketing systems.'
1666,NSR,'The module will perform automated health checks every 15 seconds and alert on anomalies.'
1166,SR,'The agent must detect SSL/TLS misconfigurations and expired certificates in target systems using industry-standard cryptographic techniques.'
700,SR,'The component will implement secure communication channels using HTTPS protocol to mitigate the risk of data breaches.'
1839,SR,'The agent must monitor system calls to detect trojans activity at runtime as part of the defence-in-depth security strategy.'
1813,SR,'The service shall alert on connections to known cryptocurrency mining pool endpoints using industry-standard cryptographic techniques.'
889,NSR,'The application shall operate efficiently on systems with as little as 8GB of available RAM.'
1826,SR,'The software will implement certificate pinning to prevent command injection attacks.'
759,SR,'The application will identify command-and-control (C2) communication patterns in network traffic using industry-standard cryptographic techniques.'
2043,NSR,'The software will separate configuration from code to allow environment-specific deployments.'
3,NSR,'It must also be interactive and provides help information to help the clients and give them guidance on how to use the system. '
57,NSR,'The system will ensure users have a good experience of using the system as well as their ability to quickly navigate the self explanatory design of the system. '
1661,NSR,'The tool should generate analysis reports in under 10 seconds for typical tasks.'
1544,NSR,'The interface shall run on any system that has Python version 11 or later installed.'
1893,SR,'The platform should authenticate users using certificate-based authentication to prevent exploitation by malicious actors.'
2250,NSR,'The interface will provide a simple three-step workflow for scan configuration tasks.'
3065,NSR,"'The service will be compatible with major cloud platforms including AWS, Azure, and Google Cloud.'"
56,SR,"'The system can be configured to work with a camera, a PC and other access control system to enhance multiple factor authentication. '"
1375,SR,'The component will alert on connections to known cryptocurrency mining pool endpoints.'
1921,SR,'The service shall encrypt data at rest using ChaCha20-Poly1305 to protect against unauthorized access using industry-standard cryptographic techniques.'
1270,SR,'The agent should enforce password complexity requirements including at least 12 characters with complexity rules to ensure compliance with security best practices.'
825,SR,'The system should limit login attempts to 10 consecutive failures before locking the account to prevent exploitation by malicious actors.'
2334,NSR,'The dashboard must support installation via apt package manager.'
1352,SR,'The tool will alert administrators when cryptomining malware activity is detected in real time in order to maintain system integrity.'
693,SR,'The component shall provide a chain of custody record for all transaction processed by the system in accordance with the security policy.'
1234,SR,'The module must enforce data retention policies by automatically purging sensitive records after 90 days to mitigate the risk of data breaches.'
58,SR,'The system implements a PDP scheme which allows the user to audit and check if the untrusted server or an adversary did not compromise the integrity of the uploaded data. '
3001,SR,'The service must detect outdated or vulnerable third-party libraries in analyzed applications to prevent exploitation by malicious actors.'
1693,SR,'The framework shall analyze HTTP requests and responses to detect LDAP injection attack patterns to protect against unauthorized access.'
775,NSR,'The system should display results in both tabular and graphical chart formats.'
1113,SR,'The system must analyze Windows executables behavior in an isolated sandbox environment to protect against unauthorized access.'
1149,NSR,'The portal shall use less than 512MB of RAM during standard operation.'
1159,NSR,'The module must provide a user-friendly graphical user interface (GUI) for ease of use.'
25,NSR,"'The system shall be interoperable across all platforms e.g different browsers, operating systems and hardware.  '"
1908,NSR,'The software will support import of threat intelligence feeds in XML format.'
1514,NSR,'The application should provide a responsive design compatible with both desktop and mobile browsers.'
1266,SR,'The platform will generate behavioral reports for web applications executed in the sandbox to protect against unauthorized access.'
32,NSR,'Our system gives good performance and resource behaviour. '
2774,SR,'The framework must anonymize personally identifiable information before analysis as part of the defence-in-depth security strategy.'
1661,NSR,'The dashboard must implement transaction rollbacks to maintain data consistency during failures.'
1306,NSR,'The system should maintain a false positive rate below 95% during detection operations.'
1909,NSR,'The platform will automatically recover from non-critical errors without requiring manual intervention.'
1264,NSR,'The interface shall be transferable between environments through a standard configuration export/import mechanism.'
757,NSR,'The module should scale horizontally to handle increased scans volume without reconfiguration.'
759,NSR,'The module shall implement dependency injection to improve testability of individual components.'
2021,SR,'The agent shall securely store encryption keys in a dedicated key management system to prevent exploitation by malicious actors.'
802,SR,'The platform must alert administrators when keyloggers activity is detected in real time as part of the defence-in-depth security strategy.'
647,NSR,'The platform shall implement graceful degradation so critical functions remain available during partial failures.'
800,NSR,'The tool should allow users to schedule automated vulnerability assessment at configured intervals.'
873,NSR,'The software shall log all system errors with sufficient context for post-incident analysis.'
60,NSR,'The system shall allow a user to view statistical report of the filter engine and possible sources of trouble over periods. '
1260,NSR,'The system shall allow users to filter and search through incident records efficiently.'
10,NSR,'The system shall be able to apply a classification algorithm for classification of the processed tweets matching with the labeled tweets in the tweet corpus. '
53,NSR,"'The system including hardware, firmware and software shall adequately perform the task for which it was designed or intended for a stated time and environment. '"
1863,SR,'The software will obtain and record user consent before collecting user as part of the defence-in-depth security strategy.'
657,SR,'The platform shall prevent privilege escalation attacks by validating all permission changes using industry-standard cryptographic techniques.'
1981,NSR,"'The system will provide a changelog documenting all updates, bug fixes, and new features.'"
1721,SR,'The software should maintain a tamper-evident audit log of all login events in order to maintain system integrity.'
1033,SR,'The platform must use asymmetric encryption (RSA-4096) for secure key exchange in order to maintain system integrity.'
959,SR,'The module shall detect man-in-the-middle attacks through certificate validation monitoring to ensure compliance with security best practices.'
977,NSR,'The interface shall maintain a false positive rate below 99.5% during vulnerability assessment operations.'
1438,NSR,'The tool must run on any system that has Python version 16 or later installed.'
1350,NSR,'The service should process submitted scans within 500 seconds under normal load conditions.'
1263,NSR,'The software will allow users to schedule automated vulnerability assessment at configured intervals.'
791,SR,'The application shall use HMAC-SHA-3 to authenticate API requests and prevent replay attacks to ensure compliance with security best practices.'
913,NSR,'The service must support concurrent analysis of up to 1000 simultaneous applications without degradation.'
971,NSR,'The application must maintain performance under peak load conditions of 100 simultaneous users.'
22,NSR,'The system shall offer ease of use and learnability and shall be user-friendly. '
1660,SR,'The system must detect distributed denial-of-service (DDoS) attack patterns in traffic to ensure compliance with security best practices.'
643,NSR,'The tool should generate detailed reports of detection results in HTML format.'
832,NSR,'The tool should scale horizontally to handle increased queries volume without reconfiguration.'
1616,SR,'The module will implement end-to-end encryption for transaction messages to mitigate the risk of data breaches.'
842,NSR,'The service should provide a cross-platform command-line interface in addition to the GUI.'
94,SR,'The system shall secure the network by SSL to encrypt sensitive data before it travels within a network and decrypt it when it arrives at an agent server. '
1731,SR,'The system should encrypt data at rest using RSA-2048 to protect against unauthorized access.'
2072,NSR,'The portal must support concurrent analysis of up to 5 simultaneous tasks without degradation.'
1141,SR,'The application shall digitally sign all session to ensure authenticity and non-repudiation to prevent exploitation by malicious actors.'
917,SR,'The tool will detect man-in-the-middle attacks through certificate validation monitoring.'
926,NSR,'The application will be implemented using a modular architecture to facilitate independent component updates.'
666,NSR,"'The platform will provide a changelog documenting all updates, bug fixes, and new features.'"
1403,NSR,'The service must use less than 256MB of RAM during standard operation.'
1687,SR,'The tool will prevent unauthorized access to sensitive session through access controls as part of the defence-in-depth security strategy.'
15,SR,'The system shall circumvent the electricity power cuts challenges by the use of UPS (uninterrupted power supply). '
1086,SR,'The tool will enforce the principle of least privilege across all user roles as part of the defence-in-depth security strategy.'
821,NSR,'The system should automatically recover from non-critical errors without requiring manual intervention.'
876,NSR,'The service will provide a disaster recovery plan with a recovery time objective of 2 hours.'
2479,SR,'The tool will use 3DES with a 128-bit key to protect stored personal as part of the defence-in-depth security strategy.'
95,SR,'The system shall not require constant updating of its signature as it will be learning on its own and updating its signatures on its own. '
2397,SR,'The system should notify administrators of critical security events via in-app notifications to prevent exploitation by malicious actors.'
896,NSR,"'The application will allow users to register an account by providing their username, email address, and contact number.'"
2395,SR,'The agent must perform regular automated vulnerability scans against the deployed application.'
982,SR,'The platform shall protect private keys from unauthorized extraction or export.'
42,SR,'The system shall be able to ensure the user passwords and data will be encrypted to ensure that user information is secured '
14,NSR,'The system should perform with minimal CPU overhead. '
996,SR,'The service shall enforce data retention policies by automatically purging sensitive records after 6 months in accordance with the security policy.'
1467,SR,'The application should prevent privilege escalation attacks by validating all permission changes.'
935,NSR,'The dashboard should allow export of analysis results to JSON format for offline review.'
1146,SR,'The agent must implement end-to-end encryption for user messages using industry-standard cryptographic techniques.'
878,NSR,'The dashboard should backup critical audit data every annual to a secure offsite location.'
47,SR,"'The system will stand in-between the client and the server, however, it is associated within the servers architecture. '"
943,SR,'The agent must encrypt all personal data using 3DES encryption to ensure compliance with security best practices.'
462,NSR,'On cards that are aware of logical channels  the MANAGE CHANNEL commands are only processed by the OPEN and are not dispatched to an Application.'
936,NSR,'The portal shall provide a centralized logging framework for debugging and system monitoring.'
672,NSR,'The service must display results in both tabular and graphical chart formats.'
1678,NSR,'The tool should provide a searchable database of historical scanning results.'
1079,SR,'The component must monitor DNS queries to detect data exfiltration and domain generation algorithms in order to maintain system integrity.'
1250,NSR,'The dashboard shall allow users to set and manage analysis thresholds and alert rules.'
2402,NSR,'The service must achieve a throughput of at least 500 requests per hour in production.'
95,SR,'The system shall be developed to be available all the time. '
22,NSR,'The system shall have a higher probability of failure-free operation for a specified period of time in a specified environment.  '
708,SR,'The component should store user passwords using Argon2 hashing with unique salts to protect against unauthorized access.'
643,NSR,'The service will provide a RESTful API that allows external systems to trigger and retrieve scanning results.'
2326,SR,'The application will verify the authenticity of documents by checking its embedded watermark to protect against unauthorized access.'
1509,NSR,'The system should complete database queries in under 100 milliseconds for datasets of up to 1000000 records.'
61,NSR,'The system shall be a simple and attractive website with a clear presentation of elements. '
1190,NSR,'The service shall integrate with third-party SIEM platforms via webhooks.'
2099,SR,'The agent will obtain and record user consent before collecting transaction.'
1985,SR,'The service should enforce data retention policies by automatically purging sensitive records after 6 months to protect against unauthorized access.'
1130,NSR,'The software will operate efficiently on systems with as little as 256GB of available RAM.'
772,SR,'The module will store user passwords using bcrypt hashing with unique salts to ensure confidentiality and integrity of sensitive data.'
1422,SR,'The component must detect SSL/TLS misconfigurations and expired certificates in target systems using industry-standard cryptographic techniques.'
343,NSR,"'""A Controlling Authority is responsible for Providing load file data block signatures according to its own security policy for integrity and source authenticity.""'"
786,SR,'The module will verify the authenticity of video files by checking its embedded watermark to ensure confidentiality and integrity of sensitive data.'
1378,SR,'The framework should encrypt all financial data using 3DES encryption.'
1299,NSR,'The platform will allow users to view the history of previously submitted queries.'
1103,NSR,'The dashboard shall display real-time analysis status updates without requiring page refresh.'
1520,SR,'The system will implement behavioural biometrics to prevent unauthorized access.'
1490,NSR,'The software must allow administrators to generate activity reports filtered by project.'
2228,NSR,'The system shall provide a role management interface for assigning permissions to user groups.'
1271,NSR,'The service will consume no more than 99.9% of available CPU resources during idle monitoring.'
1044,NSR,'The interface must consume no more than 5% of available CPU resources during idle monitoring.'
992,NSR,'The interface should include comprehensive inline code documentation and API documentation.'
1495,SR,'The agent shall detect outdated or vulnerable third-party libraries in analyzed applications as part of the defence-in-depth security strategy.'
572,NSR,'Since these transactions are on-line to the issuer  the issuer has the opportunity to lock the card or the application. These transactions are not available to a card that has already been locked'
19,SR,'The system shall ensure encryption of data during transmission. '
2811,SR,'The software shall identify and classify ransomware samples based on behavioral signatures to prevent exploitation by malicious actors.'
61,NSR,"'The system shall allow the doctors to download, decrypt and decompress the images. '"
1164,SR,'The module should verify the integrity of authentication using cryptographic checksums to protect against unauthorized access.'
1368,SR,'The application should detect duplicate submissions of watermarked video files by different authors.'
2029,SR,'The framework shall detect distributed denial-of-service (DDoS) attack patterns in traffic to protect against unauthorized access.'
1442,SR,'The framework must enforce the principle of least privilege across all user roles in order to maintain system integrity.'
611,NSR,'Load devices that are available to the general public should support multiple sources of funding and support both linked and unlinked loads'
2575,SR,'The software shall maintain a tamper-evident audit log of all login events.'
1554,SR,'The application should automatically generate detailed reports of detected CSRF vulnerabilities to prevent exploitation by malicious actors.'
503,NSR,'The load device sends S1 in an authorization request to the issuer'
641,NSR,'The service will backup critical audit data every monthly to a secure offsite location.'
1484,NSR,'The tool will be accessible to users with disabilities by adhering to WCAG 2.1 guidelines.'
1431,NSR,'The dashboard will maintain backward compatibility with previous versions of the API.'
2839,SR,'The module should be easily updatable with security patches without disrupting service to ensure confidentiality and integrity of sensitive data.'
631,SR,'The application must encrypt data at rest using 3DES to protect against unauthorized access to ensure confidentiality and integrity of sensitive data.'
93,SR,'The system shall offer confidentiality through encryption with AES. '
224,SR,'A CND  as defined in clause 3  may use the CNG to access NGN services.'
1688,SR,'The application should scan submitted code for insecure deserialization security flaws.'
1269,SR,'The framework shall identify and classify worms samples based on behavioral signatures to ensure confidentiality and integrity of sensitive data.'
1663,SR,'The platform will detect man-in-the-middle attacks through certificate validation monitoring using industry-standard cryptographic techniques.'
1516,SR,'The platform must detect polymorphic and obfuscated worms variants to protect against unauthorized access.'
35,NSR,"'The system shall be able to create and enforce secure coding practices throughout the development by strictly identifying the originator of the data that is required, recognizing the data items and data structures that are necessary for exchange.  '"
1030,NSR,"'The tool will ensure the system can process samples reliably across all supported test, staging, and production environments.'"
1479,SR,'The agent shall detect anomalous network traffic patterns indicative of keyloggers activity.'
647,NSR,'The platform shall consume no more than 90% of available CPU resources during idle monitoring.'
2273,SR,'The component should validate input sanitization to prevent broken authentication injection attacks in accordance with the security policy.'
1607,SR,'The framework shall enforce the principle of least privilege across all user roles in accordance with the security policy.'
356,SR,'The OPEN shall Check application access rules according to the Applications' privileges'
124,NSR,'On receipt of a valid (i.e. authorized) request for data stored in the CNG the CNG shall return the requested data to the requesting user.'
1287,SR,'The agent shall detect port scanning activity originating from rogue nodes on the network to protect against unauthorized access.'
1055,SR,'The application shall use TLS 1.3 or higher for all network communications.'
927,NSR,"'The platform shall allow administrators to create, read, update, and delete user accounts.'"
448,NSR,'If a full or partial match is found and this Application is in the Life Cycle State INSTALLED  continue searching through the GlobalPlatform Registry for a subsequent full or partial match. If no subsequent full or partial match is found  the OPEN shall return the appropriate error to the off-card entity'
940,SR,'The system should store user passwords using SHA-256 hashing with unique salts as part of the defence-in-depth security strategy.'
1396,SR,'The module should verify the authenticity of PDF documents by checking its embedded watermark.'
912,SR,'The platform shall be easily updatable with security patches without disrupting service in order to maintain system integrity.'
853,NSR,'The software should generate automated summary emails of daily analysis activities.'
3,SR,'The system shall allow secure uploaded files using AES algorithm with a 256-bit key. '
76,SR,'The system shall be able to show clients KYC information to authorised users. '
1368,NSR,'The interface shall provide administrators with a configurable dashboard for system management.'
652,SR,'The component must monitor file system changes to detect ransomware encryption activity to ensure compliance with security best practices.'
910,SR,'The agent shall enforce hardware token authentication before granting access to protected resources using industry-standard cryptographic techniques.'
88,SR,'The system shall provide Two Factor Authentication. '
720,NSR,"'The dashboard must allow users to register an account by providing their username, email address, and contact number.'"
1013,SR,"'The software shall enforce password complexity requirements including numbers, symbols, and mixed case letters in accordance with the security policy.'"
200,NSR,'The CNG shall be able to classify intra-LAN traffic that is simply bridged by the CNG itself within the CPN.'
38,NSR,'The system shall monitor and scan host '
1894,NSR,'The system should support installation via yum package manager.'
58,SR,'The system shall be able to allow the user to generate their ECC public and private keys.  These keys are to be used for the encryption of the AES encryption key and also for PDP. '
1587,NSR,'The platform must allow users to schedule automated analysis at configured intervals.'
986,SR,'The application shall integrate with existing SIEM systems for centralized security monitoring as part of the defence-in-depth security strategy.'
692,NSR,'The interface shall implement graceful degradation so critical functions remain available during partial failures.'
150,SR,'The CNG shall allow the customer remote access to a CND in the Customer Network  for example a surveillance video camera.'
763,SR,'The framework must prevent unauthorized access to sensitive session through access controls to prevent exploitation by malicious actors.'
548,NSR,'The CEP card sends a response to the reversal command to the POS device. The reversal is considered to be successful even in the event of a negative response or no response from the CEP card'
60,NSR,'The interface will have to satisfy these objectives or requirements on any device and platform. '
1925,NSR,'The software must run on any system that has Node.js version 14 or later installed.'
47,SR,"'The system functions as an IDS/IPD and aids in relieving traffic targeting the server, in the event that a distributed DOS attack occurs and the server is flooded with the requests and is therefore unable to provide its usual service(s) to the client. '"
97,NSR,'The system shall enable real-time responds to agents and users. '
1789,NSR,'The portal will provide a simple three-step workflow for file submission tasks.'
63,NSR,'The system shall allow a user to push warning script to the rogue node.'
2355,SR,'The component shall scan submitted code for SQL Injection security flaws in accordance with the security policy.'
35,NSR,"'The system shall ensure that the exchange of data is between mobile and web-based application software, humans and combinations of these. '"
1213,NSR,'The interface shall minimize latency in real-time monitoring mode to under 5 milliseconds.'
932,NSR,'The module should require no platform-specific dependencies outside of the documented prerequisites.'
44,SR,'The system should be able to identify and trap user input error '
2064,NSR,'The portal must generate structured logs in CEF (Common Event Format) format for consumption by log aggregators.'
3,NSR,"'Upon registration, the system must generate a shared encryption key. '"
910,SR,'The software shall block network communication from hosts identified as compromised to prevent exploitation by malicious actors.'
99,NSR,'The system shall not experience slowdowns during input/output and computationally intensive tasks such as encryption and embedding or extraction. '
1563,NSR,'The tool shall expose a well-documented RESTful API to enable third-party integrations.'
1160,SR,'The system must limit login attempts to 3 consecutive failures before locking the account to ensure confidentiality and integrity of sensitive data.'
785,SR,'The application shall enforce two-factor authentication (2FA) before granting access to protected resources to prevent exploitation by malicious actors.'
2025,SR,'The tool should detect distributed denial-of-service (DDoS) attack patterns in traffic to ensure confidentiality and integrity of sensitive data.'
1935,SR,"'The component should classify identified vulnerabilities by severity level (critical, high, medium, low) in order to maintain system integrity.'"
1229,NSR,'The system must achieve a detection accuracy of at least 0.1% on requests.'
2306,SR,'The software will apply a visible digital watermark to audio files upon author submission.'
93,SR,'The system shall  encrypt and decrypt files using a wireless connection. '
1093,SR,'The component should analyze Android applications behavior in an isolated sandbox environment.'
62,NSR,"'The system shall allow local Law Enforcement Agencies to track cases, location of reporter, receive crimes reported based on the reporters current location. '"
1026,SR,'The platform shall detect and block connections to known malicious IP addresses and domains using industry-standard cryptographic techniques.'
1495,NSR,'The application must generate detailed reports of scanning results in XML format.'
2228,SR,'The platform should detect SSL/TLS misconfigurations and expired certificates in target systems in order to maintain system integrity.'
942,NSR,'The module should provide a centralized logging framework for debugging and system monitoring.'
714,SR,'The service should verify digital signatures before processing received data.'
1053,SR,'The agent will detect duplicate submissions of watermarked PDF documents by different authors to ensure compliance with security best practices.'
77,NSR,"'The system shall allow capturing of stand details such as location, district, ward and stand number. '"
699,SR,'The agent must identify unauthorized network devices connected to the internal network to ensure confidentiality and integrity of sensitive data.'
876,NSR,'The platform should allow multiple users to collaborate on authentication within a shared workspace.'
1988,NSR,'The system must display progress indicators during long-running analysis operations.'
1520,SR,'The tool will detect cryptojacking activity by monitoring CPU usage and network connections.'
1816,NSR,'The portal should have a clean and intuitive interface that requires minimal training to operate.'
1316,SR,'The software shall verify the authenticity of images by checking its embedded watermark to mitigate the risk of data breaches.'
1033,SR,'The application shall enforce role-based access control to restrict user permissions in accordance with the security policy.'
2281,SR,'The module shall implement hardware token authentication to prevent unauthorized access as part of the defence-in-depth security strategy.'
1226,NSR,'The module must display real-time authentication status updates without requiring page refresh.'
1095,SR,'The agent should classify detected cryptomining malware into known malware families.'
1850,NSR,'The dashboard will maintain performance under peak load conditions of 5 simultaneous users.'
3,NSR,'The system shall allow the user to upload and download stored files. '
848,NSR,'The module should include comprehensive inline code documentation and API documentation.'
842,SR,'The service should validate user credentials against the active directory before allowing access to mitigate the risk of data breaches.'
25,NSR,'The system shall display interfaces describing operations performed during processes '
1326,SR,'The software will identify command-and-control (C2) communication patterns in network traffic.'
1568,SR,'The component will enforce network segmentation policies to limit lateral movement using industry-standard cryptographic techniques.'
1577,SR,'The component must perform regular automated vulnerability scans against the deployed application to mitigate the risk of data breaches.'
2402,NSR,"'The interface will allow administrators to create, read, update, and delete user accounts.'"
1097,SR,'The agent shall detect anomalous network traffic patterns indicative of worms activity as part of the defence-in-depth security strategy.'
1000,SR,"'The service shall classify identified vulnerabilities by severity level (critical, high, medium, low) to mitigate the risk of data breaches.'"
49,NSR,'The system player shall locate and retrieve required contents from the hidden folder. '
453,NSR,'In the eventuality that the current Application Session has been terminated and no subsequent full or partial match is found  the OPEN shall make an attempt to select the Application that is marked as implicitly selectable on the Basic Logical Channel for the current card interface.'
1174,NSR,'The module should adhere to SOLID design principles to minimize coupling between components.'
2321,SR,'The agent must store user passwords using SHA-3 hashing with unique salts to mitigate the risk of data breaches.'
2071,NSR,'The application will support import of threat intelligence feeds in CSV format.'
1602,NSR,'The portal should operate efficiently on systems with as little as 1024GB of available RAM.'
44,NSR,'The system should allow quick and flexible means of entering information for processing and GUI based on Windows architecture should be employed.'
725,NSR,'The interface must support redundant database configurations to prevent data loss.'
1507,SR,'The agent shall anonymize personally identifiable information before transmission to ensure confidentiality and integrity of sensitive data.'
972,SR,'The tool should monitor HTTP(S) network traffic to detect security anomalies to ensure compliance with security best practices.'
827,NSR,'The tool should allow export of analysis results to PDF format for offline review.'
1402,NSR,'The interface should provide keyboard shortcuts for frequently used operations.'
2974,SR,'The module must comply with PCI-DSS data protection requirements.'
17,SR,'The system shall make it easy to trace an individuals activities after a crime has taken place.'
15,SR,'The system shall be easy to maintain since the application has a clear separation of its database and logic code making it easy to sandbox the system and maintain it without affecting the whole system. '
1063,NSR,'The module must display results in both tabular and graphical chart formats.'
2129,NSR,'The software will function correctly on both 32-bit and 64-bit system architectures.'
1546,NSR,'The application should provide administrators with a configurable dashboard for system management.'
816,NSR,'The application should support virtualized environments including VMware and Hyper-V.'
2818,NSR,'The service shall generate structured logs in LEEF format for consumption by log aggregators.'
3093,NSR,'The software must generate automated summary emails of daily authentication activities.'
2756,SR,'The application shall implement biometric authentication to prevent unauthorized access.'
813,NSR,'The portal shall display progress indicators during long-running analysis operations.'
108,SR,'The CNG shall detect the end of the life of the key used for cryptographic protection of the wireless communication between the CND and the CNG.'
600,NSR,'Load and unload functions must be authenticated using end-to-end security between the card and the card issuer'
1356,SR,'The agent shall identify and report XML injection injection points in target applications as part of the defence-in-depth security strategy.'
1063,SR,'The application must extract and verify digital watermarks from submitted images as part of the defence-in-depth security strategy.'
577,NSR,'Unload and currency exchange transactions are optional for CEP card issuers. The CEP card must indicate whether the card issuer supports these transactions. However  if a card issuer issues multi-currency capable cards  it must provide its cardholder with a facility to remove any remaining value. As a result  if a card issuer supports loading of multiple currencies onto a card  then it must support the unload or currency exchange transaction or both'
1645,NSR,'The system will have a clean and intuitive interface that requires minimal training to operate.'
709,NSR,'The application should operate efficiently on systems with as little as 1024GB of available RAM.'
10,NSR,"'The system-+ shall be able to collect and analyse data that the child is typing and if it captures certain keywords or a continuous sequence of expletives, it should send an alert through text to the parents smartphone. '"
626,NSR,'The tool will adhere to SOLID design principles to minimize coupling between components.'
1882,NSR,'The system will follow clean code principles and established design patterns for maintainability.'
1903,NSR,'The dashboard should support pagination for large result sets to maintain performance.'
626,SR,'The platform must detect polymorphic and obfuscated cryptomining malware variants.'
1159,SR,'The software shall correlate network events against threat intelligence blacklists using industry-standard cryptographic techniques.'
617,SR,'The software should detect port scanning activity originating from rogue nodes on the network.'
1570,SR,'The application must store user passwords using SHA-3 hashing with unique salts.'
2814,NSR,'The portal will expose a well-documented RESTful API to enable third-party integrations.'
1550,NSR,'The software should allow users to schedule automated analysis at configured intervals.'
1138,NSR,'The dashboard will complete database queries in under 3 milliseconds for datasets of up to 500 records.'
1984,NSR,'The system must integrate with third-party ticketing platforms via RESTful API.'
1247,SR,'The component should monitor DNS queries to detect data exfiltration and domain generation algorithms in accordance with the security policy.'
1410,NSR,'The system must present scan results in a clear and easy-to-understand format.'
895,SR,'The platform should verify digital signatures before processing received data to ensure confidentiality and integrity of sensitive data.'
675,SR,'The platform should detect distributed denial-of-service (DDoS) attack patterns in traffic.'
1737,SR,'The software must generate integrity reports for confidential stored in the system in order to maintain system integrity.'
2483,SR,'The tool must detect and block connections to known malicious IP addresses and domains in accordance with the security policy.'
1249,NSR,'The software shall generate detailed reports of scanning results in XML format.'
1610,NSR,'The platform shall generate automated summary emails of daily analysis activities.'
1544,NSR,'The tool must offer a dark mode option in addition to the default light theme.'
2386,SR,'The service will prevent unauthorized access to sensitive transaction through access controls using industry-standard cryptographic techniques.'
1480,SR,'The software should enforce role-based access control to restrict user permissions to ensure confidentiality and integrity of sensitive data.'
31,NSR,'The proposed system should be able to extract raw data from Twitter in real time. '
2083,NSR,'The system should provide a cross-platform command-line interface in addition to the GUI.'
1685,NSR,'The dashboard will support plugin-based architecture to allow new detection modules to be added.'
1511,SR,'The module shall automatically log out inactive sessions after 10 minutes of inactivity as part of the defence-in-depth security strategy.'
1531,SR,'The service will allow for safe fail-secure behavior whenever a security fault is detected in accordance with the security policy.'
2535,NSR,'The system will expose a well-documented RESTful API to enable third-party integrations.'
9,SR,'The system shall allow high availability of the application whenever the user needs it so a recovery module will be set in case of loss of the mobile phone. '
26,SR,'The system user with privileges should input password and be able to log into the system.'
2007,SR,'The component must mask sensitive session fields in logs and reports as part of the defence-in-depth security strategy.'
731,NSR,'The platform will ensure the system can process tasks reliably across all supported Windows and Linux environments.'
646,SR,'The service shall detect duplicate submissions of watermarked audio files by different authors in order to maintain system integrity.'
706,SR,'The software must encrypt data at rest using ChaCha20-Poly1305 to protect against unauthorized access to protect against unauthorized access.'
1248,NSR,'The portal should implement transaction rollbacks to maintain data consistency during failures.'
1452,NSR,'The dashboard will follow clean code principles and established design patterns for maintainability.'
2291,SR,'The application will capture and analyze TCP/IP packets for signs of malicious activity to prevent exploitation by malicious actors.'
910,SR,'The application shall comply with ISO 27001 data protection requirements in order to maintain system integrity.'
3027,SR,'The platform will generate integrity reports for session stored in the system to mitigate the risk of data breaches.'
1358,SR,'The system should enforce password complexity requirements including at least 12 characters with complexity rules in order to maintain system integrity.'
832,NSR,'The dashboard must generate detailed reports of monitoring results in CSV format.'
1293,SR,'The component will verify the authenticity of documents by checking its embedded watermark to ensure confidentiality and integrity of sensitive data.'
54,SR,'The system shall capture network traffic between the hypervisor and the subject/monitored virtual machine. '
1947,NSR,'The dashboard shall support concurrent analysis of up to 5 simultaneous scans without degradation.'
2854,SR,'The software should alert on connections to known cryptocurrency mining pool endpoints.'
2305,NSR,'The service shall minimize latency in real-time monitoring mode to under 24 milliseconds.'
1139,SR,'The module should extract and verify digital watermarks from submitted video files using industry-standard cryptographic techniques.'
233,NSR,'The CND shall support the NGN services usage (e.g. voice communications  video communications  IPTV  entertainment  etc.) allowing the connection to the right service control platforms to process the media.'
1265,NSR,'The platform shall present scan results in a clear and easy-to-understand format.'
79,NSR,'The system log data shall be maintained without burdening the users. '
756,NSR,'The module must allow users to filter and search through incident records efficiently.'
28,NSR,'The system shall provide a common API for health information systems to update and read records. '
2036,SR,'The software will verify server certificates before establishing SFTP connections to protect against unauthorized access.'
1351,SR,'The service will comply with HIPAA data protection requirements to ensure compliance with security best practices.'
20,NSR,'The system shall allow the user to extract the Registration Number '
930,NSR,'The service will provide a role management interface for assigning permissions to user groups.'
710,SR,'The software must extract and verify digital watermarks from submitted audio files.'
1837,NSR,'The system must allow users to view the history of previously submitted queries.'
666,NSR,'The dashboard must provide contextual help tooltips and user documentation throughout the interface.'
1247,NSR,'The module shall provide a simple three-step workflow for account management tasks.'
2101,SR,'The tool will identify command-and-control (C2) communication patterns in network traffic.'
947,SR,'The agent should detect SSRF vulnerabilities in submitted web applications in order to maintain system integrity.'
1131,NSR,'The tool should support bulk submission of requests for batch malware analysis processing.'
1345,SR,'The agent shall encrypt data at rest using AES-256 to protect against unauthorized access.'
1519,SR,'The module must invalidate session tokens upon logout to prevent session hijacking to prevent exploitation by malicious actors.'
1415,SR,'The application will authenticate users using PIN-based authentication.'
1333,NSR,'The tool will integrate with third-party cloud storage platforms via webhooks.'
14,NSR,"'The system should be easy to use, even by general users, with a user-friendly interface.  '"
1718,SR,'The agent must use asymmetric encryption (Ed25519) for secure key exchange to ensure confidentiality and integrity of sensitive data.'
2248,NSR,'The service will integrate with third-party SIEM platforms via OAuth 2.0.'
1019,SR,"'The software must classify identified vulnerabilities by severity level (critical, high, medium, low) to protect against unauthorized access.'"
1143,SR,'The service should detect path traversal vulnerabilities in submitted web applications.'
2449,SR,'The platform should generate integrity reports for sensitive stored in the system in accordance with the security policy.'
30,SR,'System modules will be loosely coupled to allow for easy maintainability when used by the users. '
683,NSR,'The system should allow users to view the history of previously submitted queries.'
793,SR,'The system must implement certificate pinning to prevent XSS (Cross-Site Scripting) attacks as part of the defence-in-depth security strategy.'
2863,SR,'The framework will require users to change default passwords upon first login using industry-standard cryptographic techniques.'
1459,NSR,'The service should achieve a throughput of at least 500 samples per hour in production.'
1776,NSR,'The service must include rollback capabilities to revert to a previous stable version if needed.'
1452,NSR,'The software will provide a disaster recovery plan with a recovery time objective of 2 hours.'
2122,NSR,'The dashboard shall allow users to annotate and comment on authentication findings for team collaboration.'
1265,SR,'The component should implement certificate pinning to prevent format string attacks to prevent exploitation by malicious actors.'
1921,SR,'The software must prevent downgrade attacks by enforcing minimum IPSec version requirements as part of the defence-in-depth security strategy.'
35,SR,'The system shall resist unofficial and unlawful usage even the action is by accident or intended. '
980,NSR,'The application shall include comprehensive inline code documentation and API documentation.'
85,SR,"'The system shall be maintainable as it can be integrated with other systems easily, can be modified or have its components reused on other platforms.'"
44,SR,'The system should have the ability to validate entered data hence reducing redundancy and duplication in the database. '
1498,NSR,'The tool will maintain backward compatibility with previous versions of the API.'
1411,NSR,'The interface should achieve a throughput of at least 20 samples per hour in production.'
1264,SR,'The software will maintain a tamper-evident audit log of all security events to prevent exploitation by malicious actors.'
2467,NSR,'The dashboard must support import of threat intelligence feeds in XML format.'
1479,NSR,'The application must present scan results in a clear and easy-to-understand format.'
1530,NSR,'The interface must be deployable on Ubuntu 20.04 and later operating systems without modification.'
89,NSR,'The system shall  show warning to users. '
979,SR,'The component shall invalidate session tokens upon logout to prevent session hijacking.'
2231,NSR,'The system should be packaged as a desktop installer for simple installation on supported platforms.'
18,SR,'The system should keep history of the transactions in a secure database. '
80,SR,'The system shall allow the administrator to log in to access the system. '
777,SR,'The application should generate cryptographically secure session tokens for each authenticated user using industry-standard cryptographic techniques.'
1087,SR,'The framework shall verify the integrity of session using cryptographic checksums to prevent exploitation by malicious actors.'
657,NSR,'The software shall maintain backward compatibility with previous versions of the API.'
1282,SR,'The agent will limit login attempts to 3 consecutive failures before locking the account in accordance with the security policy.'
1164,SR,'The component must use AES-128 with a 128-bit key to protect stored authentication to mitigate the risk of data breaches.'
21,NSR,'The system shall provide a user-friendly interface that can be used by auditors without any technical challenges '
720,SR,'The software will analyze HTTP requests and responses to detect SSRF attack patterns.'
1981,SR,'The framework shall monitor TLS network traffic to detect security anomalies to prevent exploitation by malicious actors.'
1369,SR,'The agent should generate integrity reports for transaction stored in the system as part of the defence-in-depth security strategy.'
2095,SR,'The module shall implement account lockout mechanisms after repeated failed login attempts to mitigate the risk of data breaches.'
1214,SR,'The software must test for broken authentication and session management vulnerabilities.'
1712,NSR,'The module should provide a notification system that alerts users when reporting is complete.'
1402,SR,'The application must implement account lockout mechanisms after repeated failed login attempts to mitigate the risk of data breaches.'
1208,NSR,'The software will support concurrent analysis of up to 20 simultaneous scans without degradation.'
1963,NSR,'The module will complete database queries in under 500 milliseconds for datasets of up to 1000 records.'
1800,SR,'The software shall automatically log out inactive sessions after 30 minutes of inactivity to ensure confidentiality and integrity of sensitive data.'
1263,SR,'The system will generate and rotate encryption keys every 90 days to minimize key exposure in order to maintain system integrity.'
1160,SR,'The agent will log all network security events with timestamps for forensic analysis in accordance with the security policy.'
1328,NSR,'The tool should minimize latency in real-time monitoring mode to under 2 milliseconds.'
648,SR,'The agent will prevent downgrade attacks by enforcing minimum IPSec version requirements to protect against unauthorized access.'
1374,NSR,'The tool shall allow export of analysis results to HTML format for offline review.'
1362,SR,'The framework must validate input sanitization to prevent path traversal injection attacks in accordance with the security policy.'
1582,NSR,'The service must generate analysis reports in under 500 seconds for typical applications.'
570,NSR,'Off-line PIN verification must include both encrypted and unencrypted PIN'
1376,NSR,'The software shall allow administrators to configure detection thresholds without modifying source code.'
1409,NSR,'The system must support redundant database configurations to prevent data loss.'
1526,NSR,'The tool should support concurrent analysis of up to 100 simultaneous queries without degradation.'
1683,NSR,'The system must support automated unit and integration testing with a code coverage target of 95%.'
974,SR,'The tool will perform static analysis to identify potential SQL Injection vulnerabilities using industry-standard cryptographic techniques.'
87,SR,'The system shall allow a user to log into his or her own account providing his or her own email address and password. '
1457,SR,'The software will obtain and record user consent before collecting user to ensure confidentiality and integrity of sensitive data.'
848,SR,'The application will detect outdated or vulnerable third-party libraries in analyzed applications to mitigate the risk of data breaches.'
1877,NSR,'The system shall allow users to view the history of previously submitted scans.'
2384,SR,'The component shall verify server certificates before establishing HTTPS connections to prevent exploitation by malicious actors.'
1486,NSR,'The tool will process submitted scans within 200 seconds under normal load conditions.'
888,SR,'The framework shall embed an invisible digital watermark into documents to protect ownership.'
86,SR,'The system shall enable password changing in a specified time.'
1070,SR,'The module must detect cryptojacking activity by monitoring CPU usage and network connections as part of the defence-in-depth security strategy.'
999,NSR,'The tool will allow users to view the history of previously submitted scans.'
1889,NSR,'The software must support Portuguese language localization for international users.'
681,SR,'The software should apply a visible digital watermark to images upon author submission to ensure confidentiality and integrity of sensitive data.'
1641,NSR,'The module will use less than 8MB of RAM during standard operation.'
1335,SR,'The platform should capture and analyze HTTPS and TLS packets for signs of malicious activity to ensure confidentiality and integrity of sensitive data.'
1822,SR,'The tool must embed an invisible digital watermark into audio files to protect ownership using industry-standard cryptographic techniques.'
1636,SR,'The service must use asymmetric encryption (RSA-2048) for secure key exchange to ensure compliance with security best practices.'
888,SR,'The application will obtain and record user consent before collecting medical to prevent exploitation by malicious actors.'
99,SR,'The system shall ensure that the public key is left open and accessible to the public domain. '
398,NSR,'At OP_READY state  the OPEN shall be available and ready for execution'
1144,NSR,'The application should have a clean and intuitive interface that requires minimal training to operate.'
1073,NSR,'The module will support pagination for large result sets to maintain performance.'
1737,NSR,'The software will be deployable on Ubuntu 20.04 and later operating systems without modification.'
1716,SR,'The component will automatically generate detailed reports of detected CSRF vulnerabilities to mitigate the risk of data breaches.'
1799,SR,'The service must verify server certificates before establishing TLS connections to ensure compliance with security best practices.'
312,SR,'The CND directly or through the CNG must be able to access to Network Configuration Service Function avoiding any user interaction. (and so the Network Configuration Server should be able to upload different parameter related to service subscription).'
991,SR,'The component must require LDAP authentication for all administrative operations using industry-standard cryptographic techniques.'
1403,NSR,'The dashboard will implement transaction rollbacks to maintain data consistency during failures.'
1333,NSR,'The platform shall minimize latency in real-time monitoring mode to under 2 milliseconds.'
1468,NSR,'The interface should support import of threat intelligence feeds in HTML format.'
1335,SR,'The software shall detect the presence of cryptomining malware in submitted scripts using industry-standard cryptographic techniques.'
978,SR,'The system should require hardware token authentication for all administrative operations using industry-standard cryptographic techniques.'
772,SR,'The module must identify and classify ransomware samples based on behavioral signatures using industry-standard cryptographic techniques.'
883,SR,'The application shall alert administrators when spyware activity is detected in real time as part of the defence-in-depth security strategy.'
1076,NSR,'The interface shall scale horizontally to handle increased requests volume without reconfiguration.'
454,NSR,'At any time during a Card Session the OPEN may receive a request on the Basic Logical Channel to either open or close a Supplementary Logical Channel.'
1397,SR,'The component shall monitor system calls to detect keyloggers activity at runtime as part of the defence-in-depth security strategy.'
1027,NSR,'The module shall allow users to view the history of previously submitted scans.'
2453,SR,'The application should identify and classify rootkits samples based on behavioral signatures in accordance with the security policy.'
897,SR,'The agent will identify and report buffer overflow injection points in target applications.'
786,SR,'The agent should invalidate session tokens upon logout to prevent session hijacking to prevent exploitation by malicious actors.'
1952,SR,'The tool must identify open ports and running services on the target network to ensure confidentiality and integrity of sensitive data.'
54,SR,"'The Intrusion Detection module will be based on a tried and tested architecture and the same will apply to the memory acquisition tool,  to avoid violating the proper coding principles as well as best practices for documentation. ''"
2196,NSR,'The module will support automated unit and integration testing with a code coverage target of 85%.'
727,NSR,'The dashboard should perform automated health checks every 60 seconds and alert on anomalies.'
86,SR,'The system server shall generate the TOTP value that lasts for the specified amount of time. '
2099,NSR,'The portal will maintain a consistent visual design across all screens and modules.'
1170,NSR,'The service should provide a disaster recovery plan with a recovery time objective of 15 hours.'
938,SR,'The platform must generate cryptographically secure session tokens for each authenticated user to prevent exploitation by malicious actors.'
21,SR,'The system shall allow log capture to be a background process making the auditors job much easier. '
622,NSR,'The service shall generate automated summary emails of daily vulnerability assessment activities.'
972,NSR,'The software will present a summary dashboard showing key detection metrics at a glance.'
1379,NSR,'The dashboard will support import of threat intelligence feeds in PDF format.'
2152,NSR,'The dashboard shall complete database queries in under 200 milliseconds for datasets of up to 20 records.'
1361,NSR,'The module shall support redundant database configurations to prevent data loss.'
1042,NSR,'The system should allow export of scan findings to CSV for integration with ticketing systems.'
1980,SR,'The agent will store user passwords using bcrypt hashing with unique salts using industry-standard cryptographic techniques.'
1136,SR,'The platform shall detect cryptojacking activity by monitoring CPU usage and network connections as part of the defence-in-depth security strategy.'
1764,NSR,'The dashboard shall log all system errors with sufficient context for post-incident analysis.'
1368,SR,'The agent will generate integrity reports for confidential stored in the system to protect against unauthorized access.'
783,NSR,'The dashboard must allow users to annotate and comment on detection findings for team collaboration.'
104,NSR,'The system shall be able to extract raw data from Twitter in real-time. '
1057,SR,'The tool should block network communication from hosts identified as compromised to mitigate the risk of data breaches.'
1905,SR,'The component must use asymmetric encryption (ECC) for secure key exchange as part of the defence-in-depth security strategy.'
1773,NSR,'The platform should support bulk submission of files for batch malware analysis processing.'
804,NSR,'The interface shall generate detailed reports of vulnerability assessment results in PDF format.'
1403,NSR,'The system will maintain a false positive rate below 5% during detection operations.'
775,NSR,'The platform should achieve an uptime of at least 99.9% measured over a rolling 90-day period.'
663,SR,'The platform should monitor file system changes to detect ransomware encryption activity in order to maintain system integrity.'
1192,SR,'The component should detect outdated or vulnerable third-party libraries in analyzed applications as part of the defence-in-depth security strategy.'
1975,SR,'The service will anonymize personally identifiable information before analysis to ensure compliance with security best practices.'
1375,NSR,"'The application should allow users to register an account by providing their name, email, and department.'"
1598,SR,'The framework should identify and report sensitive data exposure injection points in target applications as part of the defence-in-depth security strategy.'
77,NSR,'The system user interface shall communicate with the Blockchain Land Registry smart contract using web3.js. '
48,NSR,'The components and the functionalities of the project are associated with a friendly interface design to enhance users experience.'
676,SR,'The component should validate input sanitization to prevent XSS (Cross-Site Scripting) injection attacks to protect against unauthorized access.'
2192,NSR,'The tool must generate automated summary emails of daily vulnerability assessment activities.'
1419,SR,'The platform shall limit login attempts to 10 consecutive failures before locking the account as part of the defence-in-depth security strategy.'
1723,SR,'The component will detect and block connections to known malicious IP addresses and domains to ensure confidentiality and integrity of sensitive data.'
1045,NSR,'The application must generate detailed reports of authentication results in CSV format.'
2345,NSR,'The interface will ensure the system can process tasks reliably across all supported Windows and Linux environments.'
1854,SR,'The software must protect private keys from unauthorized extraction or export in order to maintain system integrity.'
1577,NSR,'The module will provide a user-friendly graphical user interface (GUI) for ease of use.'
1069,SR,'The system must correlate network events against threat intelligence blacklists using industry-standard cryptographic techniques.'
1696,SR,'The platform should analyze HTTP requests and responses to detect XSS (Cross-Site Scripting) attack patterns to ensure compliance with security best practices.'
3017,SR,'The framework must verify the authenticity of images by checking its embedded watermark to prevent exploitation by malicious actors.'
1067,NSR,'The portal must send a confirmation email to newly registered users with an activation link.'
774,SR,'The tool will mask sensitive transaction fields in logs and reports using industry-standard cryptographic techniques.'
1533,NSR,'The interface shall provide contextual help tooltips and user documentation throughout the interface.'
1664,NSR,'The portal will provide a RESTful API that allows external systems to trigger and retrieve reporting results.'
1206,NSR,'The service should be implemented using a modular architecture to facilitate independent component updates.'
1752,SR,'The system shall monitor DNS queries to detect data exfiltration and domain generation algorithms.'
1375,SR,'The service will detect unauthorized modifications to critical system files to ensure compliance with security best practices.'
674,NSR,'The portal should automatically recover from non-critical errors without requiring manual intervention.'
76,NSR,'The system shall ensure that the embedding module as well as the scanning tool will offer relatively good performance and resource behaviour due to the design implemented with efficiency in mind. '
678,NSR,'The software must allow export of scan findings to HTML for integration with ticketing systems.'
1695,NSR,'The module will function correctly on both 32-bit and 64-bit system architectures.'
597,SR,'The terminal must secure transactions by retaining the cardÃ¯Â¿Â½??s symmetric MACing key signature as part of the transaction'
1578,NSR,'The system should generate automated summary emails of daily analysis activities.'
1027,SR,'The tool should automatically log out inactive sessions after 10 minutes of inactivity as part of the defence-in-depth security strategy.'
1586,SR,'The application shall maintain a tamper-evident audit log of all administrative events.'
1251,SR,'The application will implement account lockout mechanisms after repeated failed login attempts to ensure confidentiality and integrity of sensitive data.'
1481,SR,'The agent shall alert administrators when worms activity is detected in real time in order to maintain system integrity.'
818,SR,'The platform must monitor system calls to detect ransomware activity at runtime to protect against unauthorized access.'
1476,SR,'The component must digitally sign all session to ensure authenticity and non-repudiation.'
16,SR,"'The system shall have a modular design catering for corrective, perfective, adaptive and preventive maintenance. '"
1084,NSR,'The module shall display real-time authentication status updates without requiring page refresh.'
1204,NSR,'The platform shall validate input data before processing to prevent crashes from malformed input.'
1885,NSR,'The platform should support pagination for large result sets to maintain performance.'
805,SR,'The software will test for broken authentication and session management vulnerabilities to ensure confidentiality and integrity of sensitive data.'
2172,NSR,'The portal must respond to user interface interactions within 5 milliseconds.'
147,NSR,'The CNG and the Customer Network shall provide the opportunity for a customer network administrator to perform service and network-related configuration. According to the service/network provider choices  the CNG and Customer Network may prevent - user initiated modification of network and service related parameters.'
37,SR,"'The system shall authenticate all users and grant access only to authorized users, to prevent unauthorized access to admin console '"
1674,SR,'The service shall be easily updatable with security patches without disrupting service in order to maintain system integrity.'
1107,SR,'The system must enforce PIN-based authentication before granting access to protected resources in order to maintain system integrity.'
902,SR,'The framework should capture and analyze DNS packets for signs of malicious activity to ensure confidentiality and integrity of sensitive data.'
1092,SR,'The module should mask sensitive authentication fields in logs and reports to ensure confidentiality and integrity of sensitive data.'
1256,SR,'The tool must authenticate users using two-factor authentication (2FA) in order to maintain system integrity.'
913,SR,'The tool should generate and rotate encryption keys every 6 months to minimize key exposure to ensure confidentiality and integrity of sensitive data.'
1461,NSR,'The module shall support Arabic language localization for international users.'
353,NSR,'Each Trusted Framework present on the card shall Ensure that incoming messages are properly routed unaltered to their intended destinations'
714,SR,'The module will enforce role-based access control to restrict user permissions to protect against unauthorized access.'
667,NSR,'The tool must be implemented using a modular architecture to facilitate independent component updates.'
1291,NSR,'The portal should validate input data before processing to prevent crashes from malformed input.'
1682,SR,'The framework will alert administrators when spyware activity is detected in real time to protect against unauthorized access.'
1526,SR,'The application shall classify detected trojans into known malware families.'
761,NSR,'The module shall allow authenticated users to upload tasks for analysis.'
2630,SR,'The service shall analyze binary files behavior in an isolated sandbox environment to prevent exploitation by malicious actors.'
1000,NSR,'The portal will implement graceful degradation so critical functions remain available during partial failures.'
1806,NSR,'The module will support French language localization for international users.'
736,NSR,'The portal will be implemented using a modular architecture to facilitate independent component updates.'
1349,NSR,'The software shall provide a role management interface for assigning permissions to user groups.'
1756,NSR,'The application must allow users to filter and search through configuration records efficiently.'
1635,SR,'The module must perform regular automated vulnerability scans against the deployed application to mitigate the risk of data breaches.'
707,SR,'The system must generate and rotate encryption keys every 6 months to minimize key exposure to protect against unauthorized access.'
3009,NSR,'The system must display results in both tabular and graphical chart formats.'
635,SR,'The software shall use asymmetric encryption (ECC) for secure key exchange using industry-standard cryptographic techniques.'
77,NSR,'The system shall allow council to select the location on Google maps or manually enter coordinates of the location of the stand. '
905,NSR,'The module will be packaged as a Docker container for simple installation on supported platforms.'
24,NSR,'The system should be able to carry out each task requested by the user as quickly as possible'
918,NSR,'The interface shall complete database queries in under 2 milliseconds for datasets of up to 50 records.'
771,NSR,"'The tool will be compatible with major cloud platforms including AWS, Azure, and Google Cloud.'"
464,NSR,"'""The OPEN shall support Application selection on an available Supplementary Logical Channel via two processes:   Implicit Selection following a successful MANAGE CHANNEL [open] command,   Explicit Selection through the SELECT [by name] command.""'"
782,NSR,'The application must allow export of scan findings to HTML for integration with ticketing systems.'
3089,NSR,'The system shall adhere to SOLID design principles to minimize coupling between components.'
2014,SR,'The component shall generate cryptographically secure session tokens for each authenticated user as part of the defence-in-depth security strategy.'
1104,SR,'The platform must comply with HIPAA data protection requirements as part of the defence-in-depth security strategy.'
60,NSR,'The system shall allow a user to send email. '
1080,NSR,'The module should provide a searchable database of historical scanning results.'
20,NSR,'The system shall allow the user to input the Licence number/national I.D Number of the driver in the system '
1389,NSR,'The system must generate automated summary emails of daily vulnerability assessment activities.'
1576,SR,'The system must verify digital signatures before processing received data to protect against unauthorized access.'
2662,SR,'The application shall monitor file system changes to detect ransomware encryption activity to protect against unauthorized access.'
42,SR,'The system will deliver emails whenever there is internet connection to receive the emails with minimal downtimes '
1316,NSR,'The tool will use less than 256MB of RAM during standard operation.'
63,SR,'The system shall allow a user to block internet to the computer doing port scanning. '
1637,NSR,'The module shall allow users to schedule automated malware analysis at configured intervals.'
638,SR,'The platform shall detect anomalous network traffic patterns indicative of backdoors activity.'
1250,SR,'The software will scan submitted code for XML injection security flaws to mitigate the risk of data breaches.'
741,SR,'The system should perform static analysis to identify potential SSRF vulnerabilities.'
728,NSR,'The dashboard should perform automated health checks every 24 seconds and alert on anomalies.'
1072,NSR,'The dashboard shall support bulk submission of queries for batch malware analysis processing.'
2074,SR,'The application must encrypt all authentication data using 3DES encryption.'
716,SR,'The tool shall automatically generate detailed reports of detected XSS (Cross-Site Scripting) vulnerabilities in order to maintain system integrity.'
980,SR,'The platform will use AES-256 with a 192-bit key to protect stored transaction to ensure confidentiality and integrity of sensitive data.'
1110,NSR,'The software will process submitted files within 15 seconds under normal load conditions.'
1412,SR,'The application must implement account lockout mechanisms after repeated failed login attempts as part of the defence-in-depth security strategy.'
29,NSR,'The user interface includes GUI (Graphic User Interface) which contains all basic plug ins that constitute the basic functions of the program.  '
1830,NSR,'The interface should provide a responsive design compatible with both desktop and mobile browsers.'
963,NSR,'The interface shall send a confirmation email to newly registered users with an activation link.'
1231,NSR,'The portal shall provide keyboard shortcuts for frequently used operations.'
1349,NSR,'The application must support plugin-based architecture to allow new detection modules to be added.'
1005,SR,'The service shall generate integrity reports for financial stored in the system.'
270,NSR,'The CNG shall support a mechanism allowing the support of call forking towards customer non-IMS capable devices and shall able to store information related to private identities of non-IMS capable CNDs.'
1130,NSR,'The application will support concurrent analysis of up to 500 simultaneous applications without degradation.'
1068,NSR,'The software must function correctly on both 32-bit and 64-bit system architectures.'
966,NSR,'The platform should generate detailed reports of scanning results in HTML format.'
932,NSR,'The software will allow export of analysis results to XML format for offline review.'
2922,SR,'The system should prevent downgrade attacks by enforcing minimum SFTP version requirements.'
2691,NSR,'The portal must allow export of analysis results to CSV format for offline review.'
2115,SR,'The software will enforce the principle of least privilege across all user roles to ensure compliance with security best practices.'
2058,NSR,'The software shall allow signature databases and detection rules to be updated without system restart.'
2014,SR,'The application must maintain a tamper-evident audit log of all authentication events to ensure compliance with security best practices.'
2782,SR,'The service should analyze HTTP requests and responses to detect SQL Injection attack patterns to prevent exploitation by malicious actors.'
59,NSR,'The system shall be an E-government content management system '
1865,NSR,'The module will allow users to schedule automated reporting at configured intervals.'
29,SR,"'The system should be able to analyze the network traffic and detects intrusion, attacks and threats to the network.'"
943,SR,'The module should identify command-and-control (C2) communication patterns in network traffic.'
184,NSR,'CPN should support user generated content (UGC) using  an NGN service.'
847,SR,'The agent should identify command-and-control (C2) communication patterns in network traffic to protect against unauthorized access.'
1568,NSR,'The dashboard will be packaged as a web application for simple installation on supported platforms.'
57,SR,'The proposed system shall be designed such that any glitch can be fixed in no time to restore service to users and it will allow adding functionality easily. '
1482,NSR,'The tool must generate automated summary emails of daily analysis activities.'
1403,NSR,'The module will support drag-and-drop file submission for ease of use.'
1398,NSR,'The module must allow users to filter and search through audit records efficiently.'
823,NSR,'The dashboard will integrate with third-party SIEM platforms via RESTful API.'
1422,SR,'The component will invalidate session tokens upon logout to prevent session hijacking to mitigate the risk of data breaches.'
187,NSR,'CPN should support bookmarks (e.g. hyperlinks) to stored and streaming user-generated content in order to store and exchange references to uploaded and streaming UGC .'
3003,NSR,'The platform should support import of threat intelligence feeds in CSV format.'
676,NSR,'The dashboard should integrate with third-party CI/CD platforms via SAML.'
1679,SR,'The platform will automatically generate detailed reports of detected SSRF vulnerabilities to mitigate the risk of data breaches.'
994,SR,'The tool should generate cryptographically secure session tokens for each authenticated user using industry-standard cryptographic techniques.'
1688,NSR,'The tool shall complete database queries in under 200 milliseconds for datasets of up to 1000 records.'
2269,SR,'The component shall verify digital signatures before processing received user in accordance with the security policy.'
63,NSR,'The software depends on the operating system speed and efficiency in its execution.  '
1229,NSR,'The application will maintain a consistent visual design across all screens and modules.'
582,NSR,'Script messages that conform to EMV specifications may be included as part of load  unload and currency exchange messages from the card issuer to the CEP card. An update key must be used when card parameters are changed. Script messages may be sent to the CEP card either before or after the credit for load  debit of unload and currency exchange commands'
1027,SR,'The tool must anonymize personally identifiable information before reporting as part of the defence-in-depth security strategy.'
2688,NSR,'The platform shall support virtualized environments including VMware and Hyper-V.'
2046,NSR,'The tool will validate input data before processing to prevent crashes from malformed input.'
659,NSR,'The system shall use less than 4MB of RAM during standard operation.'
1068,SR,'The framework should enforce network segmentation policies to limit lateral movement in order to maintain system integrity.'
1605,SR,'The system must embed an invisible digital watermark into PDF documents to protect ownership to protect against unauthorized access.'
1214,SR,'The application must authenticate users using PIN-based authentication to mitigate the risk of data breaches.'
659,SR,'The agent will limit login attempts to 5 consecutive failures before locking the account.'
704,NSR,'The application will present a summary dashboard showing key performance metrics at a glance.'
729,SR,'The service shall alert administrators when ransomware activity is detected in real time to mitigate the risk of data breaches.'
1654,NSR,'The portal must present a summary dashboard showing key detection metrics at a glance.'
1647,NSR,'The system should use less than 16MB of RAM during standard operation.'
1074,NSR,'The software will support multi-tenancy so multiple organizations can use the system independently.'
761,SR,'The module will implement end-to-end encryption for sensitive messages to ensure confidentiality and integrity of sensitive data.'
1237,NSR,'The dashboard will run on any system that has the JVM version 11 or later installed.'
1897,NSR,'The system should support installation via npm package manager.'
880,SR,'The application will implement end-to-end encryption for personal messages to ensure confidentiality and integrity of sensitive data.'
731,NSR,'The system will scale horizontally to handle increased scans volume without reconfiguration.'
928,NSR,'The application should support multi-tenancy so multiple organizations can use the system independently.'
676,SR,'The platform must extract and analyze malware indicators of compromise from samples to protect against unauthorized access.'
24,NSR,'The system shall adhere to HCI standards. '
1801,SR,'The tool shall generate behavioral reports for web applications executed in the sandbox to prevent exploitation by malicious actors.'
28,NSR,'The system should allow users to store critical information such as allergies and conditions on a central server. '
647,NSR,'The platform should perform automated health checks every 30 seconds and alert on anomalies.'
1764,NSR,'The dashboard shall achieve an uptime of at least 90% measured over a rolling monthly period.'
1423,SR,'The module should detect man-in-the-middle attacks through certificate validation monitoring.'
1283,SR,"'The platform must classify identified vulnerabilities by severity level (critical, high, medium, low) using industry-standard cryptographic techniques.'"
1759,SR,'The tool should support automatic updates to malware signature databases as part of the defence-in-depth security strategy.'
1181,NSR,'The platform must allow users to annotate and comment on malware analysis findings for team collaboration.'
1257,SR,'The service shall detect SSL/TLS misconfigurations and expired certificates in target systems in order to maintain system integrity.'
1804,SR,'The module should be easily updatable with security patches without disrupting service to mitigate the risk of data breaches.'
1538,SR,'The system shall embed an invisible digital watermark into PDF documents to protect ownership as part of the defence-in-depth security strategy.'
701,SR,'The platform should verify server certificates before establishing SFTP connections to ensure compliance with security best practices.'
621,NSR,'The dashboard should support multi-tenancy so multiple organizations can use the system independently.'
867,SR,'The system must analyze HTTP requests and responses to detect path traversal attack patterns.'
2321,SR,'The service shall mask sensitive financial fields in logs and reports to prevent exploitation by malicious actors.'
884,SR,'The system shall automatically generate detailed reports of detected broken authentication vulnerabilities to prevent exploitation by malicious actors.'
1134,NSR,'The interface should provide fail-safe behavior that prevents data loss in the event of an unexpected shutdown.'
58,NSR,'The proposed system is efficient as it is based on the most secure and efficient encryption algorithms.'
63,NSR,'The system shall allow a user to display message on rogue note screen warning the student by name that port scanning is not allowed and this is automatically added to the students record if such an offence is repeated more than once. '
643,SR,'The platform should detect outdated or vulnerable third-party libraries in analyzed applications in accordance with the security policy.'
1205,NSR,'The application must allow authenticated users to upload tasks for analysis.'
1769,NSR,'The interface shall display results in both tabular and graphical chart formats.'
1175,NSR,'The service shall generate detailed reports of malware analysis results in JSON format.'
1370,SR,'The component shall extract and analyze worms indicators of compromise from samples to ensure confidentiality and integrity of sensitive data.'
1082,SR,'The component should detect polymorphic and obfuscated keyloggers variants in order to maintain system integrity.'
1543,SR,'The module will verify server certificates before establishing HTTPS connections to ensure confidentiality and integrity of sensitive data.'
1189,NSR,'The interface must log all system errors with sufficient context for post-incident analysis.'
1319,NSR,'The application should allow users to view the history of previously submitted tasks.'
75,NSR,"'The system shall non-technical personnel with the most basic understanding of, web browsing and the internet to be able to use the system. '"
2045,SR,'The service must sign API responses to ensure integrity during transmission.'
92,SR,'The system shall  restrict illegal sharing of video content protected by copyright providing a secure algorithm for downloading and playback. '
1372,SR,'The system should limit login attempts to 3 consecutive consecutive failures before locking the account to mitigate the risk of data breaches.'
1235,SR,'The platform will capture and analyze TLS packets for signs of malicious activity as part of the defence-in-depth security strategy.'
3066,SR,'The framework should verify the integrity of authentication using cryptographic checksums in accordance with the security policy.'
2016,NSR,'The application shall backup critical scan data every 90-day to a secure offsite location.'
640,NSR,'The interface must separate configuration from code to allow environment-specific deployments.'
2312,SR,'The agent will log all network security events with timestamps for forensic analysis to protect against unauthorized access.'
1899,NSR,'The module shall provide keyboard shortcuts for frequently used operations.'
1980,SR,'The module shall monitor DNS queries to detect data exfiltration and domain generation algorithms to prevent exploitation by malicious actors.'
1344,NSR,'The software shall be accessible to users with disabilities by adhering to WCAG 2.1 guidelines.'
849,NSR,'The system should allow export of analysis results to PDF format for offline review.'
1641,NSR,'The service should include rollback capabilities to revert to a previous stable version if needed.'
181,NSR,'Media flows (data plane) transcoding shall be performed by STB or media gateway and not by the CNG.'
1657,NSR,'The service shall present scan results in a clear and easy-to-understand format.'
10,NSR,'The system shall be able to send phone location with a time period '
1123,NSR,'The software must log all system errors with sufficient context for post-incident analysis.'
1508,SR,'The component must automatically log out inactive sessions after 30 minutes of inactivity to prevent exploitation by malicious actors.'
56,NSR,'The system can be used in other platforms such as switching circuit or concerted to home security. '
1998,SR,'The tool must anonymize personally identifiable information before storage in accordance with the security policy.'
621,NSR,'The tool will minimize latency in real-time monitoring mode to under 30 milliseconds.'
1743,NSR,'The system should consume no more than 95% of available CPU resources during idle monitoring.'
1328,NSR,'The tool will allow users to filter and search through audit records efficiently.'
766,SR,'The service shall prevent downgrade attacks by enforcing minimum SSH version requirements to ensure confidentiality and integrity of sensitive data.'
3030,NSR,'The module shall scale horizontally to handle increased tasks volume without reconfiguration.'
697,NSR,'The software will allow users to set and manage analysis thresholds and alert rules.'
2396,NSR,'The system shall have a clean and intuitive interface that requires minimal training to operate.'
2476,NSR,'The dashboard shall automatically recover from non-critical errors without requiring manual intervention.'
2493,NSR,'The system should provide a centralized logging framework for debugging and system monitoring.'
57,NSR,'The system should be efficient to use and it takes less time to accomplish a particular task '
679,NSR,'The tool shall provide an audit trail of all administrative actions performed in the system.'
1893,NSR,'The application should function correctly on both 32-bit and 64-bit system architectures.'
1030,SR,'The module must generate cryptographically secure session tokens for each authenticated user in order to maintain system integrity.'
1042,SR,'The component should detect and block connections to known malicious IP addresses and domains.'
2729,SR,'The platform should detect the presence of malware in submitted Android applications to prevent exploitation by malicious actors.'
1008,SR,'The platform will obtain and record user consent before collecting configuration in accordance with the security policy.'
1959,NSR,'The software must provide a user-friendly graphical user interface (GUI) for ease of use.'
1628,NSR,'The application must ensure the system can process samples reliably across all supported cloud and on-premises environments.'
70,NSR,'The system shall be able to store transaction information. '
800,NSR,'The software will follow clean code principles and established design patterns for maintainability.'
1856,NSR,'The module should perform automated health checks every 30 seconds and alert on anomalies.'
974,SR,'The module should use TLS 1.2 or higher for all network communications in order to maintain system integrity.'
1063,SR,'The service will detect polymorphic and obfuscated cryptomining malware variants to ensure compliance with security best practices.'
1842,SR,'The tool should analyze Windows executables behavior in an isolated sandbox environment to ensure compliance with security best practices.'
1458,SR,'The system must require users to change default passwords upon first login to ensure confidentiality and integrity of sensitive data.'
826,SR,'The module shall store user passwords using SHA-256 hashing with unique salts using industry-standard cryptographic techniques.'
1308,NSR,'The application shall generate automated summary emails of daily malware analysis activities.'
84,NSR,'The system shall provide a comprehensive web interface to be used to track buses on their routes. '
1591,SR,'The tool must enforce network segmentation policies to limit lateral movement to prevent exploitation by malicious actors.'
1820,NSR,'The portal should process submitted queries within 1 seconds under normal load conditions.'
96,NSR,'The system shall be easy to transfer from one environment to another including install ability.'
1226,SR,'The tool shall identify open ports and running services on the target network as part of the defence-in-depth security strategy.'
833,NSR,'The software will support virtualized environments including VMware and Hyper-V.'
1467,NSR,'The tool shall consume no more than 95% of available CPU resources during idle monitoring.'
1229,SR,'The component will monitor file system changes to detect ransomware encryption activity to mitigate the risk of data breaches.'
1675,NSR,'The service will support redundant database configurations to prevent data loss.'
1380,NSR,'The tool should allow users to schedule automated reporting at configured intervals.'
14,SR,"'The system shall enable the detected cryptojacking domain or application to be logged, along with the date and time of detection. '"
95,SR,'The system shall be able to detect novel attacks which current systems do not yet detect. '
673,NSR,'The dashboard will provide a cross-platform command-line interface in addition to the GUI.'
2069,SR,'The framework must test for broken authentication and session management vulnerabilities as part of the defence-in-depth security strategy.'
8,NSR,"'The software is relatively fast to most GUI soft wares, this is because it will contain some low-level code running in the background '"
1756,SR,'The module should perform static analysis to identify potential SQL Injection vulnerabilities to mitigate the risk of data breaches.'
1285,NSR,'The dashboard must operate efficiently on systems with as little as 16GB of available RAM.'
1022,SR,'The agent will identify and classify keyloggers samples based on behavioral signatures to ensure compliance with security best practices.'
704,NSR,'The tool shall allow export of scan findings to HTML for integration with ticketing systems.'
1717,SR,'The application will apply a visible digital watermark to audio files upon author submission.'
2050,SR,'The application shall generate and rotate encryption keys every 24 hours to minimize key exposure in accordance with the security policy.'
828,NSR,'The platform will provide a RESTful API that allows external systems to trigger and retrieve authentication results.'
78,SR,'The system shall prompt the user to identify themselves by supplying a username and password. '
1034,NSR,'The application should allow export of scan findings to JSON for integration with ticketing systems.'
2802,NSR,'The interface will allow multiple users to collaborate on vulnerability assessment within a shared workspace.'
1960,NSR,'The system will validate input data before processing to prevent crashes from malformed input.'
1044,SR,'The platform should be easily updatable with security patches without disrupting service using industry-standard cryptographic techniques.'
819,NSR,"'The portal shall allow users to register an account by providing their username, email address, and contact number.'"
1277,NSR,'The module must run on any system that has Python version 11 or later installed.'
786,SR,'The framework should detect distributed denial-of-service (DDoS) attack patterns in traffic to protect against unauthorized access.'
1304,NSR,'The platform will allow users to filter and search through scan records efficiently.'
1630,SR,'The framework must authenticate users using OTP-based authentication.'
60,SR,'PlutoMail will offer spam protection at server level and eliminates the need to install and update antispam software on each desktop.  '
59,SR,'The system shall allow a user to view content or dashboard. '
2099,NSR,'The system shall maintain performance under peak load conditions of 20 simultaneous users.'
657,SR,'The component shall use asymmetric encryption (ECC) for secure key exchange.'
1096,NSR,'The application shall support database schema migrations to allow incremental system upgrades.'
1166,SR,'The software shall notify administrators of critical security events via in-app notifications as part of the defence-in-depth security strategy.'
324,NSR,'The OPEN shall own the GlobalPlatform register that contains information for managing the card  Executable Load Files Applications  Security Domain associations  and privileges.'
1366,NSR,'The system shall operate efficiently on systems with as little as 2GB of available RAM.'
1365,SR,'The component shall authenticate users using certificate-based authentication using industry-standard cryptographic techniques.'
644,NSR,'The system will provide a simple three-step workflow for account management tasks.'
1461,NSR,'The platform must complete database queries in under 3 milliseconds for datasets of up to 20 records.'
1523,SR,'The system will mask sensitive medical fields in logs and reports in accordance with the security policy.'
2317,SR,'The system should identify unauthorized network devices connected to the internal network.'
1374,SR,'The tool will use AES-256 with a 4096-bit key to protect stored authentication.'
1525,NSR,'The dashboard must provide a disaster recovery plan with a recovery time objective of 24 hours.'
1427,NSR,'The application should support import of threat intelligence feeds in JSON format.'
909,SR,'The module should generate behavioral reports for web applications executed in the sandbox as part of the defence-in-depth security strategy.'
1751,SR,'The agent must prevent privilege escalation attacks by validating all permission changes in order to maintain system integrity.'
2075,NSR,'The platform will log all system errors with sufficient context for post-incident analysis.'
917,SR,'The software shall limit login attempts to 3 consecutive failures before locking the account to ensure compliance with security best practices.'
1284,SR,'The tool will generate and rotate encryption keys every 6 months to minimize key exposure in accordance with the security policy.'
1305,NSR,'The service should provide a responsive design compatible with both desktop and mobile browsers.'
1989,SR,'The application must encrypt all configuration data using AES-128 encryption to ensure confidentiality and integrity of sensitive data.'
667,SR,'The module must monitor DNS queries to detect data exfiltration and domain generation algorithms to protect against unauthorized access.'
1172,SR,'The application will prevent privilege escalation attacks by validating all permission changes to ensure confidentiality and integrity of sensitive data.'
1805,NSR,'The portal must be deployable on Ubuntu 20.04 and later operating systems without modification.'
1163,SR,'The software should securely store encryption keys in a dedicated key management system to protect against unauthorized access.'
2106,NSR,'The platform will complete database queries in under 15 milliseconds for datasets of up to 5 records.'
542,NSR,'Payment for a transaction is only required when a detail transaction is submitted for payment  A merchant acquirer may choose to pay the merchant using the batch total'
922,SR,'The tool should monitor system calls to detect keyloggers activity at runtime as part of the defence-in-depth security strategy.'
1098,NSR,'The interface shall provide a cross-platform command-line interface in addition to the GUI.'
883,SR,'The module shall digitally sign all sensitive to ensure authenticity and non-repudiation.'
656,SR,'The component shall detect SSL/TLS misconfigurations and expired certificates in target systems to protect against unauthorized access.'
22,SR,'The system shall allow for easy maintenance. '
1427,SR,'The module should identify and classify malware samples based on behavioral signatures as part of the defence-in-depth security strategy.'
100,NSR,'The system shall be able to send email and sms alerts of fraudulent transactions. '
94,NSR,'The digital watermarking system shall be compatible will all operating systems. '
685,NSR,'The software will generate analysis reports in under 10 seconds for typical scans.'
1550,SR,'The tool will authenticate users using OAuth 2.0 to protect against unauthorized access.'
48,NSR,'Parameter inputs are supplied using different user friendly input components that ate based on Graphical User Interface (GUI) concepts. '
1323,NSR,'The tool should provide a role management interface for assigning permissions to user groups.'
32,SR,'The system shall enable verifying of the signature using the group public key so that it will be convinced that it actually came from the organization without the knowledge of the actual singer. '
1272,SR,'The tool will use asymmetric encryption (RSA-4096) for secure key exchange in accordance with the security policy.'
1360,NSR,'The dashboard must generate automated summary emails of daily scanning activities.'
3053,NSR,'The module will generate automated summary emails of daily vulnerability assessment activities.'
134,SR,'The diagnostic operations on the CPN by an operator shall be performed in accordance with rules protecting the users' privacy.'
1158,NSR,'The application will support Arabic language localization for international users.'
1614,NSR,'The dashboard will generate detailed reports of detection results in JSON format.'
1023,SR,'The agent must scan submitted code for command injection security flaws in accordance with the security policy.'
1379,SR,'The platform will analyze HTTP requests and responses to detect XXE injection attack patterns.'
1457,SR,'The application must verify digital signatures before processing received data to ensure confidentiality and integrity of sensitive data.'
1022,SR,'The software will monitor TCP/IP network traffic to detect security anomalies in accordance with the security policy.'
1491,SR,'The component should alert administrators when keyloggers activity is detected in real time.'
2202,NSR,'The portal must consume no more than 99.5% of available CPU resources during idle monitoring.'
875,NSR,'The service shall achieve a throughput of at least 20 samples per hour in production.'
1681,SR,'The tool will validate user credentials against the LDAP directory before allowing access to ensure confidentiality and integrity of sensitive data.'
31,NSR,'The system will be used by government officials to bring relevant information to the user unlike the normal web search where information retrieval is difficult as hundreds of irrelevant documents are returned in response to a search query. '
44,SR,'The system database should be backed up continuously at least once every for hour in order to minimize data loss in the case of a catastrophic failure. '
158,SR,'The CNG may act as a proxy for handling messages (requests and responses) related to the remote access scenarios to and from the home.'
1375,NSR,'The service should allow users to set and manage malware analysis thresholds and alert rules.'
2102,SR,'The tool will prevent privilege escalation attacks by validating all permission changes to ensure confidentiality and integrity of sensitive data.'
772,SR,'The application will extract and verify digital watermarks from submitted audio files as part of the defence-in-depth security strategy.'
924,SR,'The platform should monitor file system changes to detect ransomware encryption activity.'
1457,NSR,'The portal shall allow users to set and manage monitoring thresholds and alert rules.'
874,SR,'The module will prevent unauthorized access to sensitive authentication through access controls to prevent exploitation by malicious actors.'
1624,SR,'The system must extract and analyze adware indicators of compromise from samples in order to maintain system integrity.'
94,NSR,"'The system shall offer a high performance in the time taken by agents on searching the watermarked image, collecting and processing reports to the agency. '"
1399,SR,'The framework should enforce certificate-based authentication before granting access to protected resources in order to maintain system integrity.'
1354,NSR,'The dashboard should include rollback capabilities to revert to a previous stable version if needed.'
79,SR,'The system shall allow that as the number of patient records increases with time and the capacity of the system to hold these records must also increase as the records increase.  '
1535,NSR,'The service shall have a clean and intuitive interface that requires minimal training to operate.'
1713,SR,'The agent shall perform regular automated vulnerability scans against the deployed application using industry-standard cryptographic techniques.'
1262,NSR,'The dashboard must support drag-and-drop file submission for ease of use.'
1414,NSR,'The application should ensure the system can process scans reliably across all supported cloud and on-premises environments.'
1175,NSR,'The dashboard shall achieve a throughput of at least 1000 requests per hour in production.'
2391,NSR,'The service will provide a simple three-step workflow for file submission tasks.'
867,SR,'The tool shall detect man-in-the-middle attacks through certificate validation monitoring using industry-standard cryptographic techniques.'
1707,SR,'The system should sign API responses to ensure integrity during transmission to mitigate the risk of data breaches.'
1512,NSR,'The tool will present scan results in a clear and easy-to-understand format.'
1834,SR,'The software shall monitor system calls to detect cryptomining malware activity at runtime as part of the defence-in-depth security strategy.'
2093,NSR,'The dashboard will generate structured logs in CEF (Common Event Format) format for consumption by log aggregators.'
1858,SR,'The component should monitor HTTPS and TLS network traffic to detect security anomalies in accordance with the security policy.'
845,SR,'The tool shall prevent downgrade attacks by enforcing minimum WPA3 version requirements in accordance with the security policy.'
658,NSR,'The tool will maintain a consistent visual design across all screens and modules.'
53,NSR,'The embedding module of the invisible digital watermark is implemented using the Discrete Cosine Transform (DCT). '
619,NSR,'The platform will allow multiple users to collaborate on vulnerability assessment within a shared workspace.'
2108,SR,'The framework shall encrypt data at rest using AES-128 to protect against unauthorized access as part of the defence-in-depth security strategy.'
913,SR,'The system will maintain a tamper-evident audit log of all access events to ensure confidentiality and integrity of sensitive data.'
1044,SR,'The framework will enforce network segmentation policies to limit lateral movement.'
938,SR,'The service must embed an invisible digital watermark into PDF documents to protect ownership.'
806,SR,'The application will detect SSL/TLS misconfigurations and expired certificates in target systems to prevent exploitation by malicious actors.'
724,SR,'The component will monitor system calls to detect rootkits activity at runtime.'
2083,SR,'The platform should associate the embedded watermark with the author's registration number to ensure compliance with security best practices.'
1666,NSR,'The service will run on any system that has Node.js version 16 or later installed.'
643,NSR,'The system will implement dependency injection to improve testability of individual components.'
1038,SR,'The framework must encrypt data at rest using AES-256 to protect against unauthorized access.'
699,SR,'The software must monitor UDP network traffic to detect security anomalies to protect against unauthorized access.'
1390,SR,'The platform must support automatic updates to malware signature databases in accordance with the security policy.'
813,NSR,'The tool must generate detailed reports of monitoring results in JSON format.'
1729,NSR,'The software will provide a searchable database of historical reporting results.'
831,SR,'The software will digitally sign all financial to ensure authenticity and non-repudiation to ensure confidentiality and integrity of sensitive data.'
2501,SR,'The framework shall enforce network segmentation policies to limit lateral movement to protect against unauthorized access.'
1242,NSR,'The module shall follow clean code principles and established design patterns for maintainability.'
737,NSR,'The software shall provide keyboard shortcuts for frequently used operations.'
1644,NSR,"'The platform shall allow users to register an account by providing their name, email, and department.'"
978,NSR,'The module will provide a RESTful API that allows external systems to trigger and retrieve malware analysis results.'
1693,NSR,'The module will support import of threat intelligence feeds in PDF format.'
1102,NSR,'The module must support automated unit and integration testing with a code coverage target of 95%.'
810,NSR,"'The system shall allow administrators to create, read, update, and delete user accounts.'"
709,SR,'The agent must validate input sanitization to prevent LDAP injection injection attacks in accordance with the security policy.'
95,SR,"'The system shall analyse the network traffic and detects intrusion, attacks and threats to the network. '"
1270,SR,'The framework must restrict access to transaction based on the user's clearance level as part of the defence-in-depth security strategy.'
58,NSR,'The system shall be interactive and provides help information to help the clients and give them guidance on how to use the system. '
1168,SR,'The system should require multi-factor authentication (MFA) for all administrative operations to ensure confidentiality and integrity of sensitive data.'
1964,NSR,'The dashboard should separate configuration from code to allow environment-specific deployments.'
11,NSR,'The system shall enable Bitcoin transaction processing '
1728,SR,'The component shall comply with GDPR data protection requirements to prevent exploitation by malicious actors.'
1262,SR,'The system should scan submitted code for SQL Injection security flaws in accordance with the security policy.'
1592,NSR,'The portal should allow multiple users to collaborate on detection within a shared workspace.'
960,SR,'The tool must enforce the principle of least privilege across all user roles using industry-standard cryptographic techniques.'
820,SR,'The platform must identify and report LDAP injection injection points in target applications to ensure compliance with security best practices.'
3,SR,'Allow the user to check the integrity of stored data through the PDP NSR. '
1096,SR,'The module must enforce network segmentation policies to limit lateral movement.'
1136,NSR,'The service must provide a responsive design compatible with both desktop and mobile browsers.'
101,NSR,"'The system shall offer compression ability so as to save data usage, time and storage space and also decompression option for the file to be presentable or readable to the end user.'"
729,NSR,'The service shall provide keyboard shortcuts for frequently used operations.'
41,NSR,"'The system shall allow the administrator to register and create user accounts, the system shall capture user details like username, email address, phone number etc  '"
1772,NSR,'The service should complete database queries in under 2 milliseconds for datasets of up to 100 records.'
763,SR,'The tool will enforce HTTPS for all data transmission between client and server to ensure compliance with security best practices.'
73,NSR,'The system shall be very simple to use. Simple voice instructions will assist users with operation guidelines. '
16,SR,'The system shall keep logs for every operation made by the user for audit trailing commitments.'
675,SR,'The service must apply a visible digital watermark to audio files upon author submission to ensure confidentiality and integrity of sensitive data.'
1047,SR,'The platform must identify open ports and running services on the target network to protect against unauthorized access.'
989,SR,'The software shall integrate with existing SIEM systems for centralized security monitoring in order to maintain system integrity.'
2224,SR,'The platform shall anonymize personally identifiable information before transmission to ensure confidentiality and integrity of sensitive data.'
432,NSR,'The Basic Logical Channel is the permanently available interface to a GlobalPlatform card and shall be supported by the OPEN.'
1524,NSR,'The platform shall generate detailed reports of reporting results in PDF format.'
955,NSR,'The platform should provide a notification system that alerts users when vulnerability assessment is complete.'
1096,SR,'The application shall enforce certificate-based authentication before granting access to protected resources in order to maintain system integrity.'
684,NSR,'The portal must support bulk submission of requests for batch scanning processing.'
1826,NSR,'The dashboard must automatically recover from non-critical errors without requiring manual intervention.'
2360,SR,'The tool should detect cryptojacking activity by monitoring CPU usage and network connections as part of the defence-in-depth security strategy.'
920,NSR,'The dashboard will achieve an uptime of at least 99.5% measured over a rolling 90-day period.'
1443,SR,'The component must log all network security events with timestamps for forensic analysis to mitigate the risk of data breaches.'
34,SR,'The system shall be able to encrypt communication '
2001,SR,'The framework must perform static analysis to identify potential insecure deserialization vulnerabilities as part of the defence-in-depth security strategy.'
177,NSR,'In case of multicast streams the CNG should support proxy functionalities to optimize the management of information related to signalling.'
345,SR,'The runtime environment is responsible for Performing secure memory management'
755,SR,'The system will extract and analyze trojans indicators of compromise from samples to ensure compliance with security best practices.'
663,SR,'The tool will encrypt data at rest using ChaCha20-Poly1305 to protect against unauthorized access as part of the defence-in-depth security strategy.'
1476,NSR,'The dashboard should provide a responsive design compatible with both desktop and mobile browsers.'
1627,NSR,'The software should provide a centralized logging framework for debugging and system monitoring.'
2747,NSR,'The dashboard should maintain performance under peak load conditions of 1000 simultaneous users.'
2684,SR,'The module should obtain and record user consent before collecting transaction using industry-standard cryptographic techniques.'
1196,NSR,'The portal must maintain performance under peak load conditions of 1000 simultaneous users.'
1124,NSR,'The module shall provide a notification system that alerts users when detection is complete.'
699,NSR,'The system shall allow export of analysis results to JSON format for offline review.'
952,SR,'The platform shall perform static analysis to identify potential CSRF vulnerabilities to protect against unauthorized access.'
68,NSR,'The interface should be clear enough and simple to understand for its designated users. '
1598,SR,'The module shall identify unauthorized network devices connected to the internal network in accordance with the security policy.'
1438,NSR,'The system will allow users to filter and search through incident records efficiently.'
826,NSR,'The interface should complete database queries in under 200 milliseconds for datasets of up to 50 records.'
79,SR,'The system shall be designed with ease of access in mind as the data may be needed in emergency situations. '
716,NSR,'The interface must provide keyboard shortcuts for frequently used operations.'
13,NSR,'The system shall report motion and alert the responsible parties after analyzing the conditions without the aid of external motion detection sensors. '
2602,SR,'The platform must implement end-to-end encryption for authentication messages to prevent exploitation by malicious actors.'
643,NSR,'The dashboard should be containerized using Docker for consistent deployment across environments.'
1175,NSR,'The application will test failover mechanisms periodically to ensure they operate as expected.'
1990,NSR,'The module shall allow export of scan findings to HTML for integration with ticketing systems.'
1555,SR,'The agent will anonymize personally identifiable information before transmission.'
905,NSR,'The software should be implemented using a modular architecture to facilitate independent component updates.'
1387,NSR,'The service must provide a disaster recovery plan with a recovery time objective of 100 hours.'
1132,SR,'The tool must maintain a tamper-evident audit log of all file access events to mitigate the risk of data breaches.'
1063,SR,'The module must capture and analyze HTTPS and TLS packets for signs of malicious activity to ensure confidentiality and integrity of sensitive data.'
2420,SR,'The agent shall classify detected malware into known malware families using industry-standard cryptographic techniques.'
828,SR,'The platform should detect the presence of malware in submitted binary files in accordance with the security policy.'
2428,NSR,'The tool will allow authenticated users to upload queries for analysis.'
1504,SR,'The service will perform static analysis to identify potential insecure deserialization vulnerabilities to ensure confidentiality and integrity of sensitive data.'
862,NSR,'The portal shall offer a dark mode option in addition to the default light theme.'
1443,NSR,'The tool shall function correctly on both 32-bit and 64-bit system architectures.'
622,SR,'The framework should analyze binary files behavior in an isolated sandbox environment.'
636,SR,'The platform must detect format string vulnerabilities in submitted web applications to prevent exploitation by malicious actors.'
28,SR,'The system shall allow approved certified health providers to append information into the encrypted central server. '
905,NSR,'The interface should provide a searchable database of historical monitoring results.'
906,NSR,'The interface should process submitted files within 1 seconds under normal load conditions.'
1030,NSR,'The service shall be packaged as a standalone executable for simple installation on supported platforms.'
81,SR,'The system shall allow only authorised users to access information and it shall protect users data from intruders. '
945,SR,'The agent must embed an invisible digital watermark into video files to protect ownership in accordance with the security policy.'
1914,NSR,'The software should support installation via apt package manager.'
977,NSR,'The tool shall present a summary dashboard showing key scan metrics at a glance.'
1063,NSR,'The system will support plugin-based architecture to allow new detection modules to be added.'
894,SR,'The platform shall associate the embedded watermark with the author's registration number.'
105,NSR,'The systems Malware analyser shall send all the files and their logs to the main server at the end of the analysis process '
1482,NSR,'The application must be containerized using Docker for consistent deployment across environments.'
924,NSR,'The dashboard should display progress indicators during long-running analysis operations.'
1902,SR,'The tool will comply with NIST data protection requirements to prevent exploitation by malicious actors.'
1035,SR,'The module should enforce HTTPS for all data transmission between client and server to ensure confidentiality and integrity of sensitive data.'
58,NSR,"'The system is developed using python programming which is platform independent meaning that it can be deployed used on any platform, be it windows, Linux or MAC OS.  '"
1262,NSR,'The tool shall allow administrators to generate activity reports filtered by severity level.'
1342,NSR,'The service should achieve an uptime of at least 1% measured over a rolling 90-day period.'
1033,SR,'The module must enforce HTTPS for all data transmission between client and server.'
812,SR,"'The platform should classify identified vulnerabilities by severity level (critical, high, medium, low) to prevent exploitation by malicious actors.'"
1247,SR,'The platform should implement end-to-end encryption for user messages.'
2723,SR,'The platform shall notify administrators of critical security events via push notifications.'
1185,NSR,'The tool shall automatically recover from non-critical errors without requiring manual intervention.'
910,SR,'The platform will prevent unauthorized access to sensitive authentication through access controls to ensure confidentiality and integrity of sensitive data.'
1174,SR,'The software must detect cryptojacking activity by monitoring CPU usage and network connections.'
2002,SR,'The tool shall digitally sign all session to ensure authenticity and non-repudiation.'
32,NSR,'The system shall allow a member to spontaneously form a group of n signers using group public keys which associate the group members '
895,SR,'The platform must monitor file system changes to detect ransomware encryption activity.'
1451,NSR,'The system should allow users to register an account by providing their email and organization details.'
1797,SR,'The software must enforce role-based access control to restrict user permissions.'
1363,SR,'The agent should support automatic updates to malware signature databases using industry-standard cryptographic techniques.'
1302,NSR,'The module shall display real-time malware analysis status updates without requiring page refresh.'
1136,NSR,'The module should support Portuguese language localization for international users.'
684,NSR,'The dashboard should backup critical user data every annual to a secure offsite location.'
37,NSR,"'The system shall provide a high speed of searching, comparing and matching the captured image with the one in the data base as determined by the algorithm used. '"
2391,NSR,'The dashboard will require no platform-specific dependencies outside of the documented prerequisites.'
1310,SR,'The agent will detect and block connections to known malicious IP addresses and domains as part of the defence-in-depth security strategy.'
746,SR,'The service will implement biometric authentication to prevent unauthorized access as part of the defence-in-depth security strategy.'
19,SR,'The system shall enforce security through the use of password protected user accounts '
1524,NSR,'The interface must support installation via Homebrew package manager.'
1142,SR,'The platform should classify detected cryptomining malware into known malware families as part of the defence-in-depth security strategy.'
1121,NSR,'The application will send a confirmation email to newly registered users with an activation link.'
1060,NSR,'The service must support automated unit and integration testing with a code coverage target of 99.5%.'
1332,NSR,'The system shall run on any system that has .NET version 3.10 or later installed.'
1378,SR,'The component should implement account lockout mechanisms after repeated failed login attempts to prevent exploitation by malicious actors.'
2511,SR,'The system shall implement secure communication channels using IPSec protocol in accordance with the security policy.'
1178,SR,'The platform should use HMAC-SHA-3 to authenticate API requests and prevent replay attacks to protect against unauthorized access.'
414,NSR,'The GlobalPlatform Registry is a data store required to support the various system functions of the GlobalPlatform.'
924,SR,'The application will detect duplicate submissions of watermarked audio files by different authors to protect against unauthorized access.'
843,NSR,'The software must provide an audit trail of all administrative actions performed in the system.'
404,SR,'The SECURED state may be used to enforce the relevant security policies of the security domain and applications'
672,SR,'The component will monitor UDP network traffic to detect security anomalies in accordance with the security policy.'
1283,SR,'The tool will analyze web applications behavior in an isolated sandbox environment to prevent exploitation by malicious actors.'
1227,SR,'The software shall implement certificate pinning to prevent format string attacks in accordance with the security policy.'
77,NSR,'The Blockchain Land Registry system smart contract stores the data. '
512,NSR,'In the case of an unsuccessful completion  exception processing outlined in the On-line Exception Processing section is performed'
963,SR,'The component shall identify and report CSRF injection points in target applications to ensure confidentiality and integrity of sensitive data.'
1111,SR,'The framework should detect the presence of adware in submitted web applications in accordance with the security policy.'
63,NSR,'The system shall allow time to fetch student details from the database to be 2 seconds (To be tested during development). '
806,NSR,'The application shall maintain performance under peak load conditions of 500 simultaneous users.'
1423,NSR,'The service shall allow users to schedule automated authentication at configured intervals.'
1809,NSR,'The service must perform automated health checks every 24 seconds and alert on anomalies.'
41,NSR,'The system shall allow generation of public and private keys.  These keys will be used for encryption and decryption of the AES symmetric key for a safer key exchange  '
629,NSR,'The application shall maintain a structured database of known vulnerability signatures and indicators.'
1312,SR,'The application shall sign API responses to ensure integrity during transmission to ensure confidentiality and integrity of sensitive data.'
2921,SR,'The service must integrate with existing SIEM systems for centralized security monitoring to ensure confidentiality and integrity of sensitive data.'
1155,SR,'The software shall enforce network segmentation policies to limit lateral movement.'
46,NSR,'The system shall have a database for storing of user accounts and particulars of the registered users. '
949,SR,"'The software should classify identified vulnerabilities by severity level (critical, high, medium, low) as part of the defence-in-depth security strategy.'"
1377,NSR,'The module should consume no more than 0.1% of available CPU resources during idle monitoring.'
42,NSR,'The system will be very reliable in classifying the emails correctly as ham or spam since a large dataset was used to train the classifier with various emails labeled as ham and spam respectively. '
76,NSR,'The system shall use simple to understand commands for user operation and the same will apply to the querying and editing segments. '
1694,SR,'The tool shall correlate network events against threat intelligence blacklists using industry-standard cryptographic techniques.'
862,NSR,'The service shall provide a notification system that alerts users when analysis is complete.'
1571,SR,'The service should be easily updatable with security patches without disrupting service to ensure compliance with security best practices.'
1559,NSR,'The dashboard shall have a clean and intuitive interface that requires minimal training to operate.'
1726,NSR,'The portal shall ensure the system can process tasks reliably across all supported Windows and Linux environments.'
1338,NSR,'The module should integrate with third-party SIEM platforms via RESTful API.'
63,SR,"'The software will look at port scanning only on the host it will be deployed on, this will devote all the listen to one part of the many policies in a computer. '"
92,NSR,'The proposed algorithm shall  be able to be implemented by numerous legally operating online video. '
95,SR,'The system shall be able to sniff the traffic to and from the network in real-time. '
1562,NSR,"'The system will allow users to register an account by providing their name, email, and department.'"
48,SR,'The system should be able to carefully diagnose the real vulnerabilities when they exist based on conducting formula-based experiments. '
2403,SR,'The system will support automatic updates to malware signature databases to protect against unauthorized access.'
2091,SR,'The framework will detect polymorphic and obfuscated worms variants to protect against unauthorized access.'
1288,NSR,'The platform must allow users to customize dashboard layouts according to their preferences.'
729,NSR,'The module will provide a notification system that alerts users when authentication is complete.'
814,NSR,'The application must minimize latency in real-time monitoring mode to under 3 milliseconds.'
1711,NSR,'The dashboard will provide a role management interface for assigning permissions to user groups.'
793,NSR,'The tool shall run on any system that has Node.js version 14 or later installed.'
1312,NSR,'The service should maintain a consistent visual design across all screens and modules.'
171,NSR,'Codec requirements and capabilities for the User Equipment (including the CNG) are already defined in TSÃ¯Â¿Â½181 005 [1] which describes service requirements and capabilities for the TISPAN NGN.'
1468,NSR,'The platform will consume no more than 85% of available CPU resources during idle monitoring.'
1624,NSR,'The service should allow export of analysis results to HTML format for offline review.'
183,NSR,'Presence related information shall be sent to the NGN by the STB or the CNG (depending on the specific architectural choices  CNG could manage the presence related information on behalf of the specific device used) to enable specific services tailored on the specific user's profile.'
96,NSR,'The SAG system shall perform well in web environments. '
912,SR,'The tool should securely store encryption keys in a dedicated key management system to ensure confidentiality and integrity of sensitive data.'
907,NSR,'The module must support redundant database configurations to prevent data loss.'
769,NSR,'The software will offer a dark mode option in addition to the default light theme.'
807,SR,'The service should verify digital signatures before processing received data to ensure compliance with security best practices.'
1786,NSR,'The application must be implemented using a modular architecture to facilitate independent component updates.'
1257,SR,'The software shall test for broken authentication and session management vulnerabilities as part of the defence-in-depth security strategy.'
37,NSR,'In this system the RFID system should be linked to facial recognition system so that it functions as one access control security system. Functionality'
1656,NSR,'The service must display real-time reporting status updates without requiring page refresh.'
1861,NSR,'The dashboard will use version control best practices including branching strategies and commit conventions.'
2770,SR,'The application should protect private keys from unauthorized extraction or export to protect against unauthorized access.'
1625,SR,'The software will enforce the principle of least privilege across all user roles to protect against unauthorized access.'
1260,NSR,'The tool must display real-time detection status updates without requiring page refresh.'
2287,SR,'The component shall implement end-to-end encryption for configuration messages using industry-standard cryptographic techniques.'
1867,NSR,'The dashboard shall support Spanish language localization for international users.'
1364,SR,'The service will obtain and record user consent before collecting transaction to ensure confidentiality and integrity of sensitive data.'
39,SR,'The system should pertain to all the situations so that it can be recoverable in any error conditions.  '
778,NSR,'The dashboard shall process submitted samples within 10 seconds under normal load conditions.'
2091,SR,'The tool shall prevent unauthorized access to sensitive financial through access controls.'
94,NSR,'The system shall require the agents to report the detected images to the agencys database. '
1017,NSR,'The application shall display progress indicators during long-running analysis operations.'
535,NSR,'Ensure that CA public keys  aggregation parameters  blocking lists and issuer certificate revocation lists from the scheme providers are sent to the POS devices'
664,NSR,'The platform must achieve a detection accuracy of at least 90% on requests.'
41,SR,'The system shall send a one-time password to the user phone for the completion of the login process '
1972,NSR,'The module will maintain performance under peak load conditions of 500 simultaneous users.'
2179,NSR,'The dashboard shall complete database queries in under 24 milliseconds for datasets of up to 1000 records.'
1650,NSR,'The system should provide a disaster recovery plan with a recovery time objective of 24 hours.'
1161,NSR,'The platform should provide a RESTful API that allows external systems to trigger and retrieve analysis results.'
2000,NSR,'The system should support import of threat intelligence feeds in HTML format.'
1589,SR,'The component shall monitor DNS queries to detect data exfiltration and domain generation algorithms.'
1598,SR,'The software shall detect cryptojacking activity by monitoring CPU usage and network connections to ensure compliance with security best practices.'
1028,SR,'The tool should apply a visible digital watermark to PDF documents upon author submission to ensure confidentiality and integrity of sensitive data.'
68,NSR,'The model should produce estimates very early i.e. it should be able to produce an estimate within the very day you receive and feed requirements to it as the training process would have been done already. '
693,NSR,'The tool shall provide a RESTful API that allows external systems to trigger and retrieve analysis results.'
50,NSR,'The system shall generate a generalisation report. '
2291,SR,'The tool shall sign API responses to ensure integrity during transmission to protect against unauthorized access.'
1843,NSR,'The module should process submitted applications within 24 seconds under normal load conditions.'
1250,SR,'The platform will verify server certificates before establishing SFTP connections using industry-standard cryptographic techniques.'
1484,NSR,'The platform shall allow export of scan findings to CSV for integration with ticketing systems.'
49,NSR,'The system player shall be interact with user using a Graphical User Interface.'
1347,NSR,'The module will adhere to SOLID design principles to minimize coupling between components.'
1294,NSR,'The dashboard should validate input data before processing to prevent crashes from malformed input.'
60,NSR,'The system shall simplify business operations. '
1846,SR,'The tool should enforce role-based access control to restrict user permissions.'
764,NSR,'The application will provide a RESTful API that allows external systems to trigger and retrieve reporting results.'
872,NSR,'The interface will provide contextual help tooltips and user documentation throughout the interface.'
18,SR,'The system should restrict password attempts to three only. '
739,NSR,'The service will log all system errors with sufficient context for post-incident analysis.'
1300,NSR,'The application must integrate with third-party cloud storage platforms via SAML.'
1399,SR,'The service should implement certificate pinning to prevent CSRF attacks to protect against unauthorized access.'
775,SR,'The software will correlate network events against threat intelligence blacklists in accordance with the security policy.'
1034,SR,'The module must detect path traversal vulnerabilities in submitted web applications.'
85,SR,'The system shall that the information collected from the previous stage of life should be readily available in any stage and whenever it is required by the rightful user '
891,NSR,'The portal will support pagination for large result sets to maintain performance.'
2734,NSR,'The tool shall allow users to view the history of previously submitted scans.'
1397,NSR,'The dashboard will maintain a false positive rate below 99% during detection operations.'
55,SR,'The system shall provide file type filtering so as to avoid overloading the normal flow information with unnecessary files. '
1347,NSR,'The software should achieve a detection accuracy of at least 99.9% on queries.'
1678,SR,'The agent must identify and report buffer overflow injection points in target applications to ensure confidentiality and integrity of sensitive data.'
1223,NSR,'The system will send a confirmation email to newly registered users with an activation link.'
37,NSR,"'The system modules are designed so that they can communicate with each other,  It applies to the hardware, software interfaces that will between the user and the machine.  '"
761,SR,'The system must detect the presence of trojans in submitted Android applications in order to maintain system integrity.'
103,SR,'The system shall prevent any media from being sent or received using Bluetooth. '
1306,SR,'The platform shall maintain a tamper-evident audit log of all administrative events.'
69,SR,'The system is a very secure system with log on credentials allowing access to only authorised members. It ensures that information is kept secured at every moment and only the right people have access to records. '
1335,SR,'The module will implement behavioural biometrics to prevent unauthorized access.'
84,NSR,'The system shall detect an accident upon impact and will automatically send an alert (SMS) to a designated phone. '
650,NSR,'The service will provide fail-safe behavior that prevents data loss in the event of an unexpected shutdown.'
2835,NSR,'The system must implement dependency injection to improve testability of individual components.'
103,NSR,' The system shall provide guidance to the parent on how to use it.'
1606,SR,'The software shall scan submitted code for command injection security flaws to ensure compliance with security best practices.'
1951,NSR,'The service will test failover mechanisms periodically to ensure they operate as expected.'
944,SR,'The component must verify the integrity of configuration using cryptographic checksums.'
666,NSR,'The software must provide a role management interface for assigning permissions to user groups.'
2000,NSR,'The module shall allow multiple users to collaborate on scanning within a shared workspace.'
1269,NSR,'The platform shall provide a RESTful API that allows external systems to trigger and retrieve detection results.'
675,NSR,'The platform must generate detailed reports of analysis results in JSON format.'
1082,NSR,'The service shall achieve a throughput of at least 20 queries per hour in production.'
3083,NSR,'The system must allow export of analysis results to XML format for offline review.'
1376,SR,'The module will encrypt all sensitive data using 3DES encryption as part of the defence-in-depth security strategy.'
2832,SR,'The system shall implement certificate pinning to prevent insecure deserialization attacks to ensure compliance with security best practices.'
1368,NSR,'The service should scale horizontally to handle increased scans volume without reconfiguration.'
939,SR,'The application must extract and verify digital watermarks from submitted PDF documents in accordance with the security policy.'
477,NSR,'If a full or partial match is found and this Application is selectable (i.e. in the correct Life Cycle State and has no multi-selection restrictions)  then it shall become the currently selected Application on this Supplementary Logical Channel and the SELECT [by name] command  whether [first or only occurrence] or [next occurrence]  shall be processed according to the requirements of the runtime environment (e.g. dispatched to the Application)'
77,NSR,'The system shall create a transaction sent to the Ethereum protocol. '
982,SR,'The agent will identify open ports and running services on the target network to mitigate the risk of data breaches.'
1902,SR,'The software shall verify server certificates before establishing HTTPS connections to mitigate the risk of data breaches.'
92,SR,'The system shall deny access to unauthorised users to redistribute the copy they legally purchase. '
1001,SR,'The module will maintain a tamper-evident audit log of all transaction events to ensure compliance with security best practices.'
685,SR,'The framework must mask sensitive medical fields in logs and reports in order to maintain system integrity.'
1056,NSR,'The platform will achieve a detection accuracy of at least 95% on requests.'
784,SR,'The system should apply a visible digital watermark to audio files upon author submission to prevent exploitation by malicious actors.'
1668,NSR,'The system must generate automated summary emails of daily detection activities.'
890,NSR,'The platform must display results in both tabular and graphical chart formats.'
1357,NSR,"'The dashboard should provide a changelog documenting all updates, bug fixes, and new features.'"
1269,NSR,'The platform shall display results in both tabular and graphical chart formats.'
1115,SR,'The service will implement certificate pinning to prevent SQL Injection attacks to ensure compliance with security best practices.'
409,NSR,'The state TERMINATED shall be used to permanently disable all card functionality with respect to any card content management and any life cycle changes.'
1560,SR,'The component must restrict access to confidential based on the user's clearance level.'
1487,NSR,'The service shall support bulk submission of scans for batch authentication processing.'
867,SR,'The tool must verify the authenticity of video files by checking its embedded watermark.'
885,SR,'The agent must apply a visible digital watermark to documents upon author submission.'
1274,NSR,'The application shall provide a cross-platform command-line interface in addition to the GUI.'
427,NSR,'The Issuer Security Domain is by default the implicitly selectable Application on all logical channels of all card I/O interfaces supported by the card. Implicit selection on a specific logical channel of a specific card I/O interface may be assigned only if the Issuer Security Domain is the implicitly selectable Application on that logical channel of that card I/O interface and no other Locked Application is registered as implicitly selectable for the same logical channel and card I/O interface'
1223,SR,'The application will implement account lockout mechanisms after repeated failed login attempts.'
164,NSR,'Multiple public identities on the same terminal shall be supported.'
1191,SR,'The application will limit login attempts to 3 consecutive consecutive failures before locking the account to mitigate the risk of data breaches.'
1416,SR,'The tool should use RSA-2048 with a 256-bit key to protect stored transaction to ensure confidentiality and integrity of sensitive data.'
1549,NSR,'The dashboard will support automated unit and integration testing with a code coverage target of 0.1%.'
1443,SR,"'The tool must enforce password complexity requirements including uppercase, lowercase, numbers, and special characters to protect against unauthorized access.'"
564,NSR,'Payment decisions are based on signature validations  scheme provider rules  and merchant and merchant acquirer agreements'
851,SR,'The component should detect and block connections to known malicious IP addresses and domains to ensure confidentiality and integrity of sensitive data.'
1817,SR,'The system shall monitor DNS queries to detect data exfiltration and domain generation algorithms as part of the defence-in-depth security strategy.'
80,NSR,'The system shall be able to correctly identify facial prints with subtle margins of error. '
2236,NSR,"'The system must allow administrators to create, read, update, and delete user accounts.'"
1818,NSR,'The platform will allow users to filter and search through audit records efficiently.'
1233,SR,'The module should verify the authenticity of PDF documents by checking its embedded watermark to ensure compliance with security best practices.'
1562,SR,"'The component will classify identified vulnerabilities by severity level (critical, high, medium, low) to ensure confidentiality and integrity of sensitive data.'"
1700,SR,'The service will allow for safe fail-secure behavior whenever a security fault is detected to prevent exploitation by malicious actors.'
11,NSR,'The system shall provide web of trust reputation statistics '
794,SR,'The framework will enforce data retention policies by automatically purging sensitive records after 24 hours to protect against unauthorized access.'
2247,NSR,'The module should support automated unit and integration testing with a code coverage target of 85%.'
322,NSR,'The OPEN shall responsible to load application code  card content and memory management'
808,NSR,"'The application should ensure the system can process requests reliably across all supported test, staging, and production environments.'"
1830,NSR,'The software should validate input data before processing to prevent crashes from malformed input.'
193,NSR,'The CNG may interact with network elements inside the CPN to support QoS control inside the CPN.'
1091,NSR,'The dashboard shall backup critical audit data every weekly to a secure offsite location.'
1316,SR,'The system should use AES-GCM with a 2048-bit key to protect stored confidential to mitigate the risk of data breaches.'
708,NSR,'The software shall support installation via yum package manager.'
1799,SR,'The framework shall identify and classify malware samples based on behavioral signatures to ensure compliance with security best practices.'
616,NSR,'The architecture for the electronic purse should not preclude the eventual deployment of a variety of devices to meet the needs of many card acceptance environments. Unload must not be precluded from being supported on any or all of these devices at the option of the acquirer'
36,NSR,"'The system shall ensure that for the generation of the report system, the report will be generated in the least possible time. '"
1111,NSR,'The module should operate efficiently on systems with as little as 4GB of available RAM.'
3,NSR,"'The system shall allow cloud user to register and create an account. In the registration process, the system shall capture user details such as user name, id number, email address, mobile number, etc. '"
103,NSR,'The system shall run in the background and should not affect overall functioning of the smartphone. '
1265,NSR,'The platform shall maintain a structured database of known vulnerability signatures and indicators.'
733,NSR,'The tool will provide a user-friendly graphical user interface (GUI) for ease of use.'
1092,NSR,'The tool will provide a notification system that alerts users when monitoring is complete.'
1607,SR,'The agent must monitor system calls to detect ransomware activity at runtime to ensure compliance with security best practices.'
1698,NSR,'The application must respond to user interface interactions within 30 milliseconds.'
59,SR,'The system shall allow a user to register through sponsorship from relevant Human Resources. '
49,NSR,'The system comprises of different modules that operate hand-in-hand to accomplish the desired goal.  '
1361,SR,'The software must enforce multi-factor authentication (MFA) before granting access to protected resources to ensure confidentiality and integrity of sensitive data.'
1930,SR,'The module shall monitor file system changes to detect ransomware encryption activity to ensure confidentiality and integrity of sensitive data.'
1115,SR,'The tool should apply a visible digital watermark to images upon author submission.'
80,SR,'The system shall enable facial recognition. '
86,NSR,'The system shall provide ease of use even to non-technical users. '
836,SR,'The module will automatically log out inactive sessions after 15 minutes of inactivity to prevent exploitation by malicious actors.'
1336,NSR,'The dashboard should integrate with third-party CI/CD platforms via webhooks.'
1771,SR,'The platform will associate the embedded watermark with the author's registration number in accordance with the security policy.'
20,SR,'The system shall use a secure path of sending all the useful credentials to the platform '
1201,NSR,'The module must generate analysis reports in under 100 seconds for typical applications.'
669,SR,'The platform must prevent unauthorized access to sensitive user through access controls in order to maintain system integrity.'
95,SR,'The system shall block traffic to and from the network that is identified to be potentially malicious. '
1395,SR,'The agent shall support automatic updates to malware signature databases using industry-standard cryptographic techniques.'
1997,NSR,'The application will present scan results in a clear and easy-to-understand format.'
669,SR,'The module must implement behavioural biometrics to prevent unauthorized access using industry-standard cryptographic techniques.'
1472,NSR,'The tool must provide a centralized logging framework for debugging and system monitoring.'
1189,NSR,'The service will provide a simple three-step workflow for scan configuration tasks.'
1181,NSR,'The interface must maintain a false positive rate below 5% during monitoring operations.'
866,SR,'The platform must securely store encryption keys in a dedicated key management system to protect against unauthorized access.'
90,SR,'The system shall  guarantee confidentiality through encryption of stored data with AES. '
1582,SR,'The platform must invalidate session tokens upon logout to prevent session hijacking to ensure confidentiality and integrity of sensitive data.'
50,NSR,'The system shall allow a user to create an account. '
16,NSR,'The system shall allow adding of a new user and updating current ones. '
887,NSR,'The service shall expose a well-documented RESTful API to enable third-party integrations.'
58,SR,"'The system enhances security through the use of more secure and efficient enciphering algorithms, that is Advanced encryption standard with a 256-bit key and Elliptic curve cryptography.  '"
10,NSR,'The system shall be used on any device that meets the specified hardware and software requirements'
34,NSR,'The system shall be able to screening of blood to occur at the blood bank and results to be entered into the system '
41,NSR,'The system should have a clear presentation of elements and it must also be interactive and provides help information to help the clients and give them guidance on how to use the system. '
681,SR,'The component must alert on connections to known cryptocurrency mining pool endpoints in accordance with the security policy.'
68,NSR,'The system shall limit typing for the cost engineers or contractors through the use of radio buttons and drop-down menus. '
1406,NSR,'The tool shall achieve a detection accuracy of at least 1% on files.'
895,SR,'The application must obtain and record user consent before collecting financial.'
1269,NSR,"'The application will ensure the system can process requests reliably across all supported test, staging, and production environments.'"
57,NSR,'The system ISAAS will have scalable speed to meet the response time and performance targets and it should be able to serve detection concurrently without any delay or unrealistic waiting time for a response. '
1858,NSR,'The system must be packaged as a Docker container for simple installation on supported platforms.'
33,NSR,'The system shall be able to analyse the captured packets '
903,SR,'The software will apply a visible digital watermark to audio files upon author submission to mitigate the risk of data breaches.'
2954,SR,'The component should scan submitted code for XXE injection security flaws to mitigate the risk of data breaches.'
2165,NSR,'The dashboard must achieve a throughput of at least 1000000 samples per hour in production.'
1542,SR,'The service must allow for safe fail-secure behavior whenever a security fault is detected in accordance with the security policy.'
22,NSR,'The system shall be able to perform well in the web environments in terms of responsiveness and stability under a heavy workload.  '
867,SR,'The tool should detect and block connections to known malicious IP addresses and domains using industry-standard cryptographic techniques.'
1100,NSR,'The dashboard must display results in both tabular and graphical chart formats.'
1451,NSR,'The tool must test failover mechanisms periodically to ensure they operate as expected.'
1222,NSR,"'The interface will allow users to register an account by providing their username, email address, and contact number.'"
621,SR,'The application must analyze mobile apps behavior in an isolated sandbox environment as part of the defence-in-depth security strategy.'
1122,NSR,'The system will support drag-and-drop file submission for ease of use.'
1180,NSR,'The module shall operate efficiently on systems with as little as 4GB of available RAM.'
1298,NSR,'The service must support concurrent analysis of up to 100 simultaneous queries without degradation.'
1225,SR,'The system will limit login attempts to 3 consecutive failures before locking the account as part of the defence-in-depth security strategy.'
1315,SR,'The system shall alert on connections to known cryptocurrency mining pool endpoints to ensure compliance with security best practices.'
1510,NSR,'The tool will backup critical scan data every 30-day to a secure offsite location.'
1835,NSR,'The software will provide a centralized logging framework for debugging and system monitoring.'
1402,SR,'The framework shall enforce network segmentation policies to limit lateral movement in order to maintain system integrity.'
1195,NSR,'The dashboard must complete database queries in under 60 milliseconds for datasets of up to 20 records.'
98,NSR,'The systems hashing module shall use SHA-2 algorithm . '
1217,NSR,'The dashboard shall maintain performance under peak load conditions of 20 simultaneous users.'
1291,NSR,'The software must display real-time scanning status updates without requiring page refresh.'
818,NSR,'The platform must allow users to register an account by providing their email and organization details.'
1350,SR,'The platform shall prevent privilege escalation attacks by validating all permission changes to ensure compliance with security best practices.'
798,SR,'The system must use 3DES with a 2048-bit key to protect stored configuration to mitigate the risk of data breaches.'
2114,NSR,'The software should allow export of analysis results to Excel (XLSX) format for offline review.'
50,NSR,'The system shall allow a user to view and update details. '
876,NSR,'The platform will complete database queries in under 5 milliseconds for datasets of up to 1000 records.'
1865,SR,'The system must detect distributed denial-of-service (DDoS) attack patterns in traffic in order to maintain system integrity.'
2624,NSR,'The system will provide contextual help tooltips and user documentation throughout the interface.'
1132,NSR,'The service shall support import of threat intelligence feeds in CSV format.'
103,NSR,'The system shall be ease to transfer from one platform to another. '
703,NSR,'The system should allow multiple users to collaborate on scanning within a shared workspace.'
726,SR,'The system will identify open ports and running services on the target network to prevent exploitation by malicious actors.'
1827,NSR,'The interface should maintain a consistent visual design across all screens and modules.'
1818,SR,'The software should store user passwords using bcrypt hashing with unique salts in order to maintain system integrity.'
1314,SR,'The service will detect outdated or vulnerable third-party libraries in analyzed applications to prevent exploitation by malicious actors.'
794,SR,'The system must identify unauthorized network devices connected to the internal network.'
54,NSR,'The system shall monitor the virtual machine from hypervisor level. '
92,NSR,'The system shall   enable the virtual file to be deleted once the client application is closed. Functionality'
37,SR,'The system enforces security administration to manage all the rights to the system features. '
2112,SR,'The tool must detect and block connections to known malicious IP addresses and domains using industry-standard cryptographic techniques.'
659,SR,'The application must automatically log out inactive sessions after 60 minutes of inactivity.'
1532,NSR,'The application shall generate structured logs in JSON format for consumption by log aggregators.'
40,NSR,"'The system is dependable as it is developed using a high-level language, a modern classifier and advanced datasets to detects spam but also reduces the false negatives.'"
1782,NSR,'The portal should allow users to schedule automated monitoring at configured intervals.'
1828,SR,'The framework must prevent privilege escalation attacks by validating all permission changes to ensure compliance with security best practices.'
809,SR,'The agent should alert administrators when spyware activity is detected in real time.'
1070,SR,'The tool will encrypt all authentication data using AES-GCM encryption in order to maintain system integrity.'
63,NSR,'HID is designed to work on windows platform from Windows 7 and any later version of windows but the software needs some adjustments for it to work on Linux platform. '
839,SR,'The agent shall implement end-to-end encryption for authentication messages as part of the defence-in-depth security strategy.'
1215,SR,'The service must encrypt data at rest using AES-128 to protect against unauthorized access.'
383,NSR,'The Load File Data Block Hash is intended to verify the integrity of a complete Load File Data Block when loaded to a GlobalPlatform card.'
2149,NSR,'The platform shall provide a cross-platform command-line interface in addition to the GUI.'
1570,SR,'The software should limit login attempts to 5 consecutive failures before locking the account to ensure compliance with security best practices.'
1692,SR,"'The framework must classify identified vulnerabilities by severity level (critical, high, medium, low).'"
960,NSR,'The dashboard will allow users to filter and search through incident records efficiently.'
1168,NSR,'The application will offer a dark mode option in addition to the default light theme.'
1525,SR,'The software must scan submitted code for command injection security flaws in accordance with the security policy.'
397,NSR,'The OPEN shall be responsible to maintain security and administration of the card and its content'
721,SR,'The component will generate integrity reports for financial stored in the system to prevent exploitation by malicious actors.'
1092,NSR,'The tool must provide an audit trail of all administrative actions performed in the system.'
64,NSR,'The framework should exhibit a high rate of work handling and that of administrations clients.  '
1615,NSR,'The system must allow users to annotate and comment on analysis findings for team collaboration.'
669,NSR,'The module should validate input data before processing to prevent crashes from malformed input.'
781,NSR,'The portal shall allow administrators to configure detection thresholds without modifying source code.'
2113,SR,'The module shall enforce HTTPS for all data transmission between client and server in order to maintain system integrity.'
2299,NSR,'The application will complete database queries in under 10 milliseconds for datasets of up to 10 records.'
844,SR,'The platform should store user passwords using SHA-256 hashing with unique salts to prevent exploitation by malicious actors.'
1763,NSR,'The application shall allow export of analysis results to XML format for offline review.'
1139,SR,'The application shall perform regular automated vulnerability scans against the deployed application to prevent exploitation by malicious actors.'
942,NSR,'The application will implement dependency injection to improve testability of individual components.'
1309,NSR,'The tool must achieve an uptime of at least 1% measured over a rolling weekly period.'
1610,NSR,'The system should process submitted files within 1 seconds under normal load conditions.'
1445,SR,'The module will detect polymorphic and obfuscated worms variants to ensure compliance with security best practices.'
70,NSR,'The system shall be able to predict fraudulent and non-fraudulent transactions in real time. '
39,NSR,'The software should be easy to use with little training or experience. '
643,NSR,'The software will maintain a consistent visual design across all screens and modules.'
2205,NSR,'The system must test failover mechanisms periodically to ensure they operate as expected.'
30,SR,'The system shall have log in and logout capabilities which can be seen as the line of security which most systems should possess for authentication and accountability purposes. '
726,NSR,'The software will be transferable between environments through a standard configuration export/import mechanism.'
2336,NSR,'The service will achieve a detection accuracy of at least 99.5% on tasks.'
1298,NSR,'The portal should support concurrent analysis of up to 50 simultaneous applications without degradation.'
887,SR,'The service must use ChaCha20-Poly1305 with a 192-bit key to protect stored transaction to prevent exploitation by malicious actors.'
1366,SR,'The agent must digitally sign all confidential to ensure authenticity and non-repudiation in accordance with the security policy.'
1691,NSR,"'The application should allow administrators to create, read, update, and delete user accounts.'"
1299,NSR,'The system should be accessible to users with disabilities by adhering to WCAG 2.1 guidelines.'
604,SR,'The management of keys must be accomplished in a secure  certified environment'
1274,SR,'The application will validate user credentials against the LDAP directory before allowing access to protect against unauthorized access.'
1693,NSR,'The tool must separate configuration from code to allow environment-specific deployments.'
638,SR,'The system should detect polymorphic and obfuscated adware variants to prevent exploitation by malicious actors.'
823,NSR,'The interface should ensure the system can process samples reliably across all supported Windows and Linux environments.'
1540,NSR,'The platform will provide a disaster recovery plan with a recovery time objective of 10 hours.'
1659,NSR,'The tool shall generate analysis reports in under 30 seconds for typical scans.'
1448,NSR,'The application should use less than 512MB of RAM during standard operation.'
21,SR,'The system shall be able to use PGP to maintain security of the log files'
53,SR,'The system principle of authentication applies in that the system notifies if there is a watermark on the image or not. '
951,NSR,'The dashboard should provide a RESTful API that allows external systems to trigger and retrieve malware analysis results.'
992,SR,'The framework shall apply a visible digital watermark to images upon author submission to mitigate the risk of data breaches.'
2369,NSR,'The interface will support automated unit and integration testing with a code coverage target of 1%.'
1537,NSR,'The module should display results in both tabular and graphical chart formats.'
1314,SR,'The agent will perform regular automated vulnerability scans against the deployed application to protect against unauthorized access.'
1304,SR,'The module shall implement biometric authentication to prevent unauthorized access to ensure compliance with security best practices.'
2462,SR,'The software shall detect the presence of ransomware in submitted uploaded files using industry-standard cryptographic techniques.'
882,SR,'The system should detect man-in-the-middle attacks through certificate validation monitoring in order to maintain system integrity.'
1419,NSR,'The software will integrate with third-party SIEM platforms via SAML.'
32,NSR,'The system is easy to use and user friendly. '
1696,SR,'The platform will classify detected rootkits into known malware families as part of the defence-in-depth security strategy.'
1462,NSR,'The portal must allow administrators to generate activity reports filtered by user.'
1421,SR,'The software will provide a chain of custody record for all user processed by the system to mitigate the risk of data breaches.'
1295,SR,'The platform must store user passwords using SHA-256 hashing with unique salts to mitigate the risk of data breaches.'
1372,NSR,'The tool shall allow users to view the history of previously submitted tasks.'
1484,SR,'The module must detect SQL Injection vulnerabilities in submitted web applications to ensure compliance with security best practices.'
1435,NSR,'The application should perform automated health checks every 500 seconds and alert on anomalies.'
745,SR,'The platform should protect private keys from unauthorized extraction or export to prevent exploitation by malicious actors.'
68,NSR,'The system shall be able to display final cost estimate for the cost engineers. '
706,NSR,'The interface must backup critical scan data every 90-day to a secure offsite location.'
1071,NSR,'The interface shall achieve a detection accuracy of at least 1% on requests.'
1020,SR,'The framework will detect duplicate submissions of watermarked PDF documents by different authors using industry-standard cryptographic techniques.'
665,NSR,'The portal shall support virtualized environments including VMware and Hyper-V.'
966,SR,'The module should generate integrity reports for sensitive stored in the system.'
105,NSR,'The system services shall be accessible offline since it will be a desktop application. '
818,SR,'The system must invalidate session tokens upon logout to prevent session hijacking to prevent exploitation by malicious actors.'
1787,SR,'The tool should verify digital signatures before processing received data to mitigate the risk of data breaches.'
727,SR,'The agent shall prevent unauthorized access to sensitive personal through access controls to ensure confidentiality and integrity of sensitive data.'
689,SR,'The platform will classify detected adware into known malware families.'
1162,NSR,'The platform will display results in both tabular and graphical chart formats.'
1001,SR,'The platform must provide secure password reset functionality using verified email or OTP to protect against unauthorized access.'
1543,SR,'The service must analyze scripts behavior in an isolated sandbox environment as part of the defence-in-depth security strategy.'
45,SR,'The system shall ensure device in one ODPF area must not communicate with another in a different OSPF area. '
702,NSR,'The service shall support installation via apt package manager.'
1543,NSR,'The application will allow administrators to generate activity reports filtered by user.'
83,SR,'The system shall use symmetric key encryption AES and asymmetric encryption key on the browser/client side to secure confidentiality of information. '
2845,NSR,'The system must be containerized using Docker for consistent deployment across environments.'
1836,NSR,'The interface should use less than 512MB of RAM during standard operation.'
1683,NSR,'The service will allow authenticated users to upload tasks for analysis.'
1327,SR,'The application should detect port scanning activity originating from rogue nodes on the network to protect against unauthorized access.'
2246,NSR,'The portal should allow users to annotate and comment on scanning findings for team collaboration.'
893,SR,'The framework will use TLS 1.3 or higher for all network communications.'
1290,NSR,'The software will provide an audit trail of all administrative actions performed in the system.'
1832,SR,'The agent will associate the embedded watermark with the author's registration number to ensure compliance with security best practices.'
2448,NSR,'The interface shall provide keyboard shortcuts for frequently used operations.'
55,NSR,'The system executable files can be uploaded on online storages and can be downloaded and used by the next person on the other end. '
54,NSR,'The system ensures integration of all modules including theSR and memory acquisition modules as a proof of concept '
643,SR,'The system must detect XSS (Cross-Site Scripting) vulnerabilities in submitted web applications to mitigate the risk of data breaches.'
1938,NSR,'The application will allow multiple users to collaborate on reporting within a shared workspace.'
1593,NSR,'The system will achieve a throughput of at least 20 tasks per hour in production.'
1389,SR,'The module shall enforce password complexity requirements including a minimum of 8 characters including alphanumeric and special characters in order to maintain system integrity.'
1462,SR,'The application will securely store encryption keys in a dedicated key management system to ensure compliance with security best practices.'
1871,NSR,'The service should allow multiple users to collaborate on authentication within a shared workspace.'
44,SR,'The system super administrator should be able to grant access privilege to users and restrict access of information and data users can view or modify at any given time.  '
2233,NSR,'The platform shall support automated unit and integration testing with a code coverage target of 0.1%.'
2497,SR,'The software must detect anomalous network traffic patterns indicative of adware activity.'
1220,SR,'The framework must capture and analyze TLS packets for signs of malicious activity to ensure confidentiality and integrity of sensitive data.'
1782,NSR,"'The application must be deployable on Windows, Linux, and macOS operating systems without modification.'"
1115,SR,'The module should enforce HTTPS for all data transmission between client and server to ensure compliance with security best practices.'
792,SR,'The system should classify detected malware into known malware families to mitigate the risk of data breaches.'
1969,NSR,'The dashboard must process submitted requests within 15 seconds under normal load conditions.'
1566,NSR,'The interface shall have a clean and intuitive interface that requires minimal training to operate.'
697,NSR,'The service shall send a confirmation email to newly registered users with an activation link.'
67,NSR,'The simulator should be simple and user friendly. '
1384,SR,'The service will verify the authenticity of audio files by checking its embedded watermark to mitigate the risk of data breaches.'
728,NSR,'The interface should use version control best practices including branching strategies and commit conventions.'
775,SR,'The system will associate the embedded watermark with the author's registration number to protect against unauthorized access.'
1321,SR,'The service must enforce network segmentation policies to limit lateral movement to protect against unauthorized access.'
1328,SR,'The framework should implement secure communication channels using SSH protocol as part of the defence-in-depth security strategy.'
39,SR,'The system should be developed with future upgrades and additional functionality being added at a later date. '
1606,NSR,'The dashboard will implement graceful degradation so critical functions remain available during partial failures.'
1763,NSR,'The application will automatically recover from non-critical errors without requiring manual intervention.'
628,SR,'The module must notify administrators of critical security events via in-app notifications to mitigate the risk of data breaches.'
32,SR,'The system shall allow the user to sign a document  '
948,SR,'The system must validate input sanitization to prevent XML injection injection attacks to protect against unauthorized access.'
952,SR,'The platform shall identify unauthorized network devices connected to the internal network to ensure confidentiality and integrity of sensitive data.'
1412,SR,"'The agent should classify identified vulnerabilities by severity level (critical, high, medium, low) to ensure compliance with security best practices.'"
1696,SR,'The agent will monitor file system changes to detect ransomware encryption activity.'
1029,NSR,'The module should provide a RESTful API that allows external systems to trigger and retrieve reporting results.'
1560,SR,'The framework must use TLS 1.2 or higher for all network communications.'
1152,NSR,'The software will implement dependency injection to improve testability of individual components.'
1995,NSR,'The application must generate structured logs in CEF (Common Event Format) format for consumption by log aggregators.'
974,SR,'The service should restrict access to configuration based on the user's clearance level to mitigate the risk of data breaches.'
481,NSR,'If the number of logical channels supported by the OPEN is not sufficient to open a new Supplementary Logical Channel  return the appropriate error'
1123,NSR,'The interface should allow users to filter and search through configuration records efficiently.'
1308,NSR,'The platform shall automatically recover from non-critical errors without requiring manual intervention.'
678,NSR,'The system shall provide a searchable database of historical vulnerability assessment results.'
668,NSR,'The platform will have a clean and intuitive interface that requires minimal training to operate.'
890,SR,'The platform should mask sensitive session fields in logs and reports to prevent exploitation by malicious actors.'
1404,NSR,'The application shall implement graceful degradation so critical functions remain available during partial failures.'
1851,SR,'The service should monitor DNS network traffic to detect security anomalies to ensure confidentiality and integrity of sensitive data.'
1203,SR,'The platform should prevent unauthorized access to sensitive authentication through access controls to prevent exploitation by malicious actors.'
96,SR,'The system shall allow the recipient to verify the signature using the group public key so that they will be convinced that it actually came from the organisation without the knowledge of the actual signer. '
1291,NSR,'The dashboard will operate efficiently on systems with as little as 4GB of available RAM.'
2518,NSR,'The portal should adhere to SOLID design principles to minimize coupling between components.'
2155,NSR,'The system will achieve a detection accuracy of at least 5% on tasks.'
1506,NSR,'The service shall achieve a throughput of at least 500 samples per hour in production.'
1435,NSR,'The platform shall respond to user interface interactions within 60 milliseconds.'
1710,NSR,'The module will maintain a false positive rate below 0.1% during detection operations.'
989,NSR,'The portal should allow administrators to configure detection thresholds without modifying source code.'
1256,NSR,'The software should provide contextual help tooltips and user documentation throughout the interface.'
1805,SR,'The application should scan submitted code for insecure deserialization security flaws in accordance with the security policy.'
1959,NSR,'The dashboard shall backup critical scan data every 30-day to a secure offsite location.'
871,NSR,'The tool must allow administrators to configure detection thresholds without modifying source code.'
1342,NSR,'The application will allow authenticated users to upload applications for analysis.'
1812,NSR,'The software must support automated unit and integration testing with a code coverage target of 5%.'
1302,SR,'The software should allow for safe fail-secure behavior whenever a security fault is detected.'
1309,NSR,'The module will generate automated summary emails of daily detection activities.'
1836,NSR,'The platform shall generate analysis reports in under 15 seconds for typical applications.'
1198,NSR,'The interface must display results in both tabular and graphical chart formats.'
2616,SR,'The software will generate cryptographically secure session tokens for each authenticated user.'
1781,NSR,'The portal will integrate with third-party SIEM platforms via OAuth 2.0.'
796,SR,'The system must be easily updatable with security patches without disrupting service.'
1446,SR,'The software must generate behavioral reports for Windows executables executed in the sandbox to ensure compliance with security best practices.'
20,SR,"'The system shall be able to detect whether the input credentials are authentic, then accept or else reject if the credentials are incorrect. '"
1203,SR,'The system will require two-factor authentication (2FA) for all administrative operations to protect against unauthorized access.'
2771,NSR,'The interface should support database schema migrations to allow incremental system upgrades.'
1047,NSR,'The module shall allow export of analysis results to CSV format for offline review.'
1217,NSR,'The application must support virtualized environments including VMware and Hyper-V.'
2070,NSR,'The tool should allow export of scan findings to CSV for integration with ticketing systems.'
1191,NSR,'The module shall handle network disconnections gracefully and queue operations for retry.'
914,NSR,'The service should be packaged as a web application for simple installation on supported platforms.'
1311,SR,'The service must enforce HTTPS for all data transmission between client and server.'
40,NSR,"'The system is designed to be cross platform supportable,  the system can be used on a wide range of hardware and any software platform (Windows and Linux). '"
139,NSR,'The CNG shall support both routed and bridged modes of operation.'
1353,SR,'The service should alert administrators when spyware activity is detected in real time in order to maintain system integrity.'
1409,NSR,'The dashboard will run on any system that has .NET version 6.0 or later installed.'
1417,NSR,'The service will use less than 256MB of RAM during standard operation.'
1192,NSR,'The portal must be accessible to users with disabilities by adhering to WCAG 2.1 guidelines.'
931,SR,'The framework should capture and analyze HTTP(S) packets for signs of malicious activity to ensure confidentiality and integrity of sensitive data.'
1512,SR,'The agent will alert on connections to known cryptocurrency mining pool endpoints to ensure confidentiality and integrity of sensitive data.'
192,NSR,'The CNG may interact with the Resource and Admission Control Subsystem (RACS) as defined in ES 282 001 [9] to support remote real-time QoS control'
1035,NSR,'The interface should allow users to set and manage reporting thresholds and alert rules.'
1386,SR,'The application shall enforce the principle of least privilege across all user roles as part of the defence-in-depth security strategy.'
20,NSR,'The system software shall take initial load time depending on internet connection strength which also depends on the mobile device from which the system is run. '
1547,NSR,'The portal should be packaged as a Docker container for simple installation on supported platforms.'
1090,SR,'The software shall use HMAC-PBKDF2 to authenticate API requests and prevent replay attacks to ensure compliance with security best practices.'
1356,SR,'The tool will encrypt data at rest using 3DES to protect against unauthorized access to protect against unauthorized access.'
104,SR,'The system shall allow a user who has a Twitter account to create an application to access tokens. '
941,SR,'The component will detect outdated or vulnerable third-party libraries in analyzed applications to prevent exploitation by malicious actors.'
1036,SR,'The agent should correlate network events against threat intelligence blacklists using industry-standard cryptographic techniques.'
1915,NSR,'The application must support database schema migrations to allow incremental system upgrades.'
46,NSR,'The system shall ensure that the authentication server communicate with the door controller for opening and closing the door. '
830,NSR,'The service should achieve a detection accuracy of at least 99% on scans.'
2998,NSR,'The system must generate analysis reports in under 2 seconds for typical requests.'
1857,SR,'The agent shall generate cryptographically secure session tokens for each authenticated user.'
2010,NSR,'The application shall present a summary dashboard showing key vulnerability metrics at a glance.'
650,NSR,'The tool will have a clean and intuitive interface that requires minimal training to operate.'
1637,SR,'The module must securely store encryption keys in a dedicated key management system as part of the defence-in-depth security strategy.'
56,SR,"'The system shall be fast in intrusion response, to help in stopping the intensity of the damage or mitigation of the risk.  '"
1142,NSR,'The interface should maintain performance under peak load conditions of 500 simultaneous users.'
838,SR,'The service will support automatic updates to malware signature databases using industry-standard cryptographic techniques.'
908,NSR,'The application shall perform automated health checks every 3 seconds and alert on anomalies.'
1116,NSR,'The service will allow users to schedule automated scanning at configured intervals.'
1778,SR,'The system shall require users to change default passwords upon first login to mitigate the risk of data breaches.'
1117,SR,'The framework shall use TLS 1.2 or higher for all network communications in order to maintain system integrity.'
1434,NSR,'The interface should implement dependency injection to improve testability of individual components.'
211,NSR,'A CPN user shall be able to configure any unmanaged service provided to the user.'
1475,NSR,'The module must follow clean code principles and established design patterns for maintainability.'
743,SR,'The agent shall prevent privilege escalation attacks by validating all permission changes to prevent exploitation by malicious actors.'
1369,SR,'The tool shall comply with PCI-DSS data protection requirements in accordance with the security policy.'
766,NSR,'The dashboard should provide a cross-platform command-line interface in addition to the GUI.'
1529,NSR,'The system must run on any system that has the JVM version 3.10 or later installed.'
1664,SR,'The framework must perform regular automated vulnerability scans against the deployed application to mitigate the risk of data breaches.'
1512,NSR,'The dashboard should run on any system that has the JVM version 6.0 or later installed.'
888,NSR,'The tool must allow authenticated users to upload queries for analysis.'
1290,SR,'The framework should detect distributed denial-of-service (DDoS) attack patterns in traffic to ensure compliance with security best practices.'
1333,NSR,'The module will support bulk submission of applications for batch reporting processing.'
1853,NSR,'The application will support Portuguese language localization for international users.'
869,NSR,'The system should follow clean code principles and established design patterns for maintainability.'
672,NSR,'The system should allow administrators to configure detection thresholds without modifying source code.'
1076,SR,'The application must correlate network events against threat intelligence blacklists to ensure confidentiality and integrity of sensitive data.'
1428,SR,'The software will detect anomalous network traffic patterns indicative of adware activity to prevent exploitation by malicious actors.'
670,NSR,'The portal shall support installation via npm package manager.'
1992,NSR,'The module will achieve a detection accuracy of at least 99.9% on requests.'
663,SR,'The component should generate behavioral reports for Windows executables executed in the sandbox.'
1353,SR,'The service shall identify open ports and running services on the target network in accordance with the security policy.'
1923,SR,'The agent shall perform static analysis to identify potential CSRF vulnerabilities in order to maintain system integrity.'
1348,NSR,'The module should achieve a detection accuracy of at least 99.5% on files.'
1323,NSR,'The tool must maintain a false positive rate below 1% during scanning operations.'
2392,NSR,'The module should support installation via Homebrew package manager.'
770,NSR,"'The software shall be compatible with major cloud platforms including AWS, Azure, and Google Cloud.'"
824,NSR,'The portal should generate automated summary emails of daily malware analysis activities.'
1145,SR,'The module shall validate input sanitization to prevent SSRF injection attacks in accordance with the security policy.'
1244,NSR,'The service shall complete database queries in under 10 milliseconds for datasets of up to 20 records.'
1982,NSR,'The platform shall support plugin-based architecture to allow new detection modules to be added.'
1322,NSR,'The tool must maintain performance under peak load conditions of 50 simultaneous users.'
1454,SR,'The system must enforce password complexity requirements including at least 12 characters with complexity rules to protect against unauthorized access.'
1876,NSR,'The portal will display clear error messages that guide the user toward resolution.'
2147,SR,'The agent shall comply with GDPR data protection requirements to mitigate the risk of data breaches.'
1645,SR,'The application must alert administrators when ransomware activity is detected in real time to mitigate the risk of data breaches.'
1167,NSR,'The module will achieve a detection accuracy of at least 95% on files.'
1831,NSR,'The system should present scan results in a clear and easy-to-understand format.'
1678,SR,"'The application should classify identified vulnerabilities by severity level (critical, high, medium, low) using industry-standard cryptographic techniques.'"
1491,NSR,'The dashboard shall provide a cross-platform command-line interface in addition to the GUI.'
770,SR,'The platform must encrypt data at rest using AES-256 to protect against unauthorized access to protect against unauthorized access.'
1107,SR,'The tool must prevent privilege escalation attacks by validating all permission changes using industry-standard cryptographic techniques.'
1541,NSR,'The software must allow multiple users to collaborate on vulnerability assessment within a shared workspace.'
95,NSR,'The system shall be able to monitor the network in real-time. '
844,NSR,'The service should provide a notification system that alerts users when vulnerability assessment is complete.'
2754,SR,'The tool should encrypt data at rest using 3DES to protect against unauthorized access in order to maintain system integrity.'
103,SR,'The system shall filter harmful websites against URLs of known harmful websites. '
1092,SR,'The tool should apply a visible digital watermark to documents upon author submission to prevent exploitation by malicious actors.'
970,NSR,'The platform shall support database schema migrations to allow incremental system upgrades.'
1338,SR,'The software will log all network security events with timestamps for forensic analysis.'
1033,SR,'The framework shall enforce multi-factor authentication (MFA) before granting access to protected resources as part of the defence-in-depth security strategy.'
1003,NSR,'The system must generate detailed reports of scanning results in JSON format.'
26,NSR,'The system offers an easy to understand interface.  Henceforth people of different age groups can use the system.  Pictures and simple choice of words are used in the system. '
1661,NSR,'The application should support plugin-based architecture to allow new detection modules to be added.'
695,SR,'The system shall log all network security events with timestamps for forensic analysis to protect against unauthorized access.'
38,SR,"'The system shall be detecting denial of service attacks to include service overloads, broadcast storms and also message flooding '"
1607,NSR,'The interface must provide fail-safe behavior that prevents data loss in the event of an unexpected shutdown.'
941,SR,'The tool will detect duplicate submissions of watermarked documents by different authors to protect against unauthorized access.'
804,SR,'The agent must verify server certificates before establishing HTTPS connections as part of the defence-in-depth security strategy.'
655,NSR,'The application must allow users to view the history of previously submitted samples.'
949,NSR,'The module will maintain a false positive rate below 0.1% during monitoring operations.'
2106,NSR,'The system shall allow users to view the history of previously submitted queries.'
56,SR,'The system will cater for its ability to be extended with more features and functionalities without compromising its original one or affecting the operations of the user. '
1104,NSR,'The tool will function correctly on both 32-bit and 64-bit system architectures.'
1973,SR,'The service will detect SSL/TLS misconfigurations and expired certificates in target systems.'
1567,SR,'The agent will maintain a tamper-evident audit log of all administrative events.'
349,SR,"'""Secure memory management shall ensure that The memory recovery process is secure and consistent in case of a loss of power or withdrawal of the card from the card reader while an operation is in progress,""'"
1206,SR,'The tool should embed an invisible digital watermark into audio files to protect ownership.'
1160,SR,'The framework will implement secure communication channels using SFTP protocol to protect against unauthorized access.'
748,NSR,'The tool shall send a confirmation email to newly registered users with an activation link.'
1250,SR,'The software will digitally sign all personal to ensure authenticity and non-repudiation in accordance with the security policy.'
657,SR,'The platform should automatically generate detailed reports of detected format string vulnerabilities in order to maintain system integrity.'
1729,SR,'The platform will sign API responses to ensure integrity during transmission using industry-standard cryptographic techniques.'
2113,NSR,'The portal shall generate structured logs in JSON format for consumption by log aggregators.'
956,NSR,'The platform will allow users to customize dashboard layouts according to their preferences.'
1987,SR,'The system will perform regular automated vulnerability scans against the deployed application to mitigate the risk of data breaches.'
1335,SR,'The service should authenticate users using LDAP authentication in accordance with the security policy.'
1268,NSR,'The service must support pagination for large result sets to maintain performance.'
1388,SR,'The module must use TLS 1.2 or higher for all network communications to protect against unauthorized access.'
2955,NSR,'The application should maintain a consistent visual design across all screens and modules.'
2086,NSR,'The service will maintain performance under peak load conditions of 50 simultaneous users.'
1401,NSR,'The module will implement transaction rollbacks to maintain data consistency during failures.'
2871,NSR,'The interface should allow users to set and manage malware analysis thresholds and alert rules.'
1297,SR,'The software will identify open ports and running services on the target network to ensure compliance with security best practices.'
692,NSR,'The system will support concurrent analysis of up to 100 simultaneous samples without degradation.'
1401,SR,'The system will prevent unauthorized access to sensitive transaction through access controls to prevent exploitation by malicious actors.'
2196,SR,'The component should alert administrators when backdoors activity is detected in real time in accordance with the security policy.'
737,NSR,'The interface should function correctly on both 32-bit and 64-bit system architectures.'
1929,NSR,'The application shall display clear error messages that guide the user toward resolution.'
739,NSR,'The module must maintain a false positive rate below 0.1% during reporting operations.'
1014,SR,'The framework should associate the embedded watermark with the author's registration number in accordance with the security policy.'
51,SR,'The system shall use honeypot which records and analyses packets flowing through the network.  A honeypot is a system decoy which is used to make the attacker believe that he/she is attacking the intended system.  '
2165,NSR,'The module must support concurrent analysis of up to 5 simultaneous requests without degradation.'
88,SR,'The system shall encrypt files using AES algorithm.'
458,NSR,'If the card is in the Life Cycle State CARD_LOCKED or TERMINATED  return the appropriate error.'
2417,SR,'The framework should enforce password complexity requirements including a minimum of 8 characters including alphanumeric and special characters to protect against unauthorized access.'
1008,SR,'The framework should identify open ports and running services on the target network using industry-standard cryptographic techniques.'
96,NSR,'The system shall be able to adapt to all types of applications. '
990,NSR,'The tool should include rollback capabilities to revert to a previous stable version if needed.'
1498,SR,'The agent must comply with ISO 27001 data protection requirements.'
1333,NSR,'The interface must display real-time detection status updates without requiring page refresh.'
1213,NSR,"'The tool must allow users to register an account by providing their name, email, and department.'"
899,SR,'The platform should extract and verify digital watermarks from submitted documents to ensure compliance with security best practices.'
2230,NSR,'The module shall achieve a throughput of at least 10 applications per hour in production.'
2628,SR,'The module must use TLS 1.2 or higher for all network communications to prevent exploitation by malicious actors.'
1551,NSR,'The portal will provide a cross-platform command-line interface in addition to the GUI.'
1173,SR,'The module should monitor DNS queries to detect data exfiltration and domain generation algorithms to protect against unauthorized access.'
1509,SR,'The agent should identify command-and-control (C2) communication patterns in network traffic to ensure confidentiality and integrity of sensitive data.'
42,NSR,'The system shall have a registration page to capture and verify the details of the new user to see if the provided information conforms to the requirements of the system. '
694,SR,'The system shall apply a visible digital watermark to video files upon author submission to prevent exploitation by malicious actors.'
618,NSR,'The portal shall support multi-tenancy so multiple organizations can use the system independently.'
1297,NSR,'The module should allow signature databases and detection rules to be updated without system restart.'
1357,NSR,'The application shall include rollback capabilities to revert to a previous stable version if needed.'
783,SR,'The software will detect distributed denial-of-service (DDoS) attack patterns in traffic.'
2205,SR,'The platform will identify and classify cryptomining malware samples based on behavioral signatures to protect against unauthorized access.'
1838,NSR,'The system must operate efficiently on systems with as little as 512GB of available RAM.'
1030,NSR,'The module must operate efficiently on systems with as little as 16GB of available RAM.'
1534,SR,'The framework should verify the authenticity of video files by checking its embedded watermark as part of the defence-in-depth security strategy.'
1187,NSR,'The software must support bulk submission of scans for batch authentication processing.'
1618,SR,'The software should detect distributed denial-of-service (DDoS) attack patterns in traffic using industry-standard cryptographic techniques.'
665,SR,"'The agent will enforce password complexity requirements including uppercase, lowercase, numbers, and special characters to prevent exploitation by malicious actors.'"
952,NSR,'The module shall allow administrators to generate activity reports filtered by project.'
988,SR,'The framework shall detect and block connections to known malicious IP addresses and domains to protect against unauthorized access.'
1017,NSR,'The application must allow users to annotate and comment on authentication findings for team collaboration.'
1855,SR,'The agent must store user passwords using PBKDF2 hashing with unique salts.'
709,SR,'The software will identify and classify rootkits samples based on behavioral signatures to protect against unauthorized access.'
1282,NSR,'The portal must allow users to filter and search through audit records efficiently.'
1450,NSR,'The software should function correctly on both 32-bit and 64-bit system architectures.'
1786,SR,'The platform will identify command-and-control (C2) communication patterns in network traffic in accordance with the security policy.'
853,NSR,'The platform should display real-time detection status updates without requiring page refresh.'
1559,SR,'The application should use asymmetric encryption (ECDSA) for secure key exchange.'
2182,NSR,'The software shall support French language localization for international users.'
19,NSR,'The system should flag a claim whose score exceeds the threshold '
60,NSR,'The system shall allow a user to delete email. '
1237,SR,'The framework must associate the embedded watermark with the author's registration number in order to maintain system integrity.'
1516,NSR,'The platform shall support concurrent analysis of up to 50 simultaneous requests without degradation.'
1422,SR,'The component will use asymmetric encryption (Ed25519) for secure key exchange to mitigate the risk of data breaches.'
1250,NSR,'The module must function correctly on both 32-bit and 64-bit system architectures.'
648,NSR,'The system must support pagination for large result sets to maintain performance.'
659,NSR,'The module shall support installation via Homebrew package manager.'
19,SR,'The system should be able to carry out authentication of the user through user name and password '
1069,NSR,'The portal should provide fail-safe behavior that prevents data loss in the event of an unexpected shutdown.'
1018,NSR,'The tool shall perform automated health checks every 15 seconds and alert on anomalies.'
1240,NSR,'The portal should allow users to annotate and comment on malware analysis findings for team collaboration.'
126,SR,'On detection of any system failure or discontinuity not specifically handled by other mechanisms the CNG shall revert to a known safe state.'
979,NSR,'The portal shall maintain a false positive rate below 80% during monitoring operations.'
2230,SR,'The tool will perform regular automated vulnerability scans against the deployed application using industry-standard cryptographic techniques.'
1926,NSR,'The interface will follow clean code principles and established design patterns for maintainability.'
1720,SR,'The software must maintain a tamper-evident audit log of all configuration change events as part of the defence-in-depth security strategy.'
1418,SR,'The framework should obtain and record user consent before collecting confidential to protect against unauthorized access.'
2880,NSR,'The module shall allow users to customize dashboard layouts according to their preferences.'
1526,NSR,'The module shall include rollback capabilities to revert to a previous stable version if needed.'
1148,NSR,'The software shall be transferable between environments through a standard configuration export/import mechanism.'
1380,NSR,'The platform shall be deployable on Ubuntu 20.04 and later operating systems without modification.'
945,SR,'The tool must extract and verify digital watermarks from submitted PDF documents.'
1667,NSR,'The service should provide a disaster recovery plan with a recovery time objective of 100 hours.'
1276,SR,'The service shall identify and classify rootkits samples based on behavioral signatures to prevent exploitation by malicious actors.'
704,NSR,'The service shall support drag-and-drop file submission for ease of use.'
716,SR,'The module will detect duplicate submissions of watermarked audio files by different authors in order to maintain system integrity.'
1680,SR,'The component should sign API responses to ensure integrity during transmission.'
20,SR,'The system shall automatically store credential information in a central database '
930,SR,'The system must store user passwords using scrypt hashing with unique salts as part of the defence-in-depth security strategy.'
22,SR,'This system will be easy to maintain as it will be deployed with the documentation associated with it including code snippets which allows the project to be transferable to another maintenance or updating. '
1763,SR,'The software will use asymmetric encryption (ECC) for secure key exchange using industry-standard cryptographic techniques.'
495,NSR,'The card issuer and the CEP card share a secret key to generate and verify MACs'
675,SR,'The module will be easily updatable with security patches without disrupting service to ensure compliance with security best practices.'
813,SR,'The service should encrypt data at rest using 3DES to protect against unauthorized access in order to maintain system integrity.'
33,NSR,"'The system can perform well in the web environments and has few resources usage, the system must consistently check the resource use requests before. '"
979,SR,'The tool shall detect cryptojacking activity by monitoring CPU usage and network connections to ensure compliance with security best practices.'
1148,SR,'The application shall mask sensitive medical fields in logs and reports to ensure confidentiality and integrity of sensitive data.'
933,NSR,'The interface shall support database schema migrations to allow incremental system upgrades.'
1446,SR,'The software shall store user passwords using PBKDF2 hashing with unique salts in accordance with the security policy.'
1408,SR,'The service must require LDAP authentication for all administrative operations to mitigate the risk of data breaches.'
2145,NSR,"'The system shall be compatible with major cloud platforms including AWS, Azure, and Google Cloud.'"
1620,NSR,'The service shall provide a simple three-step workflow for file submission tasks.'
639,SR,'The module shall mask sensitive personal fields in logs and reports to prevent exploitation by malicious actors.'
1086,SR,'The service will validate input sanitization to prevent XXE injection injection attacks as part of the defence-in-depth security strategy.'
771,NSR,'The module will allow administrators to generate activity reports filtered by severity level.'
1944,NSR,'The platform shall display progress indicators during long-running analysis operations.'
1223,SR,'The framework shall validate input sanitization to prevent path traversal injection attacks to prevent exploitation by malicious actors.'
2169,SR,'The service must extract and analyze adware indicators of compromise from samples as part of the defence-in-depth security strategy.'
1802,NSR,'The dashboard shall provide a centralized logging framework for debugging and system monitoring.'
2059,NSR,'The interface should maintain a false positive rate below 99% during vulnerability assessment operations.'
69,SR,'The system in terms of responsiveness is a real time system such that clients can easily access medical records of babys at any given point in time. '
1,NSR,'The system shall allow parameter inputs to be supplied using different user-friendly input components that are based on Graphical User Interface (GUI) concepts '
341,NSR,"'""A Controlling Authority is responsible for Generating the keys for its own Security Domain or obtaining Security Domain keys from a trusted third party,""'"
618,NSR,'The interface must provide a RESTful API that allows external systems to trigger and retrieve monitoring results.'
847,NSR,'The software must maintain a structured database of known vulnerability signatures and indicators.'
323,NSR,'The OPEN shall responsible to enforce security principles defined for Card Content management.'
697,NSR,'The portal shall allow users to set and manage reporting thresholds and alert rules.'
1812,NSR,'The platform must allow multiple users to collaborate on detection within a shared workspace.'
1547,SR,'The component must prevent privilege escalation attacks by validating all permission changes to ensure compliance with security best practices.'
552,NSR,'The PSAM either retrieves or re-derives the DES session key used for the purchase transaction being cancelled. The POS device authenticates the CEP card using this key and the S1 MAC'
898,NSR,'The module will achieve a throughput of at least 500 requests per hour in production.'
1640,NSR,'The module will generate detailed reports of reporting results in HTML format.'
1367,NSR,'The application should provide a searchable database of historical monitoring results.'
2913,SR,'The agent will automatically log out inactive sessions after 30 minutes of inactivity to ensure confidentiality and integrity of sensitive data.'
856,SR,'The component shall comply with PCI-DSS data protection requirements to ensure compliance with security best practices.'
659,SR,'The platform should digitally sign all session to ensure authenticity and non-repudiation to protect against unauthorized access.'
79,NSR,'The system shall ensure that non-technical users like medical practitioners can interact with it with easy. '
487,NSR,"'""The GlobalPlatform Registry is used to:   Store card management information,   Store relevant application management information (e.g., AID, associated Security Domain and Privileges),   Support card resource management data,   Store Application Life Cycle information,   Store card Life Cycle information,   Track any counters associated with logs.""'"
1759,NSR,'The platform shall operate efficiently on systems with as little as 8GB of available RAM.'
188,NSR,'The user should be able to personalize bookmarks to UGC.'
1362,SR,'The software should enforce password complexity requirements including a minimum of 8 characters including alphanumeric and special characters to protect against unauthorized access.'
887,SR,'The framework will authenticate users using hardware token authentication to ensure confidentiality and integrity of sensitive data.'
1622,SR,'The service will digitally sign all authentication to ensure authenticity and non-repudiation as part of the defence-in-depth security strategy.'
1497,SR,'The system must invalidate session tokens upon logout to prevent session hijacking to ensure compliance with security best practices.'
1129,NSR,'The module should allow users to filter and search through incident records efficiently.'
197,NSR,'The CNG shall classify packets coming from the CPN through its LAN interfaces (upstream direction) according to a number of predefined priorities. Classification can be done on the basis of different layer 2 and/or layer 3 parameters.'
1956,NSR,'The interface should achieve an uptime of at least 90% measured over a rolling annual period.'
637,SR,'The module shall detect and block connections to known malicious IP addresses and domains in order to maintain system integrity.'
634,SR,'The service shall allow for safe fail-secure behavior whenever a security fault is detected in order to maintain system integrity.'
795,SR,'The platform will analyze uploaded files behavior in an isolated sandbox environment.'
329,NSR,'The Card Issuer is responsible for Generating and loading the Issuer Security Domain keys'
1547,NSR,'The system must generate analysis reports in under 60 seconds for typical scans.'
1043,SR,'The application will generate integrity reports for user stored in the system to ensure compliance with security best practices.'
649,SR,'The service should analyze HTTP requests and responses to detect SQL Injection attack patterns in order to maintain system integrity.'
1563,NSR,'The dashboard will achieve an uptime of at least 80% measured over a rolling weekly period.'
1207,NSR,'The interface will provide a notification system that alerts users when detection is complete.'
76,NSR,'The system shall send requests to clients to allow for consent of use of clients KYC information. '
1866,NSR,'The service shall support German language localization for international users.'
46,SR,'The system shall ensure that the authentication server interact with the database to check for registered user from the database '
2109,SR,'The module shall allow for safe fail-secure behavior whenever a security fault is detected to mitigate the risk of data breaches.'
1002,NSR,'The service should achieve an uptime of at least 99.9% measured over a rolling 30-day period.'
58,NSR,'PDP reduces the amount of time and computational efforts that would be required if the data owner was to download the data and then check if the data was modified manually. '
916,NSR,'The service will scale horizontally to handle increased files volume without reconfiguration.'
1174,NSR,'The portal will allow export of analysis results to JSON format for offline review.'
2897,SR,'The component should verify server certificates before establishing WPA3 connections in order to maintain system integrity.'
1410,NSR,'The tool will support virtualized environments including VMware and Hyper-V.'
2706,NSR,'The tool should process submitted tasks within 500 seconds under normal load conditions.'
758,SR,'The software must analyze web applications behavior in an isolated sandbox environment to prevent exploitation by malicious actors.'
1336,SR,'The framework should require hardware token authentication for all administrative operations in order to maintain system integrity.'
1937,SR,'The agent must detect the presence of ransomware in submitted uploaded files to ensure confidentiality and integrity of sensitive data.'
859,NSR,'The system will generate structured logs in LEEF format for consumption by log aggregators.'
10,NSR,'The system shall be able to send a random screen shot of videos played in phone (forward by email only)'
1708,SR,'The agent will detect buffer overflow vulnerabilities in submitted web applications.'
1311,NSR,'The tool shall display progress indicators during long-running analysis operations.'
1286,SR,'The agent will verify the integrity of medical using cryptographic checksums to ensure confidentiality and integrity of sensitive data.'
24,SR,'The program coding should be well documented and laid out particularly to facilitate future upgrades and additional features being added at a later date. '
1535,SR,'The module will detect man-in-the-middle attacks through certificate validation monitoring in order to maintain system integrity.'
1098,NSR,"'The application should be compatible with major cloud platforms including AWS, Azure, and Google Cloud.'"
867,NSR,'The system must support virtualized environments including VMware and Hyper-V.'
1004,SR,'The platform must perform static analysis to identify potential XXE injection vulnerabilities to ensure confidentiality and integrity of sensitive data.'
1261,NSR,'The dashboard will use less than 2MB of RAM during standard operation.'
805,NSR,'The software shall support Portuguese language localization for international users.'
2155,SR,'The system must detect the presence of cryptomining malware in submitted scripts to mitigate the risk of data breaches.'
1391,SR,'The tool will generate integrity reports for sensitive stored in the system.'
1427,SR,'The agent must store user passwords using SHA-3 hashing with unique salts in order to maintain system integrity.'
714,NSR,'The service will process submitted tasks within 5 seconds under normal load conditions.'
77,NSR,'The smart contract issues the block member in which the transaction was mined in. '
1462,SR,'The software will use TLS 1.2 or higher for all network communications in accordance with the security policy.'
1228,NSR,'The application should operate efficiently on systems with as little as 4GB of available RAM.'
1107,NSR,"'The module must be compatible with major cloud platforms including AWS, Azure, and Google Cloud.'"
602,NSR,'The card must authenticate the issuer host upon the response to the request'
766,NSR,'The portal will support German language localization for international users.'
1813,SR,'The agent should detect SSL/TLS misconfigurations and expired certificates in target systems.'
10,NSR,'The system shall allow a user who has a functional account with the Twitter platform to create an application to access tokens. '
916,NSR,'The system will allow multiple users to collaborate on detection within a shared workspace.'
1826,SR,'The framework should perform static analysis to identify potential command injection vulnerabilities as part of the defence-in-depth security strategy.'
628,NSR,'The module will provide a responsive design compatible with both desktop and mobile browsers.'
1936,NSR,'The dashboard must support concurrent analysis of up to 1000 simultaneous samples without degradation.'
1302,SR,'The tool will implement multi-factor authentication (MFA) to prevent unauthorized access in accordance with the security policy.'
19,SR,'The information entered is only altered by the user upon authentication being done to verify. '
861,NSR,'The interface should offer a dark mode option in addition to the default light theme.'
75,NSR,"'The system shall allow the average time taken to finish level 1 verification, add a new block onto the chain and displaying update notifications to be minimal. '"
1597,SR,'The platform will prevent unauthorized access to sensitive user through access controls using industry-standard cryptographic techniques.'
1308,SR,'The service will be easily updatable with security patches without disrupting service to mitigate the risk of data breaches.'
1743,SR,'The module will require OTP-based authentication for all administrative operations to ensure compliance with security best practices.'
1072,NSR,'The platform will support virtualized environments including VMware and Hyper-V.'
1823,SR,'The application will implement PIN-based authentication to prevent unauthorized access to prevent exploitation by malicious actors.'
1690,SR,'The module will enforce network segmentation policies to limit lateral movement to protect against unauthorized access.'
536,NSR,'Share one or more MAC keys with connecting processors  create a MAC on each transmission sent to another processor  and verify the MAC on each transmission received from another processor'
1617,SR,'The agent must use TLS 1.2 or higher for all network communications to prevent exploitation by malicious actors.'
1585,SR,'The service should verify the authenticity of video files by checking its embedded watermark to ensure compliance with security best practices.'
20,SR,'The system shall allow users to enter their usernames and passwords.  '
873,NSR,'The dashboard shall backup critical vulnerability data every weekly to a secure offsite location.'
849,SR,'The component should sign API responses to ensure integrity during transmission as part of the defence-in-depth security strategy.'
2532,NSR,'The module must maintain a false positive rate below 90% during malware analysis operations.'
1419,NSR,'The software should automatically recover from non-critical errors without requiring manual intervention.'
483,NSR,'Otherwise  the Supplementary Logical Channel indicated by the command is opened and the Application currently selected on the original Supplementary Logical Channel shall become the selected Application on the newly opened Supplementary Logical Channel.'
86,SR,'The system shall allow only the legitimate user to modify stored information '
2012,SR,'The application shall use asymmetric encryption (ECC) for secure key exchange in accordance with the security policy.'
803,NSR,'The portal must support concurrent analysis of up to 100 simultaneous files without degradation.'
1286,SR,'The service must notify administrators of critical security events via in-app notifications in order to maintain system integrity.'
1123,NSR,'The software must provide fail-safe behavior that prevents data loss in the event of an unexpected shutdown.'
619,NSR,'The software will respond to user interface interactions within 10 milliseconds.'
1637,NSR,'The module will present scan results in a clear and easy-to-understand format.'
1275,SR,'The system will associate the embedded watermark with the author's registration number to ensure confidentiality and integrity of sensitive data.'
1548,SR,'The system will mask sensitive session fields in logs and reports to ensure confidentiality and integrity of sensitive data.'
632,SR,'The component should automatically log out inactive sessions after 60 minutes of inactivity as part of the defence-in-depth security strategy.'
1086,NSR,'The dashboard should implement dependency injection to improve testability of individual components.'
1592,SR,'The service must detect and block connections to known malicious IP addresses and domains.'
2026,SR,'The system should use TLS 1.2 or higher for all network communications to ensure confidentiality and integrity of sensitive data.'
1431,SR,'The software must prevent privilege escalation attacks by validating all permission changes to mitigate the risk of data breaches.'
1373,NSR,'The module should support database schema migrations to allow incremental system upgrades.'
1045,SR,'The agent will identify and classify keyloggers samples based on behavioral signatures to protect against unauthorized access.'
1784,NSR,'The tool will maintain a structured database of known vulnerability signatures and indicators.'
1650,SR,'The system must monitor system calls to detect backdoors activity at runtime to mitigate the risk of data breaches.'
1052,SR,'The tool must classify detected trojans into known malware families to protect against unauthorized access.'
2587,NSR,'The software will process submitted scans within 24 seconds under normal load conditions.'
772,SR,'The platform must restrict access to confidential based on the user's clearance level to mitigate the risk of data breaches.'
936,SR,'The service will log all network security events with timestamps for forensic analysis to mitigate the risk of data breaches.'
798,SR,'The software will verify server certificates before establishing WPA3 connections.'
24,NSR,'The system shall allow the user to access the start menu screen '
1397,SR,'The service should obtain and record user consent before collecting configuration to mitigate the risk of data breaches.'
2096,SR,'The module should associate the embedded watermark with the author's registration number to protect against unauthorized access.'
1440,NSR,'The service must implement dependency injection to improve testability of individual components.'
42,SR,'The system shall be able to be easily maintained and updated with new data that emerge since the spammers will be trying to bypass the filter with new tricks being employed. '
775,NSR,"'The software must be compatible with major cloud platforms including AWS, Azure, and Google Cloud.'"
57,NSR,'The system shall be able to send an SMS and an Email to security when the detected face is not in the systems database. '
60,NSR,"'The system shall enable sorting of spam to users junk email folders.  Reporting, mail archiving, monitoring and POP3 downloading. '"
936,NSR,'The service shall provide a notification system that alerts users when scanning is complete.'
772,NSR,'The interface shall maintain a false positive rate below 99.5% during scanning operations.'
894,NSR,'The system must maintain performance under peak load conditions of 10 simultaneous users.'
10,NSR,'The system shall be able to remotely start/stop mic record with keyword in SMS and forward the audio file by email '
8,SR,'The system shall be able to authenticate pin entered. '
941,NSR,'The software should allow multiple users to collaborate on vulnerability assessment within a shared workspace.'
1913,NSR,'The software will achieve a detection accuracy of at least 1% on applications.'
878,NSR,'The application must provide a responsive design compatible with both desktop and mobile browsers.'
1026,NSR,'The application will respond to user interface interactions within 15 milliseconds.'
893,SR,'The framework will generate and rotate encryption keys every 90 days to minimize key exposure in order to maintain system integrity.'
1019,NSR,'The software should provide a simple three-step workflow for file submission tasks.'
1358,NSR,'The system should achieve a throughput of at least 5 tasks per hour in production.'
2091,SR,'The platform should detect and block connections to known malicious IP addresses and domains to prevent exploitation by malicious actors.'
69,NSR,'The system can perform well in the web environments catering for all mothers nationwide without encountering major challenges. '
874,SR,'The component should verify the integrity of sensitive using cryptographic checksums to ensure confidentiality and integrity of sensitive data.'
1208,NSR,'The portal will allow administrators to generate activity reports filtered by date range.'
1407,SR,'The agent must allow for safe fail-secure behavior whenever a security fault is detected using industry-standard cryptographic techniques.'
1276,SR,'The application shall encrypt data at rest using ChaCha20-Poly1305 to protect against unauthorized access in accordance with the security policy.'
1253,SR,'The framework should support automatic updates to malware signature databases in accordance with the security policy.'
2134,NSR,'The interface will allow users to schedule automated detection at configured intervals.'
2005,NSR,'The software shall consume no more than 90% of available CPU resources during idle monitoring.'
978,SR,'The module should alert administrators when adware activity is detected in real time using industry-standard cryptographic techniques.'
1053,NSR,'The module shall validate input data before processing to prevent crashes from malformed input.'
1293,NSR,'The dashboard should support automated unit and integration testing with a code coverage target of 1%.'
1630,SR,'The tool will detect distributed denial-of-service (DDoS) attack patterns in traffic.'
824,NSR,'The software will be containerized using Docker for consistent deployment across environments.'
1500,NSR,'The dashboard should allow authenticated users to upload applications for analysis.'
1132,SR,'The framework shall use HMAC-scrypt to authenticate API requests and prevent replay attacks.'
31,NSR,'The system shall enable a user to have a functional account with the Twitter platform and create an application to access tokens. '
2003,NSR,'The application will support installation via apt package manager.'
1867,SR,'The service should perform static analysis to identify potential path traversal vulnerabilities as part of the defence-in-depth security strategy.'
987,SR,'The tool will protect private keys from unauthorized extraction or export in order to maintain system integrity.'
2023,NSR,'The tool must allow administrators to generate activity reports filtered by user.'
1413,SR,'The agent must implement certificate-based authentication to prevent unauthorized access as part of the defence-in-depth security strategy.'
916,SR,'The platform will enforce data retention policies by automatically purging sensitive records after 6 months to ensure compliance with security best practices.'
58,NSR,'The system shall be able to allow cloud user to register and create an account.  '
1314,NSR,'The software shall perform automated health checks every 5 seconds and alert on anomalies.'
765,SR,'The tool shall test for broken authentication and session management vulnerabilities as part of the defence-in-depth security strategy.'
801,NSR,'The application will minimize latency in real-time monitoring mode to under 30 milliseconds.'
879,SR,'The framework shall detect duplicate submissions of watermarked images by different authors using industry-standard cryptographic techniques.'
1263,SR,'The component will generate cryptographically secure session tokens for each authenticated user.'
1030,SR,'The system shall notify administrators of critical security events via in-app notifications to prevent exploitation by malicious actors.'
971,NSR,'The portal should implement graceful degradation so critical functions remain available during partial failures.'
1719,SR,'The platform should securely store encryption keys in a dedicated key management system.'
1509,SR,'The module should apply a visible digital watermark to PDF documents upon author submission to prevent exploitation by malicious actors.'
752,NSR,'The module will scale horizontally to handle increased samples volume without reconfiguration.'
2055,NSR,'The system must perform automated health checks every 15 seconds and alert on anomalies.'
1505,NSR,'The service should achieve a detection accuracy of at least 90% on tasks.'
1647,NSR,'The platform shall respond to user interface interactions within 500 milliseconds.'
2081,NSR,'The software shall function correctly on both 32-bit and 64-bit system architectures.'
2764,SR,'The application shall protect private keys from unauthorized extraction or export using industry-standard cryptographic techniques.'
1604,NSR,'The interface must provide a centralized logging framework for debugging and system monitoring.'
2344,SR,'The component should require PIN-based authentication for all administrative operations in order to maintain system integrity.'
717,NSR,'The system will allow users to schedule automated authentication at configured intervals.'
19,NSR,'A classification algorithm should be applied to determine the probability of a claim being fraudulent'
1650,NSR,'The tool should allow export of scan findings to Excel (XLSX) for integration with ticketing systems.'
1600,NSR,'The platform must allow users to view the history of previously submitted requests.'
223,NSR,'The CPN should support a capability to ensure QoS and call prioritization for sessions originating or terminating in the H(e)NB.'
1246,NSR,'The software must achieve a detection accuracy of at least 99.5% on requests.'
1522,SR,'The software shall generate and rotate encryption keys every 24 hours to minimize key exposure to ensure confidentiality and integrity of sensitive data.'
1353,SR,'The software should encrypt all confidential data using ChaCha20-Poly1305 encryption to prevent exploitation by malicious actors.'
639,NSR,'The portal should maintain a structured database of known vulnerability signatures and indicators.'
88,SR,'The system shall allow files to be accessible only to authorised personnel.'
842,NSR,'The service shall offer a dark mode option in addition to the default light theme.'
759,NSR,'The system shall display progress indicators during long-running analysis operations.'
1328,SR,'The system should implement account lockout mechanisms after repeated failed login attempts in accordance with the security policy.'
1075,NSR,'The application shall have a clean and intuitive interface that requires minimal training to operate.'
1923,NSR,'The interface must offer a dark mode option in addition to the default light theme.'
1495,SR,'The software will require users to change default passwords upon first login to protect against unauthorized access.'
812,SR,'The application shall identify command-and-control (C2) communication patterns in network traffic to protect against unauthorized access.'
1359,NSR,'The application will provide fail-safe behavior that prevents data loss in the event of an unexpected shutdown.'
2922,SR,'The software will verify server certificates before establishing HTTPS connections to ensure compliance with security best practices.'
639,SR,'The system shall enforce data retention policies by automatically purging sensitive records after 24 hours to mitigate the risk of data breaches.'
596,NSR,'For cancel last purchase transactions  the terminal must validate the card and sign the cancellation'
558,NSR,'The merchant acquirer validates the batch to ensure that it has been transmitted correctly and enters it into the log'
9,NSR,'The system shall be portable as long as there is internet connectivity'
952,SR,'The component will detect anomalous network traffic patterns indicative of backdoors activity.'
74,NSR,'System shall start a clock when an employee logs in and stop the clock when employee logs out. '
1815,SR,'The agent shall use TLS 1.2 or higher for all network communications as part of the defence-in-depth security strategy.'
2878,NSR,'The software should perform automated health checks every 200 seconds and alert on anomalies.'
1605,NSR,'The tool shall respond to user interface interactions within 60 milliseconds.'
2609,SR,'The platform should block network communication from hosts identified as compromised.'
1491,NSR,'The portal should integrate with third-party SIEM platforms via OAuth 2.0.'
665,SR,'The component must securely store encryption keys in a dedicated key management system using industry-standard cryptographic techniques.'
1564,SR,'The software must restrict access to financial based on the user's clearance level in order to maintain system integrity.'
1046,NSR,'The application must allow users to customize dashboard layouts according to their preferences.'
1520,NSR,'The service must provide administrators with a configurable dashboard for system management.'
1620,NSR,'The application shall respond to user interface interactions within 200 milliseconds.'
19,NSR,'The system shall ensure that actions which cannot be undone are to request confirmation before they are effected. '
721,SR,'The platform should obtain and record user consent before collecting configuration to ensure confidentiality and integrity of sensitive data.'
707,SR,'The application must anonymize personally identifiable information before processing using industry-standard cryptographic techniques.'
1686,NSR,'The system will provide a disaster recovery plan with a recovery time objective of 500 hours.'
1837,SR,'The platform shall prevent privilege escalation attacks by validating all permission changes as part of the defence-in-depth security strategy.'
2411,SR,'The software must detect distributed denial-of-service (DDoS) attack patterns in traffic to ensure confidentiality and integrity of sensitive data.'
29,NSR,'The system should be able to provide reports monthly regarding the anomalies detected. '
1694,SR,'The platform must sign API responses to ensure integrity during transmission using industry-standard cryptographic techniques.'
1881,NSR,'The module shall provide contextual help tooltips and user documentation throughout the interface.'
1162,SR,'The software must verify the integrity of configuration using cryptographic checksums to prevent exploitation by malicious actors.'
1378,SR,'The service must use 3DES with a 256-bit key to protect stored sensitive to protect against unauthorized access.'
1531,NSR,'The software shall support German language localization for international users.'
10,NSR,'The system shall send child SMS to parent device '
1300,NSR,'The portal shall maintain a false positive rate below 1% during malware analysis operations.'
85,NSR,'The system shall be usable and implemented on website and has an interactive interface '
1334,SR,'The system must alert administrators when adware activity is detected in real time as part of the defence-in-depth security strategy.'
1338,SR,'The agent will scan submitted code for buffer overflow security flaws.'
1371,NSR,'The tool should support installation via apt package manager.'
1594,SR,'The platform will implement end-to-end encryption for user messages.'
35,NSR,'The system works well in reducing the affiliated risk of errors from inaccurate data formats '
84,NSR,'The system shall use RFID scanner to capture the details of every passenger upon boarding the bus. '
2153,SR,'The agent will log all network security events with timestamps for forensic analysis to ensure confidentiality and integrity of sensitive data.'
1655,SR,'The system must detect XXE injection vulnerabilities in submitted web applications to prevent exploitation by malicious actors.'
13,NSR,'The systems intuitive design of the interface will make operating the software easy and quick. '
3020,NSR,'The software shall support redundant database configurations to prevent data loss.'
1737,NSR,'The dashboard must function correctly on both 32-bit and 64-bit system architectures.'
1182,SR,'The module should use TLS 1.2 or higher for all network communications to prevent exploitation by malicious actors.'
846,SR,'The module must monitor DNS queries to detect data exfiltration and domain generation algorithms to mitigate the risk of data breaches.'
1440,NSR,'The service should maintain performance under peak load conditions of 1000 simultaneous users.'
1511,SR,'The application should detect polymorphic and obfuscated spyware variants as part of the defence-in-depth security strategy.'
1760,SR,'The application should identify unauthorized network devices connected to the internal network to ensure compliance with security best practices.'
1250,SR,'The software must detect outdated or vulnerable third-party libraries in analyzed applications as part of the defence-in-depth security strategy.'
960,NSR,'The platform must allow users to set and manage malware analysis thresholds and alert rules.'
1666,SR,'The tool should perform regular automated vulnerability scans against the deployed application to mitigate the risk of data breaches.'
773,SR,'The system must enforce certificate-based authentication before granting access to protected resources to mitigate the risk of data breaches.'
1235,SR,'The service shall identify unauthorized network devices connected to the internal network as part of the defence-in-depth security strategy.'
1614,NSR,'The application shall support French language localization for international users.'
1236,NSR,'The module will support bulk submission of scans for batch reporting processing.'
1492,NSR,'The module will provide a searchable database of historical reporting results.'
713,SR,'The application must implement end-to-end encryption for session messages as part of the defence-in-depth security strategy.'
975,NSR,'The service shall support database schema migrations to allow incremental system upgrades.'
1163,SR,'The software shall identify unauthorized network devices connected to the internal network as part of the defence-in-depth security strategy.'
1654,SR,'The component must invalidate session tokens upon logout to prevent session hijacking in accordance with the security policy.'
205,NSR,'CNG shall be equipped with an application client to be remotely manageable by the service providers for configuration  monitoring  firmware upgrade purposes. In case of multiple service providers multiple clients configuring different sets of parameters (for example referring to different services) may be present. A single parameter can be modified by a single client only.'
1090,SR,'The software should enforce network segmentation policies to limit lateral movement to ensure confidentiality and integrity of sensitive data.'
29,SR,'The system is effective because it will detect normal attacks which current systems do not detect.'
893,NSR,'The dashboard must support database schema migrations to allow incremental system upgrades.'
1633,NSR,'The interface will maintain performance under peak load conditions of 100 simultaneous users.'
1018,SR,'The component shall embed an invisible digital watermark into documents to protect ownership to ensure compliance with security best practices.'
964,SR,'The module will identify and classify ransomware samples based on behavioral signatures to ensure compliance with security best practices.'
1034,NSR,'The service should provide a simple three-step workflow for file submission tasks.'
1459,NSR,'The interface will implement dependency injection to improve testability of individual components.'
593,SR,'The card must authenticate the terminal at the point of sale  ensuring that it is genuine and valid  and use a two-way authentication process'
1227,NSR,"'The software shall allow users to register an account by providing their name, email, and department.'"
1203,SR,'The software will use HMAC-bcrypt to authenticate API requests and prevent replay attacks using industry-standard cryptographic techniques.'
11,NSR,' The system shall comply with the anti-money laundering guidelines of Zimbabwe. '
2759,SR,'The application will sign API responses to ensure integrity during transmission in accordance with the security policy.'
1469,NSR,'The service must process submitted applications within 200 seconds under normal load conditions.'
970,SR,'The component will validate user credentials against the secure database before allowing access using industry-standard cryptographic techniques.'
37,NSR,'The system shall be efficient and effective to use and the tasks shall be accomplished on time '
1,NSR,'The system shall have a friendly interface design to enhance users experience '
734,NSR,'The application will handle network disconnections gracefully and queue operations for retry.'
812,SR,'The application shall implement account lockout mechanisms after repeated failed login attempts to prevent exploitation by malicious actors.'
87,SR,'The system shall prevent manipulation of the watermark by an unauthorised user. '
642,NSR,'The service will allow users to schedule automated vulnerability assessment at configured intervals.'
1299,NSR,'The software should allow multiple users to collaborate on authentication within a shared workspace.'
1934,NSR,'The system shall maintain a structured database of known vulnerability signatures and indicators.'
1370,NSR,'The software must allow authenticated users to upload samples for analysis.'
578,NSR,'The card issuer must establish its policies for assigning and adjusting slot maximum balances. These policies may require the card issuer to maintain a card database'
425,NSR,'For commands that are dispatched to an Application  it is the responsibility of the Application to correctly reject commands that it does not recognize  expect or cannot process.'
623,SR,'The application shall enforce role-based access control to restrict user permissions to ensure compliance with security best practices.'
1965,SR,'The platform should perform static analysis to identify potential XXE injection vulnerabilities in accordance with the security policy.'
2989,NSR,'The application shall perform automated health checks every 60 seconds and alert on anomalies.'
1066,NSR,"'The interface shall allow administrators to create, read, update, and delete user accounts.'"
1770,NSR,'The module must provide a disaster recovery plan with a recovery time objective of 200 hours.'
2166,NSR,'The dashboard will be packaged as a Docker container for simple installation on supported platforms.'
1417,NSR,'The application will allow users to schedule automated analysis at configured intervals.'
1849,NSR,'The application must support multi-tenancy so multiple organizations can use the system independently.'
73,SR,"'The system shall be self-protective and failure proof, exception handling will ensure that the system is fail safe and gracefully stops under error conditions.'"
58,SR,'The system shall be able to show a section which displays the last time a user logged in the system and a summary of the activities they did on the system upon logging in. '
693,SR,'The software must perform static analysis to identify potential broken authentication vulnerabilities to mitigate the risk of data breaches.'
1134,SR,'The software shall detect port scanning activity originating from rogue nodes on the network to prevent exploitation by malicious actors.'
770,NSR,'The platform will validate input data before processing to prevent crashes from malformed input.'
43,SR,'The system should be easy to maintain and it should be modifiable.'
1743,NSR,'The interface shall support import of threat intelligence feeds in XML format.'
1047,NSR,'The system should allow authenticated users to upload queries for analysis.'
721,SR,'The tool must enforce data retention policies by automatically purging sensitive records after 6 months using industry-standard cryptographic techniques.'
1891,SR,'The system must use ChaCha20-Poly1305 with a 128-bit key to protect stored financial to protect against unauthorized access.'
1424,SR,'The software should enforce HTTPS for all data transmission between client and server in accordance with the security policy.'
970,NSR,'The interface should achieve a throughput of at least 50 scans per hour in production.'
2090,NSR,'The application will maintain a false positive rate below 0.1% during vulnerability assessment operations.'
1672,NSR,'The interface must provide a notification system that alerts users when vulnerability assessment is complete.'
1104,SR,'The tool should identify unauthorized network devices connected to the internal network.'
752,NSR,'The application will support plugin-based architecture to allow new detection modules to be added.'
1083,SR,'The tool must associate the embedded watermark with the author's registration number in accordance with the security policy.'
1238,NSR,'The module should achieve an uptime of at least 90% measured over a rolling 30-day period.'
2144,NSR,'The application must respond to user interface interactions within 1 milliseconds.'
1476,NSR,'The software should minimize latency in real-time monitoring mode to under 10 milliseconds.'
917,SR,'The module should detect port scanning activity originating from rogue nodes on the network.'
1711,SR,'The application should implement certificate pinning to prevent path traversal attacks to ensure confidentiality and integrity of sensitive data.'
715,NSR,'The module will allow authenticated users to upload requests for analysis.'
1000,SR,'The module must prevent privilege escalation attacks by validating all permission changes in accordance with the security policy.'
1033,NSR,'The software must follow clean code principles and established design patterns for maintainability.'
1380,NSR,'The portal shall scale horizontally to handle increased files volume without reconfiguration.'
897,NSR,'The interface should display results in both tabular and graphical chart formats.'
93,NSR,'The system shall  be able to make random check on the connection. '
21,NSR,'The system shall ensure the exchange of data is between some target host computers on the same network and web-based application software. '
893,SR,'The component must enforce HTTPS for all data transmission between client and server in accordance with the security policy.'
641,NSR,'The interface will allow multiple users to collaborate on malware analysis within a shared workspace.'
785,NSR,'The dashboard will present scan results in a clear and easy-to-understand format.'
1553,NSR,'The module must be accessible to users with disabilities by adhering to WCAG 2.1 guidelines.'
1091,SR,'The tool will implement account lockout mechanisms after repeated failed login attempts as part of the defence-in-depth security strategy.'
828,NSR,'The dashboard must operate efficiently on systems with as little as 8GB of available RAM.'
770,SR,'The framework shall generate behavioral reports for web applications executed in the sandbox to mitigate the risk of data breaches.'
740,SR,'The application will encrypt all personal data using 3DES encryption to prevent exploitation by malicious actors.'
1682,SR,'The application must verify the authenticity of images by checking its embedded watermark to ensure compliance with security best practices.'
434,NSR,'The OPEN shall support Application selection on the Basic Logical Channel via Explicit Selection through the SELECT [by name] command.'
1689,SR,'The framework will automatically log out inactive sessions after 15 minutes of inactivity as part of the defence-in-depth security strategy.'
1641,NSR,'The service should achieve a throughput of at least 1000000 requests per hour in production.'
869,SR,'The component shall monitor DNS queries to detect data exfiltration and domain generation algorithms to ensure compliance with security best practices.'
1252,SR,'The application should embed an invisible digital watermark into video files to protect ownership to ensure compliance with security best practices.'
1294,SR,'The system should maintain a tamper-evident audit log of all transaction events in accordance with the security policy.'
676,NSR,'The portal must provide a notification system that alerts users when authentication is complete.'
1510,SR,'The application shall identify unauthorized network devices connected to the internal network in order to maintain system integrity.'
1336,NSR,'The system will provide a RESTful API that allows external systems to trigger and retrieve scanning results.'
1803,SR,'The software shall extract and analyze worms indicators of compromise from samples in accordance with the security policy.'
1098,NSR,'The application will implement graceful degradation so critical functions remain available during partial failures.'
92,SR,'The system shall  give each user who purchases a copy of a video a lifetime access right to authentic copy the video. '
1398,SR,'The component shall correlate network events against threat intelligence blacklists in accordance with the security policy.'
29,NSR,'The system shall have a working environment which is the main screen which will allow the user to monitor the network. '
2904,NSR,'The application should allow users to customize dashboard layouts according to their preferences.'
326,NSR,'The GlobalPlatform API shall provides services  to the card content management such as  card locking and application life cycle state update'
1960,SR,'The module must prevent downgrade attacks by enforcing minimum SFTP version requirements in accordance with the security policy.'
1937,NSR,'The interface will support redundant database configurations to prevent data loss.'
804,NSR,'The interface shall generate analysis reports in under 60 seconds for typical scans.'
1048,SR,'The agent shall detect SSL/TLS misconfigurations and expired certificates in target systems.'
1311,SR,'The framework will generate integrity reports for medical stored in the system.'
2071,SR,'The tool shall invalidate session tokens upon logout to prevent session hijacking using industry-standard cryptographic techniques.'
1769,SR,'The application should authenticate users using certificate-based authentication.'
1342,SR,'The system must limit login attempts to 3 consecutive failures before locking the account to mitigate the risk of data breaches.'
2577,SR,'The system should obtain and record user consent before collecting financial using industry-standard cryptographic techniques.'
926,NSR,'The service must allow users to filter and search through incident records efficiently.'
45,NSR,'The system shall allow different clients to run in different OSPF areas. '
176,NSR,'Depending on the operation mode chosen (bridged or touted) and on the type of flow treated (unicast or multicast) the CNG shall forward packets only to the physical interfaces which are connected to devices interested to the IPTV flow.'
1794,NSR,'The application will support automated unit and integration testing with a code coverage target of 90%.'
1364,SR,'The system will implement secure communication channels using HTTPS protocol in accordance with the security policy.'
962,SR,'The component shall detect unauthorized modifications to critical system files.'
613,SR,'The load device must support on-line PIN encryption or off-line PIN verification'
1303,SR,'The system shall anonymize personally identifiable information before analysis to prevent exploitation by malicious actors.'
2215,NSR,'The dashboard should maintain a consistent visual design across all screens and modules.'
1122,SR,'The service shall use TLS 1.2 or higher for all network communications to ensure confidentiality and integrity of sensitive data.'
1949,NSR,'The portal shall implement transaction rollbacks to maintain data consistency during failures.'
2792,NSR,'The interface should have a clean and intuitive interface that requires minimal training to operate.'
1524,SR,'The module should enforce data retention policies by automatically purging sensitive records after 30 days in accordance with the security policy.'
338,NSR,"'""The Application Provider is responsible for Providing load file data block signatures according to its own security policy for integrity and source authenticity,""'"
218,SR,'The CND directly or through the CNG must be able to access to Network Configuration Service Function without involving any user interaction.'
1088,NSR,'The interface must maintain a false positive rate below 95% during detection operations.'
1046,NSR,'The dashboard shall support concurrent analysis of up to 10 simultaneous queries without degradation.'
513,NSR,'During a purchase transaction  the CEP card must ensure that it is dealing with an authentic POS device  and it must generate a signature to allow the card issuer to verify the integrity of the transaction'
8,NSR,'The system shall allow 2 seconds to fetch student details from the database'
1778,SR,'The platform shall securely store encryption keys in a dedicated key management system to protect against unauthorized access.'
2288,SR,'The service must notify administrators of critical security events via email in order to maintain system integrity.'
1559,SR,'The module should generate integrity reports for medical stored in the system as part of the defence-in-depth security strategy.'
64,NSR,'The system will permit user credentials registration. '
889,NSR,'The tool should allow users to annotate and comment on malware analysis findings for team collaboration.'
59,NSR,'The system shall allow a user to search for resources. '
801,SR,'The software shall notify administrators of critical security events via SMS to prevent exploitation by malicious actors.'
1208,NSR,'The tool shall have a clean and intuitive interface that requires minimal training to operate.'
1277,NSR,'The interface must support import of threat intelligence feeds in XML format.'
1497,SR,"'The system must classify identified vulnerabilities by severity level (critical, high, medium, low).'"
1176,SR,'The component must detect unauthorized modifications to critical system files using industry-standard cryptographic techniques.'
1037,SR,'The application will detect outdated or vulnerable third-party libraries in analyzed applications in accordance with the security policy.'
1419,SR,'The framework shall enforce HTTPS for all data transmission between client and server to mitigate the risk of data breaches.'
2631,SR,'The application must enforce role-based access control to restrict user permissions in order to maintain system integrity.'
715,NSR,'The dashboard should allow users to schedule automated authentication at configured intervals.'
652,SR,'The tool will implement secure communication channels using HTTPS protocol using industry-standard cryptographic techniques.'
1241,SR,'The tool will classify detected adware into known malware families.'
792,NSR,'The platform shall allow users to view the history of previously submitted queries.'
82,SR,'The system shall provide a secure student authentication and authorisation by using security SAML tokens containing assertions about a subject for communication between trusted parties. '
785,NSR,'The portal shall allow users to set and manage scanning thresholds and alert rules.'
1365,NSR,'The portal must minimize latency in real-time monitoring mode to under 5 milliseconds.'
638,NSR,'The module must allow administrators to generate activity reports filtered by date range.'
1113,SR,'The tool should detect polymorphic and obfuscated trojans variants to ensure confidentiality and integrity of sensitive data.'
618,SR,'The application shall analyze HTTP requests and responses to detect sensitive data exposure attack patterns to mitigate the risk of data breaches.'
22,SR,'The system make use of stored procedures '
1036,SR,'The service will generate and rotate encryption keys every 24 hours to minimize key exposure to prevent exploitation by malicious actors.'
1313,NSR,'The tool should support concurrent analysis of up to 20 simultaneous samples without degradation.'
38,SR,'The system must be able to deal with network threats on the computer it would be installed on.  '
56,NSR,'The system is designed to give the user many options that include switching '
2760,NSR,'The dashboard must be deployable on 64-bit Windows and Linux operating systems without modification.'
2679,SR,'The service must perform regular automated vulnerability scans against the deployed application to mitigate the risk of data breaches.'
1393,SR,'The tool will implement end-to-end encryption for financial messages.'
1075,NSR,'The service should allow users to filter and search through audit records efficiently.'
738,NSR,'The tool should provide a centralized logging framework for debugging and system monitoring.'
1480,NSR,'The module should test failover mechanisms periodically to ensure they operate as expected.'
929,SR,'The system must identify and classify keyloggers samples based on behavioral signatures.'
47,NSR,'The system shall allow the administrator to browse for the file within their local system and submit it to the analysis platform.  '
1116,NSR,'The tool must support import of threat intelligence feeds in XML format.'
1067,SR,'The tool will identify and report broken authentication injection points in target applications.'
1039,SR,'The platform should use HMAC-Argon2 to authenticate API requests and prevent replay attacks using industry-standard cryptographic techniques.'
801,SR,'The module will detect sensitive data exposure vulnerabilities in submitted web applications to prevent exploitation by malicious actors.'
1061,SR,'The tool should implement certificate pinning to prevent sensitive data exposure attacks in accordance with the security policy.'
962,NSR,'The dashboard must integrate with third-party ticketing platforms via OAuth 2.0.'
15,SR,"'The system shall be built to be compatible with many operating systems such as windows, android and linux. '"
2150,NSR,'The system must allow export of analysis results to CSV format for offline review.'
1365,SR,'The application shall invalidate session tokens upon logout to prevent session hijacking to ensure confidentiality and integrity of sensitive data.'
704,NSR,'The portal shall run on any system that has Node.js version 3.8 or later installed.'
966,SR,'The platform will detect cryptojacking activity by monitoring CPU usage and network connections in order to maintain system integrity.'
1519,SR,'The system shall support automatic updates to malware signature databases using industry-standard cryptographic techniques.'
1212,SR,'The system shall enforce HTTPS for all data transmission between client and server as part of the defence-in-depth security strategy.'
709,SR,'The agent must scan submitted code for SSRF security flaws to ensure compliance with security best practices.'
1318,SR,'The service shall apply a visible digital watermark to video files upon author submission in order to maintain system integrity.'
1630,SR,'The agent will identify unauthorized network devices connected to the internal network to mitigate the risk of data breaches.'
2371,SR,'The system should prevent privilege escalation attacks by validating all permission changes in order to maintain system integrity.'
1331,NSR,'The application shall display results in both tabular and graphical chart formats.'
1084,SR,'The system should enforce HTTPS for all data transmission between client and server.'
1522,SR,'The software should use TLS 1.3 or higher for all network communications.'
62,NSR,'The system shall allow the publishing and viewing of Wanted/Missing Persons. '
764,NSR,'The tool shall display clear error messages that guide the user toward resolution.'
1259,NSR,'The dashboard will adhere to SOLID design principles to minimize coupling between components.'
675,NSR,'The system must include rollback capabilities to revert to a previous stable version if needed.'
1963,NSR,'The tool shall display real-time analysis status updates without requiring page refresh.'
27,NSR,'The system shall support at least 200 concurrently connected users. '
1842,SR,'The system must prevent downgrade attacks by enforcing minimum WPA3 version requirements.'
1654,NSR,'The platform should respond to user interface interactions within 30 milliseconds.'
909,NSR,'The portal shall minimize latency in real-time monitoring mode to under 60 milliseconds.'
1550,SR,'The service will restrict access to session based on the user's clearance level using industry-standard cryptographic techniques.'
8,NSR,'The system shall allow the buzzer to ring if 3 consecutive wrong attempts are made. '
631,NSR,'The portal shall allow authenticated users to upload samples for analysis.'
1235,SR,'The system shall prevent privilege escalation attacks by validating all permission changes in accordance with the security policy.'
1858,NSR,'The platform will respond to user interface interactions within 500 milliseconds.'
2438,NSR,'The platform shall generate structured logs in JSON format for consumption by log aggregators.'
1055,SR,'The system must monitor file system changes to detect ransomware encryption activity to protect against unauthorized access.'
1152,NSR,'The platform will implement dependency injection to improve testability of individual components.'
49,SR,"'The system will be divided into modules i.e downloader, trimmer, player to enhance the maintainability of the system and its troubleshooting '"
2127,SR,'The agent must alert on connections to known cryptocurrency mining pool endpoints to protect against unauthorized access.'
54,SR,'The system shall provide access control to the user interface. '
1392,NSR,'The system must generate automated summary emails of daily scanning activities.'
3111,NSR,'The software must achieve a throughput of at least 5 tasks per hour in production.'
1168,SR,'The software will use TLS 1.3 or higher for all network communications to prevent exploitation by malicious actors.'
1665,SR,'The system must implement two-factor authentication (2FA) to prevent unauthorized access.'
1057,NSR,'The platform will be implemented using a modular architecture to facilitate independent component updates.'
2054,SR,'The application will restrict access to financial based on the user's clearance level.'
25,SR,'The system must be scalable '
1514,NSR,'The service shall provide a simple three-step workflow for scan configuration tasks.'
2362,SR,'The service shall identify command-and-control (C2) communication patterns in network traffic to ensure confidentiality and integrity of sensitive data.'
1436,SR,'The module shall verify the integrity of medical using cryptographic checksums in accordance with the security policy.'
1774,SR,'The component shall limit login attempts to 3 consecutive failures before locking the account.'
839,NSR,'The tool shall support virtualized environments including VMware and Hyper-V.'
95,NSR,'The system shall provide reports monthly regarding the anomalies detected. '
760,NSR,'The system must allow export of analysis results to JSON format for offline review.'
1170,SR,'The platform will detect duplicate submissions of watermarked video files by different authors to ensure confidentiality and integrity of sensitive data.'
2834,SR,'The service must analyze Android applications behavior in an isolated sandbox environment in order to maintain system integrity.'
879,NSR,'The interface shall allow signature databases and detection rules to be updated without system restart.'
926,SR,'The system must implement LDAP authentication to prevent unauthorized access to prevent exploitation by malicious actors.'
2154,NSR,'The dashboard must generate structured logs in CEF (Common Event Format) format for consumption by log aggregators.'
1569,NSR,'The interface must provide a notification system that alerts users when scanning is complete.'
1663,SR,'The platform shall implement account lockout mechanisms after repeated failed login attempts using industry-standard cryptographic techniques.'
1012,NSR,'The software shall support import of threat intelligence feeds in XML format.'
850,SR,'The software should allow for safe fail-secure behavior whenever a security fault is detected as part of the defence-in-depth security strategy.'
1595,SR,'The software shall implement secure communication channels using TLS protocol to prevent exploitation by malicious actors.'
2477,SR,'The system shall store user passwords using SHA-3 hashing with unique salts to protect against unauthorized access.'
1657,SR,'The platform shall apply a visible digital watermark to PDF documents upon author submission in order to maintain system integrity.'
34,NSR,'The system shall be able to keep an inventory of the donated blood id and type '
3,SR,"'The system shall be easy to maintain as it can easily be integrated with other systems, modified or reused on other different platforms, '"
1803,NSR,'The portal should support installation via apt package manager.'
1552,NSR,'The application should respond to user interface interactions within 1 milliseconds.'
1973,NSR,'The dashboard must generate automated summary emails of daily monitoring activities.'
1245,SR,'The platform must prevent downgrade attacks by enforcing minimum WPA3 version requirements as part of the defence-in-depth security strategy.'
1213,NSR,'The application will provide a responsive design compatible with both desktop and mobile browsers.'
966,NSR,'The service should support virtualized environments including VMware and Hyper-V.'
898,NSR,'The software should run on any system that has Java version 3.10 or later installed.'
1738,NSR,'The dashboard will include comprehensive inline code documentation and API documentation.'
1034,NSR,'The system should process submitted applications within 5 seconds under normal load conditions.'
1474,SR,'The framework will enforce HTTPS for all data transmission between client and server to ensure confidentiality and integrity of sensitive data.'
1275,NSR,'The portal should support plugin-based architecture to allow new detection modules to be added.'
1184,NSR,'The service will support multi-tenancy so multiple organizations can use the system independently.'
1188,NSR,'The platform will maintain backward compatibility with previous versions of the API.'
2489,SR,'The system should analyze uploaded files behavior in an isolated sandbox environment using industry-standard cryptographic techniques.'
2498,SR,'The software shall enforce role-based access control to restrict user permissions using industry-standard cryptographic techniques.'
1043,NSR,'The tool will maintain a false positive rate below 99.5% during vulnerability assessment operations.'
41,NSR,'The system shall support embedding or retrieving message from the image without user errors. '
1467,SR,'The module shall encrypt all confidential data using AES-256 encryption.'
1895,SR,'The application shall require users to change default passwords upon first login to ensure confidentiality and integrity of sensitive data.'
776,SR,'The service will monitor file system changes to detect ransomware encryption activity.'
1662,NSR,'The service shall support bulk submission of tasks for batch reporting processing.'
2425,SR,'The module must invalidate session tokens upon logout to prevent session hijacking to ensure confidentiality and integrity of sensitive data.'
2272,SR,'The software shall monitor HTTPS and TLS network traffic to detect security anomalies to ensure confidentiality and integrity of sensitive data.'
1426,SR,'The module will monitor file system changes to detect ransomware encryption activity to prevent exploitation by malicious actors.'
2111,NSR,'The system should be containerized using Docker for consistent deployment across environments.'
1691,NSR,"'The dashboard shall ensure the system can process samples reliably across all supported test, staging, and production environments.'"
933,NSR,'The platform should process submitted scans within 500 seconds under normal load conditions.'
874,NSR,'The platform shall have a clean and intuitive interface that requires minimal training to operate.'
1043,NSR,'The software shall test failover mechanisms periodically to ensure they operate as expected.'
822,NSR,'The application will be deployable on Ubuntu 20.04 and later operating systems without modification.'
1616,SR,'The tool should test for broken authentication and session management vulnerabilities in order to maintain system integrity.'
994,NSR,'The module will provide an audit trail of all administrative actions performed in the system.'
41,SR,"'The system shall offer high level security, as it shall give access to authorized users only, '"
661,SR,'The platform will integrate with existing SIEM systems for centralized security monitoring in order to maintain system integrity.'
2905,SR,'The software will securely store encryption keys in a dedicated key management system using industry-standard cryptographic techniques.'
9,NSR,'The system will be able to execute properly on any windows platform '
2787,SR,'The system must comply with PCI-DSS data protection requirements in accordance with the security policy.'
1505,NSR,'The service will follow clean code principles and established design patterns for maintainability.'
33,NSR,'The system shall be able to minimize false positives and false negatives. '
1328,NSR,'The tool will maintain performance under peak load conditions of 1000000 simultaneous users.'
642,SR,'The software will maintain a tamper-evident audit log of all transaction events.'
726,NSR,'The module will process submitted applications within 100 seconds under normal load conditions.'
1423,NSR,'The software will provide keyboard shortcuts for frequently used operations.'
1083,NSR,'The module shall integrate with third-party SIEM platforms via webhooks.'
1098,SR,'The module must identify command-and-control (C2) communication patterns in network traffic to ensure compliance with security best practices.'
47,NSR,'The system should have a high rate of processing the work and the services rendered. '
835,NSR,'The dashboard shall support drag-and-drop file submission for ease of use.'
1566,NSR,'The system will offer a dark mode option in addition to the default light theme.'
79,SR,'The system shall ensure that the system records shall be encrypted and stored in the cloud as cyphertext. '
14,SR,"'The system shall allow Network traffic monitoring in real-time by capturing incoming and outgoing TCP, HTTP(S) and TLS web traffic, in order to correlate it with configured cryptojacking blacklist. '"
1248,NSR,'The platform should be packaged as a desktop installer for simple installation on supported platforms.'
28,SR,"'The system shall enforce encryption on all files, communication channels and backups. '"
736,SR,'The system must test for broken authentication and session management vulnerabilities in order to maintain system integrity.'
1182,NSR,'The module shall use less than 1024MB of RAM during standard operation.'
15,SR,'The system shall use a two-way authentication system by combining keyboard activities and mouse movement biometrics to improve security.'
1128,NSR,'The software will support drag-and-drop file submission for ease of use.'
100,NSR,'The system shall have a self-explanatory user interface.'
827,SR,'The application should perform regular automated vulnerability scans against the deployed application to protect against unauthorized access.'
786,SR,'The application should mask sensitive confidential fields in logs and reports using industry-standard cryptographic techniques.'
89,SR,'The system shall   be able to deny websites listed in the database. '
788,NSR,"'The dashboard will provide a changelog documenting all updates, bug fixes, and new features.'"
61,SR,'The system shall enable the radiologist to verify the integrity of stored images through the PoR functionality. '
829,SR,'The component will securely store encryption keys in a dedicated key management system using industry-standard cryptographic techniques.'
1040,SR,'The module should enforce network segmentation policies to limit lateral movement to ensure compliance with security best practices.'
1499,NSR,'The service shall allow authenticated users to upload queries for analysis.'
835,SR,'The software should support automatic updates to malware signature databases to prevent exploitation by malicious actors.'
2503,SR,'The agent shall detect duplicate submissions of watermarked documents by different authors in order to maintain system integrity.'
652,NSR,'The service must allow users to filter and search through audit records efficiently.'
845,NSR,'The application should support import of threat intelligence feeds in CSV format.'
1014,NSR,'The interface shall support Spanish language localization for international users.'
952,SR,'The application shall detect man-in-the-middle attacks through certificate validation monitoring to ensure confidentiality and integrity of sensitive data.'
2160,NSR,'The system will generate automated summary emails of daily scanning activities.'
637,NSR,'The application must implement graceful degradation so critical functions remain available during partial failures.'
2314,SR,'The agent should classify detected keyloggers into known malware families using industry-standard cryptographic techniques.'
1121,SR,'The system must implement behavioural biometrics to prevent unauthorized access.'
1534,NSR,'The tool will generate structured logs in LEEF format for consumption by log aggregators.'
9,NSR,'The system shall allow a short time to respond to a command to encrypt and decrypt data.'
1047,SR,'The service must monitor file system changes to detect ransomware encryption activity in order to maintain system integrity.'
1160,NSR,'The platform should scale horizontally to handle increased scans volume without reconfiguration.'
2629,SR,'The module shall enforce data retention policies by automatically purging sensitive records after 30 days as part of the defence-in-depth security strategy.'
2109,NSR,'The interface must allow users to view the history of previously submitted requests.'
31,SR,'The system shall be able to handle a growing amount of work and also to be enlarged in order to accommodate that growth.  '
86,NSR,'The system shall have an operational manual to guide users on how to use the system. '
829,SR,'The software must implement account lockout mechanisms after repeated failed login attempts.'
1440,NSR,'The application shall allow users to set and manage vulnerability assessment thresholds and alert rules.'
1685,SR,'The tool shall detect duplicate submissions of watermarked video files by different authors to ensure confidentiality and integrity of sensitive data.'
2628,SR,'The service shall alert on connections to known cryptocurrency mining pool endpoints to protect against unauthorized access.'
1750,SR,'The software must encrypt all configuration data using ChaCha20-Poly1305 encryption to prevent exploitation by malicious actors.'
4,SR,'The system shall focus on known and unknown malware families with the aim of unearthing newly developed malware which are potentially harmful to the Android applications. '
886,SR,'The tool will detect unauthorized modifications to critical system files using industry-standard cryptographic techniques.'
1665,NSR,'The tool should provide keyboard shortcuts for frequently used operations.'
1106,NSR,'The software must backup critical user data every weekly to a secure offsite location.'
1437,NSR,'The system shall perform automated health checks every 2 seconds and alert on anomalies.'
617,SR,'The agent shall authenticate users using two-factor authentication (2FA) to prevent exploitation by malicious actors.'
16,NSR,'The system shall be able to create reports from activity in the system. '
2164,SR,'The module will invalidate session tokens upon logout to prevent session hijacking using industry-standard cryptographic techniques.'
39,NSR,'The system shall allow the user to quit the program after it has started.'
1219,SR,'The application shall be easily updatable with security patches without disrupting service to ensure compliance with security best practices.'
1586,SR,'The framework shall anonymize personally identifiable information before analysis to protect against unauthorized access.'
1352,NSR,'The tool shall support installation via pip package manager.'
879,NSR,'The portal should achieve an uptime of at least 95% measured over a rolling weekly period.'
835,NSR,'The portal must support multi-tenancy so multiple organizations can use the system independently.'
937,SR,'The agent should scan submitted code for path traversal security flaws using industry-standard cryptographic techniques.'
1065,NSR,'The dashboard must allow export of scan findings to Excel (XLSX) for integration with ticketing systems.'
1701,NSR,'The system must integrate with third-party cloud storage platforms via RESTful API.'
1308,SR,'The agent shall associate the embedded watermark with the author's registration number.'
1447,NSR,'The portal must support redundant database configurations to prevent data loss.'
1148,SR,'The system will support automatic updates to malware signature databases as part of the defence-in-depth security strategy.'
1681,NSR,'The interface should achieve a throughput of at least 5 applications per hour in production.'
1304,SR,'The application should perform static analysis to identify potential broken authentication vulnerabilities.'
1186,NSR,'The portal will include comprehensive inline code documentation and API documentation.'
2258,NSR,'The portal will provide a role management interface for assigning permissions to user groups.'
790,NSR,'The application will provide a cross-platform command-line interface in addition to the GUI.'
358,NSR,'The OPEN shall Ensure that the Card Content changes are authorized by the Card Issuer'
1040,SR,'The system will use asymmetric encryption (Ed25519) for secure key exchange to protect against unauthorized access.'
1838,NSR,'The platform shall include comprehensive inline code documentation and API documentation.'
2600,NSR,'The interface will generate automated summary emails of daily vulnerability assessment activities.'
2774,SR,'The tool should prevent unauthorized access to sensitive confidential through access controls using industry-standard cryptographic techniques.'
1472,NSR,'The platform shall respond to user interface interactions within 100 milliseconds.'
814,SR,'The agent shall verify the integrity of medical using cryptographic checksums as part of the defence-in-depth security strategy.'
1511,SR,'The system shall encrypt all financial data using RSA-2048 encryption as part of the defence-in-depth security strategy.'
1359,NSR,'The module must maintain a false positive rate below 80% during malware analysis operations.'
100,NSR,'The system shall be simple and user-friendly. '
2167,SR,'The component must embed an invisible digital watermark into video files to protect ownership in order to maintain system integrity.'
914,SR,'The application shall perform regular automated vulnerability scans against the deployed application to protect against unauthorized access.'
1225,NSR,'The dashboard shall allow signature databases and detection rules to be updated without system restart.'
114,SR,'The CNG shall implement a privacy protection policy specifying as a minimum private and critical information.'
1089,NSR,'The software must offer a dark mode option in addition to the default light theme.'
619,NSR,'The service should achieve a detection accuracy of at least 1% on queries.'
920,NSR,"'The service shall allow administrators to create, read, update, and delete user accounts.'"
1008,SR,'The module must automatically log out inactive sessions after 10 minutes of inactivity to ensure compliance with security best practices.'
1519,NSR,'The service should follow clean code principles and established design patterns for maintainability.'
1177,NSR,'The dashboard will display clear error messages that guide the user toward resolution.'
1678,NSR,'The tool must perform automated health checks every 30 seconds and alert on anomalies.'
367,NSR,'When applicable a Security Domain shall Verify the authorization for Card Content changes initiated by an off-card authority'
1634,SR,'The platform will detect SSL/TLS misconfigurations and expired certificates in target systems to prevent exploitation by malicious actors.'
1157,SR,'The framework shall apply a visible digital watermark to video files upon author submission.'
1392,SR,'The application should enforce network segmentation policies to limit lateral movement to ensure compliance with security best practices.'
2083,NSR,'The service must minimize latency in real-time monitoring mode to under 1 milliseconds.'
8,NSR,'The system shall be able to generate monthly reports which can be viewed by network admin when necessary. '
213,NSR,'For the CNG management it is recommended to use a single protocol  so as to minimize the complexity and the cost of the service.'
950,NSR,'The module must be packaged as a web application for simple installation on supported platforms.'
1202,NSR,'The tool should achieve a throughput of at least 5 queries per hour in production.'
997,NSR,'The interface shall separate configuration from code to allow environment-specific deployments.'
790,SR,'The agent shall monitor file system changes to detect ransomware encryption activity to prevent exploitation by malicious actors.'
1362,SR,'The service shall generate integrity reports for user stored in the system.'
906,NSR,'The system will provide a searchable database of historical scanning results.'
787,SR,'The tool shall provide a chain of custody record for all medical processed by the system to protect against unauthorized access.'
1997,SR,'The tool must automatically log out inactive sessions after 10 minutes of inactivity to prevent exploitation by malicious actors.'
1945,SR,'The component should store user passwords using bcrypt hashing with unique salts using industry-standard cryptographic techniques.'
1166,NSR,'The platform shall maintain performance under peak load conditions of 5 simultaneous users.'
1136,NSR,'The software will validate input data before processing to prevent crashes from malformed input.'
1174,NSR,'The service shall allow users to set and manage analysis thresholds and alert rules.'
1327,NSR,'The dashboard should support installation via yum package manager.'
652,NSR,'The platform should achieve a detection accuracy of at least 90% on queries.'
2266,SR,'The agent must identify and report LDAP injection injection points in target applications.'
1014,NSR,'The portal must allow signature databases and detection rules to be updated without system restart.'
1216,SR,'The tool must enforce data retention policies by automatically purging sensitive records after 24 hours.'
860,NSR,'The software should support pagination for large result sets to maintain performance.'
777,NSR,'The dashboard must allow multiple users to collaborate on malware analysis within a shared workspace.'
2308,NSR,'The software should support import of threat intelligence feeds in HTML format.'
1427,SR,'The tool should apply a visible digital watermark to documents upon author submission to ensure compliance with security best practices.'
1499,SR,'The platform shall verify digital signatures before processing received data to protect against unauthorized access.'
1356,SR,'The framework must extract and verify digital watermarks from submitted video files as part of the defence-in-depth security strategy.'
47,NSR,'The system will be designed so that it will have short time to respond. '
20,SR,'The system shall provide storage of all important information in a secure database '
1270,SR,'The software must use TLS 1.3 or higher for all network communications to ensure confidentiality and integrity of sensitive data.'
24,NSR,'The software should be easy to use with little training or experience '
893,NSR,'The dashboard shall allow users to view the history of previously submitted applications.'
469,NSR,"'""For both the SELECT [by name] [first or only occurrence] command and the SELECT [by name] [next occurrence] command, an Application becomes the selected Application on the Supplementary Logical Channel if:   The requested AID matches (fully or partially) the ApplicationÃ¯Â¿Â½s AID,   The Application being selected is in the correct Life Cycle State,   The Application has no restrictions due to multi-selection, and supports the current card interface.""'"
1022,SR,'The software will verify the authenticity of PDF documents by checking its embedded watermark to protect against unauthorized access.'
1271,SR,'The framework must associate the embedded watermark with the author's registration number to prevent exploitation by malicious actors.'
1778,NSR,'The system shall be containerized using Docker for consistent deployment across environments.'
1916,NSR,'The interface must allow users to customize dashboard layouts according to their preferences.'
1499,NSR,'The system shall operate efficiently on systems with as little as 4GB of available RAM.'
1125,SR,'The agent should enforce HTTPS for all data transmission between client and server to protect against unauthorized access.'
983,SR,'The service should securely store encryption keys in a dedicated key management system to prevent exploitation by malicious actors.'
1529,SR,'The service should detect outdated or vulnerable third-party libraries in analyzed applications.'
2030,SR,'The tool will use AES-GCM with a 2048-bit key to protect stored confidential in order to maintain system integrity.'
725,NSR,'The software shall allow users to annotate and comment on vulnerability assessment findings for team collaboration.'
919,SR,'The component shall automatically log out inactive sessions after 30 minutes of inactivity in order to maintain system integrity.'
845,NSR,'The application must allow users to filter and search through scan records efficiently.'
1201,NSR,'The dashboard should be accessible to users with disabilities by adhering to WCAG 2.1 guidelines.'
766,NSR,'The application shall support Spanish language localization for international users.'
15,NSR,'The system shall be put under several tests such as stress testing such that there will be no errors in verifying the user. '
2411,SR,'The tool must enforce network segmentation policies to limit lateral movement as part of the defence-in-depth security strategy.'
1341,SR,'The platform must use RSA-2048 with a 192-bit key to protect stored configuration in order to maintain system integrity.'
845,SR,'The agent must perform regular automated vulnerability scans against the deployed application in accordance with the security policy.'
674,SR,'The application must limit login attempts to 3 consecutive consecutive failures before locking the account in accordance with the security policy.'
1231,SR,'The module must block network communication from hosts identified as compromised to protect against unauthorized access.'
1677,NSR,'The module will provide a simple three-step workflow for scan configuration tasks.'
1851,SR,'The framework must restrict access to medical based on the user's clearance level to prevent exploitation by malicious actors.'
58,SR,'The system shall be able to allow the user to check the integrity of stored data through the PDP functionality. '
1051,NSR,'The system will allow multiple users to collaborate on malware analysis within a shared workspace.'
952,NSR,'The software will present a summary dashboard showing key system health metrics at a glance.'
923,SR,'The framework will be easily updatable with security patches without disrupting service as part of the defence-in-depth security strategy.'
1627,SR,'The software must digitally sign all confidential to ensure authenticity and non-repudiation.'
1333,SR,"'The system shall enforce password complexity requirements including uppercase, lowercase, numbers, and special characters to ensure compliance with security best practices.'"
1634,SR,'The framework will enforce network segmentation policies to limit lateral movement using industry-standard cryptographic techniques.'
1307,SR,'The application will alert on connections to known cryptocurrency mining pool endpoints as part of the defence-in-depth security strategy.'
28,SR,'The system shall allow for access levels to be implemented on patient information. '
24,NSR,'The system should operate with the minimum adequate resource levels to ensure that it performs at a level acceptable to the user'
1085,NSR,'The platform shall minimize latency in real-time monitoring mode to under 5 milliseconds.'
1400,SR,'The tool shall test for broken authentication and session management vulnerabilities.'
2516,NSR,'The dashboard shall support concurrent analysis of up to 500 simultaneous scans without degradation.'
2822,NSR,'The system should include rollback capabilities to revert to a previous stable version if needed.'
969,NSR,'The application should display clear error messages that guide the user toward resolution.'
60,NSR,'The system shall allow a user to view spam. '
1744,NSR,'The tool shall allow export of scan findings to PDF for integration with ticketing systems.'
52,SR,'The system will ensure user validation will be done during login to insure that the user is valid and that the user only has access to his or her permission data.  '
701,SR,'The system must enforce network segmentation policies to limit lateral movement in accordance with the security policy.'
1221,SR,'The application should test for broken authentication and session management vulnerabilities in order to maintain system integrity.'
705,NSR,'The portal will respond to user interface interactions within 3 milliseconds.'
399,NSR,'At OP_READY state  the runtime environment shall be  ready for execution'
1562,SR,'The module must monitor system calls to detect adware activity at runtime.'
664,NSR,'The platform must provide an audit trail of all administrative actions performed in the system.'
1223,SR,'The system will verify the authenticity of video files by checking its embedded watermark.'
1276,NSR,'The application should adhere to SOLID design principles to minimize coupling between components.'
1056,SR,'The system shall identify and classify trojans samples based on behavioral signatures to ensure compliance with security best practices.'
1893,SR,'The component should embed an invisible digital watermark into PDF documents to protect ownership in accordance with the security policy.'
1275,SR,'The service shall perform regular automated vulnerability scans against the deployed application using industry-standard cryptographic techniques.'
47,SR,'The system shall have high availability wherever it is needed. '
1794,NSR,'The interface must allow users to schedule automated scanning at configured intervals.'
1387,NSR,'The tool should expose a well-documented RESTful API to enable third-party integrations.'
1295,NSR,'The system will function correctly on both 32-bit and 64-bit system architectures.'
1105,NSR,'The software must support Arabic language localization for international users.'
339,NSR,'The Application Provider is responsible for Obtaining pre-authorization for load  install  and extradition from the Card Issuer'
2106,NSR,'The module must adhere to SOLID design principles to minimize coupling between components.'
1650,SR,'The service must integrate with existing SIEM systems for centralized security monitoring to mitigate the risk of data breaches.'
17,NSR,'The system shall display the personally identifiable information on a graphical user interface. '
1166,SR,'The platform must use TLS 1.3 or higher for all network communications.'
1565,NSR,'The software must provide a notification system that alerts users when detection is complete.'
1523,SR,'The framework should identify command-and-control (C2) communication patterns in network traffic.'
2967,SR,'The software should perform regular automated vulnerability scans against the deployed application to mitigate the risk of data breaches.'
829,SR,'The system must securely store encryption keys in a dedicated key management system to ensure compliance with security best practices.'
1155,SR,'The tool shall analyze HTTP requests and responses to detect CSRF attack patterns in accordance with the security policy.'
37,SR,'The system should be able to match current faceprint with the faceprints in database '
1974,SR,'The service must verify server certificates before establishing IPSec connections to ensure confidentiality and integrity of sensitive data.'
3057,SR,'The system will alert administrators when ransomware activity is detected in real time in order to maintain system integrity.'
888,SR,'The system must support automatic updates to malware signature databases in order to maintain system integrity.'
3,SR,'The system shall automatically encrypt the files that will be uploaded by the user for storage using a 256-bit encryption key. '
37,SR,'The system should be able to log all activities taking place on the system for audit trial purposes '
690,NSR,'The portal must run on any system that has .NET version 11 or later installed.'
982,NSR,'The system shall achieve a detection accuracy of at least 80% on requests.'
2460,NSR,'The service must allow administrators to configure detection thresholds without modifying source code.'
2234,SR,'The component must correlate network events against threat intelligence blacklists.'
1408,SR,'The tool should detect and block connections to known malicious IP addresses and domains to protect against unauthorized access.'
1133,NSR,'The dashboard will support concurrent analysis of up to 10 simultaneous scans without degradation.'
69,NSR,'This system provides ability to register a mother who comes to the Healthcare Centre for the first time. '
1029,SR,'The agent will require two-factor authentication (2FA) for all administrative operations to protect against unauthorized access.'
373,NSR,'Applications should Expose only data and resources that are necessary for proper application functionality'
1181,SR,'The module must correlate network events against threat intelligence blacklists to ensure confidentiality and integrity of sensitive data.'
660,SR,'The service will use HMAC-SHA-256 to authenticate API requests and prevent replay attacks in order to maintain system integrity.'
321,NSR,'The GlobalPlatform Environment(OPEN) shall responsible for to provide an API to applications command dispatch  Application selection  (optional) logical channel management  and Card Content management'
1252,NSR,'The dashboard should ensure the system can process scans reliably across all supported cloud and on-premises environments.'
1907,NSR,'The platform shall backup critical user data every 90-day to a secure offsite location.'
1156,SR,'The software will require users to change default passwords upon first login.'
995,SR,'The system should limit login attempts to 3 consecutive failures before locking the account to protect against unauthorized access.'
14,NSR,'The system should not consume significantly high CPU resources. '
395,NSR,'The life cycle models is responsible to functionality and security of Card  Executable Load Files  Executable Modules  Security Domains  and Applications.'
644,NSR,'The service should present a summary dashboard showing key scan metrics at a glance.'
849,NSR,'The platform must support automated unit and integration testing with a code coverage target of 90%.'
1354,SR,'The platform must enforce data retention policies by automatically purging sensitive records after 24 hours as part of the defence-in-depth security strategy.'
60,NSR,'The system shall be able to serve multiple users concurrently without any delay or unrealistic waiting time for a response. '
1187,SR,'The component shall use 3DES with a 2048-bit key to protect stored confidential in order to maintain system integrity.'
98,NSR,'The system shall have an extraction module that will be able to take out information from the image that has been created. '
666,NSR,'The dashboard must present a summary dashboard showing key performance metrics at a glance.'
18,NSR,'The system should be able to send the messages to the target number. '
20,SR,"'The system shall be able to determine whether the login credentials are valid or not, and search for matching results of the particular licence owner, or vehicle information. '"
809,SR,'The software shall obtain and record user consent before collecting medical.'
2357,SR,'The tool shall enforce the principle of least privilege across all user roles in accordance with the security policy.'
1522,SR,'The module must store user passwords using Argon2 hashing with unique salts.'
1888,NSR,'The portal shall maintain backward compatibility with previous versions of the API.'
1769,SR,'The system should prevent unauthorized access to sensitive medical through access controls.'
625,SR,'The module will identify and classify spyware samples based on behavioral signatures using industry-standard cryptographic techniques.'
1453,NSR,'The interface shall support French language localization for international users.'
819,SR,'The module will prevent unauthorized access to sensitive confidential through access controls to ensure compliance with security best practices.'
1276,NSR,'The dashboard should achieve a throughput of at least 20 scans per hour in production.'
1165,SR,'The tool should alert on connections to known cryptocurrency mining pool endpoints to ensure compliance with security best practices.'
1569,NSR,'The application should be containerized using Docker for consistent deployment across environments.'
1485,SR,'The software will obtain and record user consent before collecting personal to ensure confidentiality and integrity of sensitive data.'
173,NSR,'In case of multicast flows the CNG shall keep a record of which devices are subscribed to which multicast group.'
2820,SR,'The service will verify the integrity of session using cryptographic checksums using industry-standard cryptographic techniques.'
847,NSR,'The system will require no platform-specific dependencies outside of the documented prerequisites.'
1945,NSR,'The interface must support plugin-based architecture to allow new detection modules to be added.'
1468,SR,'The tool must alert on connections to known cryptocurrency mining pool endpoints to ensure confidentiality and integrity of sensitive data.'
1464,NSR,'The system should display real-time vulnerability assessment status updates without requiring page refresh.'
1002,NSR,'The system should function correctly on both 32-bit and 64-bit system architectures.'
1287,NSR,'The portal will provide contextual help tooltips and user documentation throughout the interface.'
2135,NSR,'The service must provide a notification system that alerts users when monitoring is complete.'
48,SR,'The system shall be able to detect SQL Injection and XSS vulnerabilities for a website or a web application. '
1609,SR,'The system must identify and classify backdoors samples based on behavioral signatures to ensure confidentiality and integrity of sensitive data.'
1211,NSR,'The portal will generate automated summary emails of daily malware analysis activities.'
934,SR,'The component must enforce password complexity requirements including a minimum of 8 characters including alphanumeric and special characters to ensure compliance with security best practices.'
66,SR,'The system should allow room for quick error recovery.  '
1888,SR,'The module will restrict access to confidential based on the user's clearance level as part of the defence-in-depth security strategy.'
1389,SR,'The tool must classify detected rootkits into known malware families.'
783,SR,'The application must log all network security events with timestamps for forensic analysis to ensure confidentiality and integrity of sensitive data.'
1307,NSR,'The software shall support virtualized environments including VMware and Hyper-V.'
1446,NSR,'The software must consume no more than 0.1% of available CPU resources during idle monitoring.'
899,SR,'The software must prevent downgrade attacks by enforcing minimum SSH version requirements.'
1390,SR,'The framework will authenticate users using OTP-based authentication.'
727,SR,'The platform will extract and analyze keyloggers indicators of compromise from samples.'
910,SR,'The framework must provide secure password reset functionality using verified email or OTP to ensure confidentiality and integrity of sensitive data.'
701,SR,'The system should verify the integrity of configuration using cryptographic checksums to prevent exploitation by malicious actors.'
1600,NSR,'The interface should support pagination for large result sets to maintain performance.'
1409,SR,'The module shall implement biometric authentication to prevent unauthorized access.'
1041,SR,'The application should capture and analyze TCP/IP packets for signs of malicious activity to mitigate the risk of data breaches.'
815,NSR,'The software should provide a cross-platform command-line interface in addition to the GUI.'
1659,SR,'The module shall be easily updatable with security patches without disrupting service in order to maintain system integrity.'
1104,NSR,'The tool will allow authenticated users to upload samples for analysis.'
2233,SR,'The module should generate and rotate encryption keys every 6 months to minimize key exposure to protect against unauthorized access.'
730,NSR,'The service must support concurrent analysis of up to 50 simultaneous queries without degradation.'
790,SR,'The module should extract and verify digital watermarks from submitted images.'
988,SR,'The software must allow for safe fail-secure behavior whenever a security fault is detected to prevent exploitation by malicious actors.'
901,NSR,'The interface should provide a role management interface for assigning permissions to user groups.'
1081,SR,'The platform will verify the integrity of sensitive using cryptographic checksums to protect against unauthorized access.'
939,SR,'The module should be easily updatable with security patches without disrupting service to protect against unauthorized access.'
1167,SR,'The software should enforce the principle of least privilege across all user roles to prevent exploitation by malicious actors.'
8,NSR,'The system shall be able to detect an approaching figure. '
1884,NSR,'The interface shall use version control best practices including branching strategies and commit conventions.'
1741,NSR,'The module should achieve an uptime of at least 5% measured over a rolling 30-day period.'
636,NSR,'The software shall support bulk submission of scans for batch scanning processing.'
1510,SR,'The system must provide secure password reset functionality using verified email or OTP to mitigate the risk of data breaches.'
1298,NSR,'The system must support installation via apt package manager.'
14,NSR,'The system shall automatically send email alerts of detected cryptojacking activity.  '
955,NSR,'The interface should integrate with third-party CI/CD platforms via RESTful API.'
1340,NSR,'The portal shall function correctly on both 32-bit and 64-bit system architectures.'
662,SR,'The framework will generate cryptographically secure session tokens for each authenticated user to mitigate the risk of data breaches.'
1461,NSR,'The platform will respond to user interface interactions within 100 milliseconds.'
1206,NSR,'The interface should generate detailed reports of malware analysis results in CSV format.'
1748,SR,'The service shall detect anomalous network traffic patterns indicative of adware activity to mitigate the risk of data breaches.'
906,SR,'The agent shall use TLS 1.2 or higher for all network communications to prevent exploitation by malicious actors.'
319,NSR,'Security domain shall ensure complete seperation of keys among the card issuers and other application providers'
1663,NSR,"'The software will allow administrators to create, read, update, and delete user accounts.'"
1729,NSR,'The application must support bulk submission of queries for batch analysis processing.'
713,NSR,'The service must log all system errors with sufficient context for post-incident analysis.'
768,NSR,'The platform will provide a cross-platform command-line interface in addition to the GUI.'
2399,NSR,'The software should scale horizontally to handle increased files volume without reconfiguration.'
930,NSR,"'The tool will allow users to register an account by providing their name, email, and department.'"
1318,SR,'The tool will perform static analysis to identify potential XXE injection vulnerabilities using industry-standard cryptographic techniques.'
973,SR,'The platform should enforce role-based access control to restrict user permissions as part of the defence-in-depth security strategy.'
49,NSR,'The system player fills the look-up table with required data. '
1185,SR,'The module must invalidate session tokens upon logout to prevent session hijacking to ensure compliance with security best practices.'
1492,SR,'The application will use AES-128 with a 2048-bit key to protect stored confidential to ensure confidentiality and integrity of sensitive data.'
1594,SR,"'The application should enforce password complexity requirements including uppercase, lowercase, numbers, and special characters.'"
918,SR,'The agent will extract and analyze adware indicators of compromise from samples.'
937,NSR,'The application will provide keyboard shortcuts for frequently used operations.'
384,NSR,'The Load File Data Block Hash is used in the computation of The Load File Data Block Signature'
1656,NSR,'The platform should provide a RESTful API that allows external systems to trigger and retrieve detection results.'
1773,SR,"'The system will classify identified vulnerabilities by severity level (critical, high, medium, low) to ensure confidentiality and integrity of sensitive data.'"
169,NSR,'The customer environment (CNG and/or CNDs) should support a mechanism to allow service roaming'
1251,SR,'The system shall monitor UDP network traffic to detect security anomalies as part of the defence-in-depth security strategy.'
3018,NSR,'The interface must process submitted samples within 2 seconds under normal load conditions.'
950,NSR,'The portal must allow users to customize dashboard layouts according to their preferences.'
52,NSR,'The system shall enable patient management.'
1512,SR,'The agent will encrypt all authentication data using 3DES encryption in order to maintain system integrity.'
1069,SR,'The application must prevent privilege escalation attacks by validating all permission changes as part of the defence-in-depth security strategy.'
1172,SR,'The software will perform regular automated vulnerability scans against the deployed application to protect against unauthorized access.'
19,NSR,'The system shall ensure that the way the interface operates should not be vague but should be designed so that users can easily run tasks '
1075,NSR,'The service should support bulk submission of requests for batch monitoring processing.'
750,NSR,'The application must provide a role management interface for assigning permissions to user groups.'
11,SR,"'The system shall provide maturity, fault tolerance and recoverability in the face of a fault. '"
152,SR,'The CNG may use multiple tunnel connections for providing e.g. adequate QoS for the remote access user.'
1856,SR,'The platform shall detect polymorphic and obfuscated trojans variants.'
1005,SR,'The platform must detect and block connections to known malicious IP addresses and domains.'
1361,NSR,'The dashboard should generate analysis reports in under 60 seconds for typical scans.'
1420,SR,'The framework shall verify the authenticity of PDF documents by checking its embedded watermark to prevent exploitation by malicious actors.'
1433,NSR,'The tool should provide a disaster recovery plan with a recovery time objective of 5 hours.'
90,NSR,'The system shall  be compatible with any Android device. '
796,NSR,'The platform shall be containerized using Docker for consistent deployment across environments.'
1823,SR,'The service should use HMAC-SHA-256 to authenticate API requests and prevent replay attacks.'
1583,NSR,'The software must present a summary dashboard showing key performance metrics at a glance.'
709,SR,'The application will detect port scanning activity originating from rogue nodes on the network in order to maintain system integrity.'
1470,SR,'The service will automatically generate detailed reports of detected XML injection vulnerabilities.'
1657,NSR,'The module should support multi-tenancy so multiple organizations can use the system independently.'
992,SR,'The tool should store user passwords using SHA-3 hashing with unique salts to protect against unauthorized access.'
24,NSR,'The system should be able to perform in all independent paths that all the logical conditions are satisfied '
352,NSR,"'""Each Trusted Framework present on the card shall Enforce the Trusted Framework security rules for inter-application communication, including the rules, defined in appendix G,""'"
1918,NSR,'The application will consume no more than 80% of available CPU resources during idle monitoring.'
504,NSR,'The load device also provides for verification of the identity of the cardholder (with either on-line or off-line PIN verification) and forwards verification data in the authorization request'
666,SR,'The tool will verify server certificates before establishing IPSec connections to ensure confidentiality and integrity of sensitive data.'
2343,SR,'The framework must implement account lockout mechanisms after repeated failed login attempts to protect against unauthorized access.'
1834,NSR,'The dashboard shall allow users to view the history of previously submitted scans.'
1892,NSR,'The application must display real-time monitoring status updates without requiring page refresh.'
1309,NSR,'The module must use less than 1024MB of RAM during standard operation.'
1490,SR,'The software should notify administrators of critical security events via email to mitigate the risk of data breaches.'
1098,SR,'The software should generate integrity reports for medical stored in the system to mitigate the risk of data breaches.'
1800,SR,'The tool must detect duplicate submissions of watermarked audio files by different authors in order to maintain system integrity.'
1094,NSR,'The system shall achieve an uptime of at least 99.5% measured over a rolling annual period.'
14,NSR,"'The system shall create a snapshot of the users usual average CPU utilization percentage, in order to subsequently be used as a basis for comparison, enabling the detection of the tremendous CPU load increase caused by cryptojacking.'"
1149,NSR,'The portal shall achieve a throughput of at least 100 tasks per hour in production.'
58,SR,'The proposed system is meant to use a two-factor user authentication system which ensures that only the registered and legitimate user is able to access the system and upload or view the data.  '
3074,SR,'The module must encrypt data at rest using AES-256 to protect against unauthorized access in accordance with the security policy.'
584,NSR,'The card issuer must notify the cardholder if the assessment of service fees by the card issuer during the currency exchange transaction may result in a balance of zero after the transaction has completed'
891,SR,'The tool must obtain and record user consent before collecting confidential.'
935,SR,'The application will store user passwords using PBKDF2 hashing with unique salts in order to maintain system integrity.'
759,NSR,'The platform should implement graceful degradation so critical functions remain available during partial failures.'
982,NSR,'The system must provide a searchable database of historical monitoring results.'
54,NSR,'The system shall make use of the web based interface for information and reporting will meet the necessary standards necessary to meet the performance requirements. ''
978,NSR,'The portal will provide a searchable database of historical analysis results.'
391,NSR,'The concept of the Life Cycle of the card (see section 5.1 - Card Life Cycle) may be used to determine the security level of the communication between the card and an off-card entity.'
1956,NSR,'The tool must support installation via npm package manager.'
1514,SR,'The system should detect man-in-the-middle attacks through certificate validation monitoring.'
1594,NSR,'The platform will display clear error messages that guide the user toward resolution.'
81,SR,'The system shall allow users to answer questions on their profile after they are requested to fill in questions at registration which will be used as challenge questions when password is forgotten. '
1074,NSR,'The platform will send a confirmation email to newly registered users with an activation link.'
19,NSR,'The system shall ensure that the interface moves swiftly in pace with users mouse clicking and having where possible. '
229,NSR,'The CND shall provide its registration identity  when it requires the registration to the network.'
1000,SR,'The system will monitor TLS network traffic to detect security anomalies to mitigate the risk of data breaches.'
791,NSR,'The software will support import of threat intelligence feeds in JSON format.'
914,NSR,'The tool will support database schema migrations to allow incremental system upgrades.'
129,NSR,'The CNG shall support mechanisms to authenticate CNDs to the NGN for service usage purposes if they are not able to fully support the related procedures in an autonomous way.'
2121,SR,'The component should allow for safe fail-secure behavior whenever a security fault is detected.'
1269,SR,'The system will detect port scanning activity originating from rogue nodes on the network in order to maintain system integrity.'
1332,SR,'The tool shall digitally sign all sensitive to ensure authenticity and non-repudiation to prevent exploitation by malicious actors.'
1906,NSR,'The dashboard shall achieve an uptime of at least 80% measured over a rolling annual period.'
948,NSR,'The application will display progress indicators during long-running analysis operations.'
1162,NSR,'The tool shall achieve an uptime of at least 95% measured over a rolling annual period.'
1026,SR,'The platform should extract and verify digital watermarks from submitted images.'
1284,NSR,'The platform should provide a simple three-step workflow for scan configuration tasks.'
2157,SR,'The application should generate and rotate encryption keys every 90 days to minimize key exposure to prevent exploitation by malicious actors.'
1824,NSR,'The dashboard will be deployable on Windows 10 and later operating systems without modification.'
45,NSR,'The system shall run over the MPLS network. '
921,SR,'The application should generate and rotate encryption keys every 90 days to minimize key exposure to mitigate the risk of data breaches.'
54,NSR,'The system shall detect instructions based on their signatures and classify them according to severity. '
1868,SR,'The module must enforce password complexity requirements including a minimum of 8 characters including alphanumeric and special characters.'
1306,SR,'The agent shall generate behavioral reports for uploaded files executed in the sandbox in accordance with the security policy.'
1495,NSR,'The dashboard should allow multiple users to collaborate on vulnerability assessment within a shared workspace.'
1293,NSR,'The service should allow authenticated users to upload applications for analysis.'
1444,SR,'The agent must authenticate users using OAuth 2.0.'
1091,SR,'The component will allow for safe fail-secure behavior whenever a security fault is detected to ensure confidentiality and integrity of sensitive data.'
102,NSR,'The system shall analyse the captured activities and then give a notification to the system administrator by uploading the information on the web. '
1664,SR,'The application must be easily updatable with security patches without disrupting service using industry-standard cryptographic techniques.'
440,NSR,'In all other cases the OPEN shall search the GlobalPlatform Registry for an Application that is marked as implicitly selectable on the Basic Logical Channel for the current card I/O interface (e.g. contact or contactless)  and if this Application is not in the Life Cycle State LOCKED  it shall become the selected Application on the Basic Logical Channel. If this is an Application in the Life Cycle State LOCKED  the Application with the Final Application privilege shall become the selected Application on the Basic Logical Channel.'
468,NSR,'At any time on an open Supplementary Logical Channel that has already contained a SELECT [by name] [first or only occurrence] command since the Supplementary Logical Channel was last opened  the OPEN may receive a request to select a next Application (SELECT [by name] [next occurrence] command) on this Supplementary Logical Channel. The OPEN shall determine if the requested AID matches or partially matches another entry within the GlobalPlatform Registry and whether this entry is selectable.'
1235,NSR,'The tool must support installation via pip package manager.'
1074,NSR,'The dashboard shall maintain backward compatibility with previous versions of the API.'
1640,NSR,'The platform should run on any system that has Java version 3.10 or later installed.'
1087,SR,'The platform should digitally sign all configuration to ensure authenticity and non-repudiation in order to maintain system integrity.'
1283,NSR,'The tool must support pagination for large result sets to maintain performance.'
818,SR,'The application should sign API responses to ensure integrity during transmission using industry-standard cryptographic techniques.'
1851,NSR,'The dashboard must separate configuration from code to allow environment-specific deployments.'
555,NSR,'The CEP card authenticates the terminal using the S2 MAC and the session key from the purchase transaction being cancelled. The CEP card increments the value of the purse and logs the transaction. The CEP card verifies that the cancellation amount is equal to the amount of the last step of the purchase transaction'
54,NSR,"'The system shall be easy to install, learn and operate more so for less forensically qualified IT personnel. '"
1324,SR,'The system must allow for safe fail-secure behavior whenever a security fault is detected to prevent exploitation by malicious actors.'
1771,SR,'The system shall authenticate users using biometric authentication to protect against unauthorized access.'
776,SR,'The tool should capture and analyze UDP packets for signs of malicious activity to ensure confidentiality and integrity of sensitive data.'
91,NSR,"'The framework shall  exhibit a high rate of work handling and that of administrations client from login, during the exchange and client re-verification. '"
168,NSR,'The CNG shall support intra-CPN communication between IMS and non-IMS capable CNDs.'
1003,NSR,'The dashboard should support database schema migrations to allow incremental system upgrades.'
927,NSR,'The interface must achieve an uptime of at least 1% measured over a rolling annual period.'
2062,NSR,'The portal must provide a role management interface for assigning permissions to user groups.'
37,NSR,'The system should be able to allow the user to swipe his or her tag/card on the RFID reader and check if its valid or not '
1695,NSR,'The tool should support pagination for large result sets to maintain performance.'
514,NSR,'The POS device must ensure that it is dealing with an authentic card  and guarantee integrity of transactions and batches to the merchant acquirer'
925,SR,'The platform should notify administrators of critical security events via email in order to maintain system integrity.'
758,NSR,'The module should implement graceful degradation so critical functions remain available during partial failures.'
843,SR,'The framework shall enforce the principle of least privilege across all user roles using industry-standard cryptographic techniques.'
1302,NSR,'The interface must be implemented using a modular architecture to facilitate independent component updates.'
2296,NSR,'The interface will support drag-and-drop file submission for ease of use.'
1860,SR,'The software will monitor TLS network traffic to detect security anomalies to ensure compliance with security best practices.'
1452,SR,'The service will associate the embedded watermark with the author's registration number.'
2308,SR,'The tool must perform regular automated vulnerability scans against the deployed application to prevent exploitation by malicious actors.'
1083,NSR,'The software should allow administrators to configure detection thresholds without modifying source code.'
1971,SR,'The component will detect unauthorized modifications to critical system files using industry-standard cryptographic techniques.'
1659,SR,'The platform shall monitor file system changes to detect ransomware encryption activity to ensure compliance with security best practices.'
1772,NSR,'The platform should support Arabic language localization for international users.'
17,NSR,'The system shall access a profile from which the PII is scraped and displayed on the graphical user interface. '
1651,NSR,'The tool must perform automated health checks every 2 seconds and alert on anomalies.'
863,SR,'The framework must detect man-in-the-middle attacks through certificate validation monitoring to mitigate the risk of data breaches.'
614,SR,'The load device which supports only off-line PIN verification must support both the off-line PIN encryption method and the off-line PIN plain text verification method as defined in EMV'
617,NSR,'The service must offer a dark mode option in addition to the default light theme.'
1828,NSR,'The tool should provide a simple three-step workflow for report generation tasks.'
1574,SR,'The software should prevent privilege escalation attacks by validating all permission changes.'
91,NSR,'The framework shall allow for a short information transmission. '
1088,NSR,'The tool will allow export of analysis results to CSV format for offline review.'
1113,NSR,'The module must log all system errors with sufficient context for post-incident analysis.'
2416,NSR,'The application should generate analysis reports in under 1 seconds for typical scans.'
1554,SR,'The agent must prevent privilege escalation attacks by validating all permission changes to protect against unauthorized access.'
1709,NSR,'The platform shall allow multiple users to collaborate on monitoring within a shared workspace.'
1238,SR,'The module will encrypt data at rest using AES-GCM to protect against unauthorized access.'
510,NSR,'The card generates S1  using data from the card and load device  and sends S1 to the card issuer to authenticate the card and the data that is to be used in the transaction'
1594,NSR,'The platform will support import of threat intelligence feeds in XML format.'
1075,SR,'The service should maintain a tamper-evident audit log of all configuration change events.'
7,NSR,'The system shall be able to take face pictures of a suspect'
1570,NSR,'The tool will ensure the system can process queries reliably across all supported Windows and Linux environments.'
1574,SR,'The application shall extract and analyze worms indicators of compromise from samples in order to maintain system integrity.'
795,SR,'The platform must detect distributed denial-of-service (DDoS) attack patterns in traffic to prevent exploitation by malicious actors.'
56,NSR,'The system shall ensure that buzzer must ring if 3 consecutive wrong attempts are entered.  '
2081,NSR,'The service must integrate with third-party CI/CD platforms via RESTful API.'
652,NSR,'The service should integrate with third-party cloud storage platforms via OAuth 2.0.'
14,NSR,' The system should offer password strength measuring capability to suggest password security improvements to the user. '
1257,NSR,"'The service shall provide a changelog documenting all updates, bug fixes, and new features.'"
496,SR,'Off-line authentication must take place between a PSAM in the POS device and the CEP card for purchase and cancel last purchase transactions'
236,NSR,'The CND shall be able to download and install client application services.'
105,NSR,'The system shall have a data collection process allowing for benign and malicious data to be collected and submitted into the system for Malware detection.  '
1809,NSR,'The service shall achieve an uptime of at least 99% measured over a rolling annual period.'
43,NSR,"'The system shall provide supervisors with ad hoc reports for decision making,'"
2155,NSR,'The platform must allow users to schedule automated detection at configured intervals.'
732,SR,'The agent shall capture and analyze HTTPS and TLS packets for signs of malicious activity in accordance with the security policy.'
722,SR,'The framework shall detect cryptojacking activity by monitoring CPU usage and network connections.'
1369,SR,'The service should log all network security events with timestamps for forensic analysis in accordance with the security policy.'
716,NSR,'The system will implement transaction rollbacks to maintain data consistency during failures.'
6,NSR,'The system shall also provide a section for verification in the sense that if an image is said to have a watermark it should be able to detect and display the watermark. '
2024,SR,'The system must securely store encryption keys in a dedicated key management system using industry-standard cryptographic techniques.'
1550,NSR,'The tool should perform automated health checks every 2 seconds and alert on anomalies.'
27,NSR,'The system shall allow a user to use Bluetooth to enable smartphone that communicates with a laptop over a short-range wireless link. '
1001,SR,'The service should block network communication from hosts identified as compromised to mitigate the risk of data breaches.'
772,SR,'The system should monitor file system changes to detect ransomware encryption activity to ensure compliance with security best practices.'
1970,SR,'The module should enforce network segmentation policies to limit lateral movement as part of the defence-in-depth security strategy.'
21,SR,'The system uses HMAC to maintain integrity of log files. '
897,NSR,'The application should generate analysis reports in under 1 seconds for typical files.'
976,SR,'The application must use TLS 1.3 or higher for all network communications as part of the defence-in-depth security strategy.'
1364,NSR,'The tool should allow users to annotate and comment on authentication findings for team collaboration.'
1041,SR,'The agent should detect man-in-the-middle attacks through certificate validation monitoring in accordance with the security policy.'
1101,NSR,"'The tool should allow administrators to create, read, update, and delete user accounts.'"
92,NSR,'The system shall be easily integrated with the available video players. '
2350,NSR,'The software will generate analysis reports in under 10 seconds for typical files.'
2573,SR,'The software must use ChaCha20-Poly1305 with a 2048-bit key to protect stored transaction in accordance with the security policy.'
796,NSR,'The portal should allow users to filter and search through scan records efficiently.'
1431,SR,'The component should extract and verify digital watermarks from submitted PDF documents.'
2125,SR,'The application shall use HMAC-bcrypt to authenticate API requests and prevent replay attacks.'
1532,SR,'The system shall encrypt all session data using AES-256 encryption in order to maintain system integrity.'
1950,NSR,'The software should ensure the system can process tasks reliably across all supported cloud and on-premises environments.'
2914,NSR,'The system shall maintain backward compatibility with previous versions of the API.'
1730,NSR,'The service must allow users to set and manage malware analysis thresholds and alert rules.'
1744,SR,'The component should encrypt data at rest using AES-GCM to protect against unauthorized access to protect against unauthorized access.'
96,SR,'The system shall be able to predict potential operational performance bottlenecks and future scalability problems.'
2614,NSR,'The interface must provide a RESTful API that allows external systems to trigger and retrieve malware analysis results.'
1718,SR,'The tool must verify the integrity of sensitive using cryptographic checksums as part of the defence-in-depth security strategy.'
1658,NSR,'The platform will provide contextual help tooltips and user documentation throughout the interface.'
1945,SR,'The tool must generate integrity reports for financial stored in the system to prevent exploitation by malicious actors.'
998,NSR,'The software shall process submitted scans within 200 seconds under normal load conditions.'
1026,SR,'The framework shall encrypt data at rest using ChaCha20-Poly1305 to protect against unauthorized access.'
60,NSR,"'The system shall provide a user with an interactive Email client that will allow them to send, receive and archive emails with destiny folder that will separate legitimate emails and illegitimate emails. '"
1368,SR,'The software will scan submitted code for sensitive data exposure security flaws as part of the defence-in-depth security strategy.'
2081,NSR,'The portal will adhere to SOLID design principles to minimize coupling between components.'
750,NSR,'The tool must validate input data before processing to prevent crashes from malformed input.'
1501,SR,'The module will detect distributed denial-of-service (DDoS) attack patterns in traffic to protect against unauthorized access.'
806,NSR,'The service must respond to user interface interactions within 24 milliseconds.'
701,NSR,'The platform must support multi-tenancy so multiple organizations can use the system independently.'
1817,SR,'The application must detect buffer overflow vulnerabilities in submitted web applications to protect against unauthorized access.'
891,NSR,'The application should provide a searchable database of historical malware analysis results.'
861,SR,'The agent shall use TLS 1.3 or higher for all network communications in order to maintain system integrity.'
680,SR,'The module will identify unauthorized network devices connected to the internal network.'
388,NSR,'The appropriate Security Domain may generate Receipts during Delegated Management.'
424,NSR,"'""For all commands, if the command indicates a Supplementary Logical Channel that is not opened then:   If the card only supports the Basic Logical Channel and has no concept of logical channel support, the command shall be dispatched to the selected Application for processing.   If the card is aware of logical channels, the OPEN shall respond with the appropriate error. (This requirement may exclude the SELECT command, if the card supports opening of a logical channel using the SELECT command.)""'"
983,SR,'The module should verify digital signatures before processing received data.'
811,SR,'The framework should allow for safe fail-secure behavior whenever a security fault is detected as part of the defence-in-depth security strategy.'
1409,SR,'The service will encrypt data at rest using RSA-2048 to protect against unauthorized access using industry-standard cryptographic techniques.'
55,NSR,"'The system shall provide through the database ability to search and find a certain competent doctor who can provide help promptly, with the capability to give feedback to user in the case that no doctor is assigned in the first place.  '"
2531,NSR,'The portal shall support import of threat intelligence feeds in XML format.'
1144,SR,'The tool must implement account lockout mechanisms after repeated failed login attempts.'
2338,NSR,'The tool should integrate with third-party SIEM platforms via SAML.'
1207,NSR,'The software shall allow users to set and manage reporting thresholds and alert rules.'
1035,NSR,'The interface should provide a simple three-step workflow for file submission tasks.'
1299,NSR,'The system shall respond to user interface interactions within 500 milliseconds.'
1114,NSR,'The software must maintain a false positive rate below 80% during authentication operations.'
60,NSR,"'PlutoMail offer a fast set-up and a high spam detection rate using Bayesian analysis and other methods  no configuration required, very low false positives through its automatic whitelist '"
18,NSR,'The system should be able to generate USSD codes for the transaction. '
871,SR,'The tool should notify administrators of critical security events via SNMP traps to protect against unauthorized access.'
1818,NSR,'The dashboard shall be containerized using Docker for consistent deployment across environments.'
987,NSR,'The service must operate efficiently on systems with as little as 1024GB of available RAM.'
847,NSR,'The application should generate automated summary emails of daily reporting activities.'
1833,NSR,'The module will allow users to annotate and comment on analysis findings for team collaboration.'
3074,SR,'The service should implement LDAP authentication to prevent unauthorized access to ensure confidentiality and integrity of sensitive data.'
973,SR,'The platform should implement account lockout mechanisms after repeated failed login attempts to prevent exploitation by malicious actors.'
155,SR,'If Home to Home (H2H) communication service is provided  then each CNG must limit access to local CNDs and/or media classes based on the access rights of the remote H2H user identity.'
1882,NSR,'The dashboard should display real-time authentication status updates without requiring page refresh.'
1464,NSR,'The application shall achieve a throughput of at least 100 tasks per hour in production.'
1589,SR,'The component should detect the presence of trojans in submitted mobile apps as part of the defence-in-depth security strategy.'
1329,SR,'The system shall invalidate session tokens upon logout to prevent session hijacking to mitigate the risk of data breaches.'
1538,NSR,'The interface must backup critical configuration data every 30-day to a secure offsite location.'
1539,SR,'The application shall alert administrators when adware activity is detected in real time in order to maintain system integrity.'
839,NSR,'The software shall perform automated health checks every 1 seconds and alert on anomalies.'
1711,SR,'The software must detect polymorphic and obfuscated cryptomining malware variants in order to maintain system integrity.'
944,NSR,'The system should perform automated health checks every 3 seconds and alert on anomalies.'
1981,SR,'The service must require users to change default passwords upon first login to protect against unauthorized access.'
815,SR,'The system should detect duplicate submissions of watermarked video files by different authors in accordance with the security policy.'
818,NSR,'The platform will support database schema migrations to allow incremental system upgrades.'
821,SR,'The platform must detect and block connections to known malicious IP addresses and domains to protect against unauthorized access.'
1194,NSR,'The software should ensure the system can process applications reliably across all supported cloud and on-premises environments.'
2526,SR,'The platform will alert administrators when worms activity is detected in real time.'
881,NSR,'The dashboard shall display progress indicators during long-running analysis operations.'
1425,NSR,'The portal should maintain performance under peak load conditions of 1000000 simultaneous users.'
970,SR,'The module must monitor file system changes to detect ransomware encryption activity in order to maintain system integrity.'
1072,NSR,'The tool should backup critical audit data every 90-day to a secure offsite location.'
44,NSR,'The new system should work very fast in retrieving and updating records. '
645,NSR,'The module will scale horizontally to handle increased files volume without reconfiguration.'
1448,SR,'The component shall enforce the principle of least privilege across all user roles in accordance with the security policy.'
2226,SR,'The framework should verify the integrity of confidential using cryptographic checksums in accordance with the security policy.'
1504,SR,'The agent should prevent unauthorized access to sensitive user through access controls.'
945,SR,'The tool must enforce role-based access control to restrict user permissions as part of the defence-in-depth security strategy.'
1023,SR,'The platform should encrypt all user data using RSA-2048 encryption to prevent exploitation by malicious actors.'
1057,NSR,'The application should minimize latency in real-time monitoring mode to under 100 milliseconds.'
63,SR,'The system shall allow a user to recover unique identifiers of the node which was used to generate the nodes unique ID/fingerprint upon registration when the owner entered/joined the university with it '
1041,NSR,'The platform should provide a role management interface for assigning permissions to user groups.'
21,SR,'The system should be able to produce an audit report summary to send to the user of the system.  '
797,NSR,"'The dashboard will be deployable on Windows, Linux, and macOS operating systems without modification.'"
2233,NSR,'The platform must support redundant database configurations to prevent data loss.'
24,SR,'The system should be maintained properly so that it should be able to resolve any data conflicts and sustain at any condition.  '
719,SR,'The platform must identify command-and-control (C2) communication patterns in network traffic to ensure compliance with security best practices.'
774,NSR,'The dashboard must allow administrators to generate activity reports filtered by user.'
1600,SR,'The application shall support automatic updates to malware signature databases.'
1128,SR,'The platform shall verify server certificates before establishing WPA3 connections as part of the defence-in-depth security strategy.'
1252,SR,'The software shall enforce network segmentation policies to limit lateral movement to ensure confidentiality and integrity of sensitive data.'
2016,SR,'The component shall embed an invisible digital watermark into PDF documents to protect ownership as part of the defence-in-depth security strategy.'
1585,NSR,'The portal shall allow users to view the history of previously submitted scans.'
1729,SR,'The framework shall maintain a tamper-evident audit log of all authentication events to ensure compliance with security best practices.'
1202,SR,'The tool will extract and verify digital watermarks from submitted PDF documents to protect against unauthorized access.'
1979,SR,'The system shall enforce password complexity requirements including a minimum of 8 characters including alphanumeric and special characters.'
219,NSR,'The Network Configuration Server should be able to upload different parameter sets related to service subscription.'
92,SR,'The system server shall  be able to encrypt video content before it is downloaded. '
928,NSR,'The service shall maintain a false positive rate below 80% during authentication operations.'
14,SR,"'The system should preserve the users privacy by not publishing the monitored network traffic, and not exposing the users registered email address.'"
332,NSR,"'""The Card Issuer is responsible for Determining policy with regards to card and Application Life Cycle management, velocity checking levels, privileges, and other security parameters,""'"
1368,SR,'The application will protect private keys from unauthorized extraction or export to prevent exploitation by malicious actors.'
633,NSR,'The tool should support plugin-based architecture to allow new detection modules to be added.'
24,SR,'The system should pertain to all the situations so that it can be recoverable in any error conditions. '
955,SR,'The tool will extract and analyze rootkits indicators of compromise from samples to prevent exploitation by malicious actors.'
159,NSR,'The CNG may support mechanisms supporting nomadism of the users and their subscribed services from one physical customer environment to another.'
2915,SR,'The tool should use ChaCha20-Poly1305 with a 128-bit key to protect stored financial to protect against unauthorized access.'
1204,NSR,'The software should generate detailed reports of authentication results in PDF format.'
1962,SR,'The platform should encrypt all session data using AES-256 encryption to ensure compliance with security best practices.'
41,NSR,'The system is easy to use and it is user friendly as it is based and implemented on a website and has an interactive interface.  '
1349,NSR,'The dashboard shall support concurrent analysis of up to 50 simultaneous samples without degradation.'
17,NSR,"'The system shall have a high rate of processing of the work and the services of the user. This means if a persons details are requested, the request should be processed and results displayed without much delay.  '"
1942,NSR,'The portal shall implement graceful degradation so critical functions remain available during partial failures.'
1028,SR,'The service will detect port scanning activity originating from rogue nodes on the network as part of the defence-in-depth security strategy.'
2790,SR,'The tool should implement behavioural biometrics to prevent unauthorized access in order to maintain system integrity.'
2162,NSR,'The dashboard must allow users to schedule automated analysis at configured intervals.'
1697,NSR,'The dashboard will display results in both tabular and graphical chart formats.'
1597,SR,'The software must mask sensitive financial fields in logs and reports in accordance with the security policy.'
644,SR,'The module will verify digital signatures before processing received medical as part of the defence-in-depth security strategy.'
985,SR,'The service shall use asymmetric encryption (ECDSA) for secure key exchange in order to maintain system integrity.'
945,NSR,'The application will ensure the system can process requests reliably across all supported Windows and Linux environments.'
1065,NSR,'The software will provide a notification system that alerts users when analysis is complete.'
107,SR,'Internally to the CPN  a CNG receiving private or other critical information (i.e. from a CND) should verify that the data was protected from unauthorised disclosure.'
2343,SR,'The component will perform regular automated vulnerability scans against the deployed application in order to maintain system integrity.'
884,NSR,'The application should be deployable on Windows 10 and later operating systems without modification.'
654,SR,'The component shall detect anomalous network traffic patterns indicative of backdoors activity as part of the defence-in-depth security strategy.'
820,NSR,'The portal must support installation via npm package manager.'
1486,SR,'The agent will require users to change default passwords upon first login to mitigate the risk of data breaches.'
1103,NSR,'The system should log all system errors with sufficient context for post-incident analysis.'
2249,NSR,'The application should expose a well-documented RESTful API to enable third-party integrations.'
718,SR,'The framework shall sign API responses to ensure integrity during transmission.'
8,NSR,'The system shall allow GSM to send an SMS alert message when 3 consecutive wrong attempts are entered'
1296,NSR,'The tool shall provide administrators with a configurable dashboard for system management.'
781,NSR,'The dashboard should support automated unit and integration testing with a code coverage target of 99.9%.'
49,NSR,'The system shall ensure that most of its operations will not be user-oriented but will be in the background such that only the basic operations are required to be known by the user such as how to purchase a song and how to play a song '
2244,NSR,'The application must achieve an uptime of at least 85% measured over a rolling monthly period.'
821,SR,'The framework will classify detected keyloggers into known malware families in accordance with the security policy.'
1365,SR,'The platform shall alert administrators when trojans activity is detected in real time in accordance with the security policy.'
38,NSR,'The system is supposed to alert the user on malicious activities and recommend an action to be taken. '
1330,SR,"'The application shall enforce password complexity requirements including uppercase, lowercase, numbers, and special characters using industry-standard cryptographic techniques.'"
1457,SR,'The application will identify command-and-control (C2) communication patterns in network traffic.'
717,NSR,'The service shall allow administrators to generate activity reports filtered by date range.'
892,SR,'The system should identify open ports and running services on the target network to ensure confidentiality and integrity of sensitive data.'
862,SR,'The component should enforce OTP-based authentication before granting access to protected resources.'
1254,NSR,'The software shall have a clean and intuitive interface that requires minimal training to operate.'
1455,SR,'The tool must extract and analyze worms indicators of compromise from samples to prevent exploitation by malicious actors.'
635,NSR,'The platform shall test failover mechanisms periodically to ensure they operate as expected.'
2420,SR,'The application shall obtain and record user consent before collecting confidential to mitigate the risk of data breaches.'
2420,SR,'The system shall implement LDAP authentication to prevent unauthorized access to protect against unauthorized access.'
1828,SR,'The application shall identify and report XXE injection injection points in target applications as part of the defence-in-depth security strategy.'
1297,SR,'The software must digitally sign all transaction to ensure authenticity and non-repudiation.'
1683,SR,'The tool will extract and analyze backdoors indicators of compromise from samples as part of the defence-in-depth security strategy.'
745,NSR,'The interface must automatically recover from non-critical errors without requiring manual intervention.'
37,SR,'The system shall put proper controls for user input validations and configuration management to resist software tempering '
1323,SR,'The platform must invalidate session tokens upon logout to prevent session hijacking in accordance with the security policy.'
2370,SR,'The component will detect cryptojacking activity by monitoring CPU usage and network connections to mitigate the risk of data breaches.'
1788,NSR,'The portal should provide administrators with a configurable dashboard for system management.'
1803,NSR,'The system must allow export of scan findings to JSON for integration with ticketing systems.'
1662,NSR,'The platform will support pagination for large result sets to maintain performance.'
44,NSR,'The system should reduce the workload and the amount of information to be entered through creating automatic updates between related tables and queries in the database. '
1955,NSR,'The interface must allow export of scan findings to CSV for integration with ticketing systems.'
879,SR,'The system shall validate user credentials against the LDAP directory before allowing access in order to maintain system integrity.'
75,NSR,'The system shall allow verification and validation of the documents. '
54,NSR,'The system shall provide reports on intrusions their classifications and action taken '
88,NSR,'The system shall provide guidance on how to secure a file. '
2094,NSR,'The portal should require no platform-specific dependencies outside of the documented prerequisites.'
2288,NSR,'The dashboard should ensure the system can process applications reliably across all supported cloud and on-premises environments.'
2035,SR,'The framework must detect cryptojacking activity by monitoring CPU usage and network connections.'
498,SR,'To load value into a slot of the CEP card securely  the load device establishes a connection between the issuer and the CEP card'
2808,SR,'The software shall mask sensitive session fields in logs and reports in accordance with the security policy.'
1535,NSR,'The application shall maintain backward compatibility with previous versions of the API.'
81,NSR,'The system shall provide short response time on the services offered. '
661,NSR,'The module should allow authenticated users to upload files for analysis.'
1112,SR,'The tool will prevent downgrade attacks by enforcing minimum IPSec version requirements to protect against unauthorized access.'
879,SR,'The tool must digitally sign all transaction to ensure authenticity and non-repudiation as part of the defence-in-depth security strategy.'
1441,SR,'The agent will detect unauthorized modifications to critical system files to ensure confidentiality and integrity of sensitive data.'
807,SR,'The agent must generate behavioral reports for mobile apps executed in the sandbox.'
1193,SR,'The agent shall generate cryptographically secure session tokens for each authenticated user as part of the defence-in-depth security strategy.'
738,SR,'The service shall obtain and record user consent before collecting transaction to mitigate the risk of data breaches.'
1202,SR,'The service must detect SSL/TLS misconfigurations and expired certificates in target systems.'
880,NSR,'The system will maintain performance under peak load conditions of 5 simultaneous users.'
507,NSR,'Unloads are permitted only to an account controlled by the card issuer and are performed only at a load device under the control of the card issuer'
1031,NSR,'The system will achieve a throughput of at least 50 scans per hour in production.'
2007,SR,'The framework should implement OAuth 2.0 to prevent unauthorized access using industry-standard cryptographic techniques.'
1511,NSR,'The platform shall separate configuration from code to allow environment-specific deployments.'
780,SR,'The service should enforce role-based access control to restrict user permissions to ensure compliance with security best practices.'
1175,NSR,'The system must provide a searchable database of historical authentication results.'
609,NSR,'Consumers must be able to load electronic value to their cards at any participating load device  regardless of the location  provided that the currency that is requested is supported by the acquirer and the card issuer'
59,NSR,'The system will work across platforms taking advantage of web browsers since it will be portal based.  This entails that the EGOVAUTH system will be portable as long as there is internet connectivity. '
56,NSR,'The system shall be able to display the punched digits. '
1061,SR,'The module shall identify unauthorized network devices connected to the internal network using industry-standard cryptographic techniques.'
1672,SR,'The system shall monitor TCP/IP network traffic to detect security anomalies as part of the defence-in-depth security strategy.'
2114,NSR,'The software should include comprehensive inline code documentation and API documentation.'
1127,NSR,'The tool will automatically recover from non-critical errors without requiring manual intervention.'
199,SR,'When forwarding packets from the customer network to the WAN interface  the CNG shall manage a number of queues corresponding to the different priorities detected in the classification phase for each packet processed.'
37,SR,'The proposed system will allow only a registered user to be granted access into some restricted zones within the organization. '
1313,NSR,'The tool shall handle network disconnections gracefully and queue operations for retry.'
1219,NSR,'The platform should log all system errors with sufficient context for post-incident analysis.'
1392,SR,'The framework must invalidate session tokens upon logout to prevent session hijacking in order to maintain system integrity.'
412,NSR,'The GlobalPlatform Environment (OPEN) supports Security Management functions (Security Domain locking and unlocking  Application locking and unlocking  Card locking and unlocking  Card termination  Privilege usage  Security Domain  privilege usage  Tracing and event logging) if the underlying runtime environment does not support them:'
1064,NSR,'The module will provide a RESTful API that allows external systems to trigger and retrieve monitoring results.'
452,NSR,"'""If no full or partial match is found at all, the currently selected Application on the Basic Logical Channel shall remain the selected Application and - If the SELECT [by name] command has the [first or only occurrence] parameter set, the SELECT command is dispatched to the Application, - If the SELECT [by name] command has the [next occurrence] parameter set, the OPEN shall return the appropriate error to the off-card entity,""'"
1296,NSR,'The tool shall be accessible to users with disabilities by adhering to WCAG 2.1 guidelines.'
687,NSR,'The module will maintain a consistent visual design across all screens and modules.'
641,NSR,"'The module shall provide a changelog documenting all updates, bug fixes, and new features.'"
1115,NSR,'The service should present a summary dashboard showing key system health metrics at a glance.'
2718,NSR,'The tool shall consume no more than 90% of available CPU resources during idle monitoring.'
926,NSR,'The tool should provide a responsive design compatible with both desktop and mobile browsers.'
2007,SR,'The component will extract and analyze worms indicators of compromise from samples.'
1484,NSR,'The interface shall be containerized using Docker for consistent deployment across environments.'
1050,SR,'The platform will test for broken authentication and session management vulnerabilities to ensure confidentiality and integrity of sensitive data.'
44,SR,'The systems administrator should maintain the system and its databases to ensure integrity and availability of information.'
97,NSR,'The system shall allow multiple users to access it at the same time. '
1535,SR,'The module will implement end-to-end encryption for sensitive messages using industry-standard cryptographic techniques.'
234,SR,'The CND shall support protocol to access the NGN service layer platforms.'
1025,NSR,'The tool should integrate with third-party ticketing platforms via SAML.'
1323,SR,'The service will monitor DNS queries to detect data exfiltration and domain generation algorithms to mitigate the risk of data breaches.'
1203,NSR,'The tool should be transferable between environments through a standard configuration export/import mechanism.'
1844,NSR,'The tool should support redundant database configurations to prevent data loss.'
1927,NSR,'The module shall support import of threat intelligence feeds in Excel (XLSX) format.'
2353,SR,'The agent will alert administrators when backdoors activity is detected in real time to ensure confidentiality and integrity of sensitive data.'
2835,NSR,'The interface shall be packaged as a Docker container for simple installation on supported platforms.'
135,SR,'CPN environment shall be protected with a stateful firewall function  that may be implemented in the CNG.'
1636,SR,'The application should validate input sanitization to prevent CSRF injection attacks to ensure compliance with security best practices.'
73,NSR,'The system shall receive speech input from a microphone. '
986,NSR,'The portal shall consume no more than 5% of available CPU resources during idle monitoring.'
1950,NSR,'The platform should backup critical configuration data every monthly to a secure offsite location.'
1427,NSR,'The module must provide a responsive design compatible with both desktop and mobile browsers.'
1672,SR,'The module shall detect duplicate submissions of watermarked audio files by different authors as part of the defence-in-depth security strategy.'
74,NSR,'System shall add up all hours worked by an employee per month. '
63,NSR,"'The system does not continuously interact with the database, it does seek student information from the university database only when the administrator requests.  '"
850,NSR,'The system must be deployable on Ubuntu 20.04 and later operating systems without modification.'
1329,NSR,'The tool should present a summary dashboard showing key vulnerability metrics at a glance.'
1223,SR,'The framework will verify the integrity of user using cryptographic checksums.'
1203,NSR,'The dashboard will allow authenticated users to upload applications for analysis.'
97,NSR,'The system shall have a quick response time to prevent unnecessary delays.'
691,NSR,'The dashboard will provide a disaster recovery plan with a recovery time objective of 15 hours.'
2012,SR,'The component will analyze scripts behavior in an isolated sandbox environment in accordance with the security policy.'
2716,NSR,'The system should generate detailed reports of monitoring results in HTML format.'
1274,NSR,'The portal shall operate efficiently on systems with as little as 512GB of available RAM.'
1173,NSR,'The software will complete database queries in under 24 milliseconds for datasets of up to 1000000 records.'
10,NSR,'The system shall be able to disable/Enable applications list with keyword in SMS '
340,NSR,'The Application Provider is responsible for Returning receipts for load  install  delete  and extradition  according to the Card Issuer's policy.'
29,SR,"'The system does not use much hardware and software, hence it is not costly to maintain the system and the system does not require maintenance regularly.  '"
104,NSR,'The system shall be used by the government officials to bring relevant information to the user unlike the normal web search. '
1370,SR,'The application should verify the integrity of session using cryptographic checksums to ensure compliance with security best practices.'
1514,SR,'The software shall monitor system calls to detect spyware activity at runtime to ensure compliance with security best practices.'
819,NSR,'The dashboard should maintain performance under peak load conditions of 5 simultaneous users.'
93,NSR,'The system shall  be able to register wireless connection. '
1158,SR,'The framework will alert administrators when backdoors activity is detected in real time.'
678,NSR,'The system should be implemented using a modular architecture to facilitate independent component updates.'
739,SR,'The component shall enforce network segmentation policies to limit lateral movement to protect against unauthorized access.'
511,NSR,'The card issuer generates S2  which is sent to the card to allow the card to validate the card issuerÃ¯Â¿Â½??s authenticity and to ensure that the data used by the card in the transaction is the same as the card issuer intended'
86,SR,'The system shall ensure that the password is verifiable whenever they want to log in '
641,NSR,'The software should allow users to filter and search through user records efficiently.'
1575,SR,'The service should securely store encryption keys in a dedicated key management system.'
731,NSR,'The interface shall include comprehensive inline code documentation and API documentation.'
47,NSR,'The system shall have high throughout which is the output relative to input. '
1725,NSR,'The application will achieve a detection accuracy of at least 95% on samples.'
1008,SR,'The component should be easily updatable with security patches without disrupting service to mitigate the risk of data breaches.'
1040,SR,'The tool will monitor file system changes to detect ransomware encryption activity as part of the defence-in-depth security strategy.'
1515,SR,'The tool will enforce OAuth 2.0 before granting access to protected resources as part of the defence-in-depth security strategy.'
988,NSR,'The application should provide a RESTful API that allows external systems to trigger and retrieve authentication results.'
2017,SR,'The module will detect man-in-the-middle attacks through certificate validation monitoring using industry-standard cryptographic techniques.'
1742,SR,'The agent must generate integrity reports for transaction stored in the system using industry-standard cryptographic techniques.'
912,SR,'The tool should generate cryptographically secure session tokens for each authenticated user.'
25,SR,'The service of the system must always be available whenever it is needed '
63,NSR,'The system shall allow a user to note hostname of rogue node as well as the SSID of the network it is connected to as to know from which section on campus is the attack being done.'
2356,NSR,'The service shall allow users to annotate and comment on malware analysis findings for team collaboration.'
38,SR,'The system shall be able to apply automatic recording of events and some incidents Security '
2066,NSR,'The interface shall provide a responsive design compatible with both desktop and mobile browsers.'
1183,NSR,'The platform must maintain a false positive rate below 99.5% during vulnerability assessment operations.'
2040,NSR,'The interface must support pagination for large result sets to maintain performance.'
67,NSR,'The system shall be able to calculate performance of each user. '
1111,NSR,'The dashboard should provide a centralized logging framework for debugging and system monitoring.'
20,SR,'The system shall provide access to sensitive information only to the privileged  user '
759,NSR,'The dashboard will maintain performance under peak load conditions of 100 simultaneous users.'
1451,NSR,'The platform shall process submitted tasks within 30 seconds under normal load conditions.'
17,NSR,'The system shall have a high usability through an easy to use GUI in which a user will only enter a search query since Selenium will be communicating with the social media site. '
2705,NSR,'The system shall allow administrators to generate activity reports filtered by module.'
622,NSR,'The system shall achieve a throughput of at least 10 queries per hour in production.'
1842,NSR,'The platform must allow users to view the history of previously submitted queries.'
2588,SR,'The system will sign API responses to ensure integrity during transmission in order to maintain system integrity.'
617,SR,'The system shall obtain and record user consent before collecting personal data in order to maintain system integrity.'
1914,SR,'The framework should detect port scanning activity originating from rogue nodes on the network.'
1353,NSR,'The system should achieve a detection accuracy of at least 99% on queries.'
1143,NSR,'The tool should require no platform-specific dependencies outside of the documented prerequisites.'
900,SR,'The application shall monitor DNS queries to detect data exfiltration and domain generation algorithms in accordance with the security policy.'
1546,SR,'The software will identify and report broken authentication injection points in target applications using industry-standard cryptographic techniques.'
869,NSR,'The dashboard should display real-time analysis status updates without requiring page refresh.'
1919,SR,'The service will detect man-in-the-middle attacks through certificate validation monitoring.'
1150,NSR,'The tool will send a confirmation email to newly registered users with an activation link.'
1088,SR,'The service must provide a chain of custody record for all session processed by the system to mitigate the risk of data breaches.'
894,NSR,'The dashboard shall display real-time detection status updates without requiring page refresh.'
2216,NSR,'The interface must support installation via pip package manager.'
1469,SR,'The tool must detect unauthorized modifications to critical system files using industry-standard cryptographic techniques.'
875,NSR,'The tool must use less than 1024MB of RAM during standard operation.'
830,SR,'The module should authenticate users using two-factor authentication (2FA) to ensure compliance with security best practices.'
1422,NSR,'The module should perform automated health checks every 5 seconds and alert on anomalies.'
1188,NSR,'The module must provide a searchable database of historical malware analysis results.'
771,SR,"'The platform must enforce password complexity requirements including uppercase, lowercase, numbers, and special characters.'"
1023,NSR,'The software shall achieve a throughput of at least 50 applications per hour in production.'
1181,SR,'The framework should enforce data retention policies by automatically purging sensitive records after 24 hours in order to maintain system integrity.'
861,NSR,'The module should support drag-and-drop file submission for ease of use.'
2711,NSR,'The portal shall maintain a structured database of known vulnerability signatures and indicators.'
962,NSR,'The platform shall operate efficiently on systems with as little as 256GB of available RAM.'
1111,SR,'The system should enforce certificate-based authentication before granting access to protected resources in order to maintain system integrity.'
1342,NSR,'The module will allow export of scan findings to Excel (XLSX) for integration with ticketing systems.'
1925,SR,'The component will identify open ports and running services on the target network in accordance with the security policy.'
638,NSR,'The interface should integrate with third-party email platforms via webhooks.'
67,NSR,'The system shall be able to randomize scenes so that a user cannot predict the next scene '
1181,SR,'The module must test for broken authentication and session management vulnerabilities as part of the defence-in-depth security strategy.'
1515,SR,'The framework will support automatic updates to malware signature databases using industry-standard cryptographic techniques.'
1060,SR,'The module should maintain a tamper-evident audit log of all security events using industry-standard cryptographic techniques.'
622,SR,'The agent will extract and verify digital watermarks from submitted PDF documents.'
1639,NSR,"'The system shall be deployable on Windows, Linux, and macOS operating systems without modification.'"
93,NSR,'The system shall provide guidance as to how to operate and manoeuvre through it and produce wanted results. '
1431,NSR,'The dashboard must respond to user interface interactions within 60 milliseconds.'
17,NSR,'The system shall allow the web application access to the social sites public profiles  '
1485,NSR,'The tool must perform automated health checks every 24 seconds and alert on anomalies.'
1453,SR,'The system must provide secure password reset functionality using verified email or OTP to protect against unauthorized access.'
961,NSR,'The system shall validate input data before processing to prevent crashes from malformed input.'
1297,SR,'The module should enforce HTTPS for all data transmission between client and server in accordance with the security policy.'
830,SR,'The tool must detect anomalous network traffic patterns indicative of worms activity to prevent exploitation by malicious actors.'
1329,SR,'The module will generate behavioral reports for Android applications executed in the sandbox in accordance with the security policy.'
1762,NSR,'The tool should present scan results in a clear and easy-to-understand format.'
1321,NSR,'The module shall provide administrators with a configurable dashboard for system management.'
63,NSR,'The system shall allow a user to check with students laptop and university PC register and search for device matching the rogue node and corresponding student and student personal details. '
806,NSR,'The tool shall support import of threat intelligence feeds in PDF format.'
1801,NSR,'The portal must allow export of analysis results to HTML format for offline review.'
692,NSR,'The tool must provide contextual help tooltips and user documentation throughout the interface.'
1230,NSR,'The platform must provide a role management interface for assigning permissions to user groups.'
2093,NSR,'The platform shall provide keyboard shortcuts for frequently used operations.'
622,SR,'The system should automatically generate detailed reports of detected command injection vulnerabilities.'
89,NSR,'The system shall   notify administrator through SMS. '
2022,NSR,'The application must achieve a detection accuracy of at least 99% on scans.'
1940,NSR,'The application will expose a well-documented RESTful API to enable third-party integrations.'
774,NSR,'The interface shall allow export of scan findings to PDF for integration with ticketing systems.'
2607,NSR,'The system shall support plugin-based architecture to allow new detection modules to be added.'
1237,NSR,'The dashboard will allow export of analysis results to PDF format for offline review.'
820,NSR,'The application should support import of threat intelligence feeds in PDF format.'
1582,SR,'The software will verify the integrity of medical using cryptographic checksums in order to maintain system integrity.'
741,SR,'The system should extract and analyze adware indicators of compromise from samples to ensure confidentiality and integrity of sensitive data.'
2107,NSR,'The application will support import of threat intelligence feeds in HTML format.'
681,NSR,'The module will allow users to customize dashboard layouts according to their preferences.'
1437,SR,'The tool shall correlate network events against threat intelligence blacklists to mitigate the risk of data breaches.'
26,SR,'The system components shall be expandable. '
1523,SR,'The application should provide a chain of custody record for all sensitive processed by the system in accordance with the security policy.'
1757,NSR,'The system must generate detailed reports of scanning results in HTML format.'
2225,SR,'The platform must obtain and record user consent before collecting medical to mitigate the risk of data breaches.'
2007,NSR,'The application must maintain backward compatibility with previous versions of the API.'
19,NSR,'The system shall allow multiple clients to login and save their files to the remote server concurrently. '
1383,SR,'The module will implement certificate pinning to prevent LDAP injection attacks as part of the defence-in-depth security strategy.'
1307,SR,'The system should enforce network segmentation policies to limit lateral movement in order to maintain system integrity.'
847,NSR,'The module will backup critical user data every 30-day to a secure offsite location.'
1643,SR,'The application will identify unauthorized network devices connected to the internal network in accordance with the security policy.'
910,NSR,'The platform should provide fail-safe behavior that prevents data loss in the event of an unexpected shutdown.'
1516,NSR,'The module should generate analysis reports in under 24 seconds for typical tasks.'
911,NSR,'The application shall support plugin-based architecture to allow new detection modules to be added.'
1244,SR,'The component will classify detected malware into known malware families to ensure compliance with security best practices.'
1444,NSR,'The dashboard must backup critical incident data every 30-day to a secure offsite location.'
1217,NSR,'The application must ensure the system can process queries reliably across all supported Windows and Linux environments.'
2032,SR,'The framework shall use HMAC-SHA-256 to authenticate API requests and prevent replay attacks to ensure compliance with security best practices.'
1858,NSR,'The tool shall support multi-tenancy so multiple organizations can use the system independently.'
806,NSR,'The module must respond to user interface interactions within 1 milliseconds.'
2193,NSR,'The portal will handle network disconnections gracefully and queue operations for retry.'
2061,NSR,'The application should provide contextual help tooltips and user documentation throughout the interface.'
2434,SR,'The framework shall enforce network segmentation policies to limit lateral movement to ensure confidentiality and integrity of sensitive data.'
1015,NSR,'The application will allow users to view the history of previously submitted applications.'
1102,SR,'The agent will validate input sanitization to prevent CSRF injection attacks as part of the defence-in-depth security strategy.'
1767,NSR,'The module must display progress indicators during long-running analysis operations.'
1556,SR,'The agent must monitor system calls to detect cryptomining malware activity at runtime using industry-standard cryptographic techniques.'
1266,NSR,'The software will run on any system that has Node.js version 6.0 or later installed.'
1241,NSR,'The software should achieve an uptime of at least 80% measured over a rolling weekly period.'
1852,NSR,'The dashboard must support redundant database configurations to prevent data loss.'
376,NSR,"'""One of the major requirements for a GlobalPlatform card is the ability to provide a minimum level of cryptographic functionality. This cryptography is, for example, used for the generation of signatures, and is available for use by the Applications present on the card.""'"
1659,NSR,'The interface will display real-time scanning status updates without requiring page refresh.'
1867,NSR,'The portal must generate detailed reports of vulnerability assessment results in PDF format.'
1015,NSR,'The service should minimize latency in real-time monitoring mode to under 30 milliseconds.'
402,NSR,'At OP_READY  initial key shall be available within the issuer security domain'
1242,SR,'The service should enforce the principle of least privilege across all user roles as part of the defence-in-depth security strategy.'
1184,NSR,'The software shall validate input data before processing to prevent crashes from malformed input.'
2137,NSR,'The platform must allow users to set and manage analysis thresholds and alert rules.'
87,SR,'The system shall be given a platform to select a unique watermark that will be inserted onto a document to protect data by providing ownership to the rightful people. '
1224,SR,'The component must prevent privilege escalation attacks by validating all permission changes as part of the defence-in-depth security strategy.'
1185,NSR,'The module should respond to user interface interactions within 60 milliseconds.'
13,NSR,'The system shall have a moderate to high performance owing to limited resource use by using programmer initiated garbage collection for cases where the compiler might produce inefficient code. '
71,NSR,'The system should also be able to notify the user if there is any change in the conditions i.e. drop or rise that is any anomaly should be notified to the user of the system. '
662,SR,'The framework must test for broken authentication and session management vulnerabilities to ensure confidentiality and integrity of sensitive data.'
936,SR,'The system should prevent privilege escalation attacks by validating all permission changes to mitigate the risk of data breaches.'
1999,NSR,'The interface will allow users to register an account by providing their email and organization details.'
1578,SR,'The component will use 3DES with a 128-bit key to protect stored financial in order to maintain system integrity.'
497,SR,'The card and the PSAM must use a public key algorithm for mutual authentication and session key exchange  as no permanent shared secret key may exist between the CEP card and the PSAM'
665,NSR,'The system must provide a responsive design compatible with both desktop and mobile browsers.'
1191,NSR,'The software should generate analysis reports in under 10 seconds for typical tasks.'
1080,NSR,'The tool shall operate efficiently on systems with as little as 2GB of available RAM.'
647,SR,'The module should securely store encryption keys in a dedicated key management system to protect against unauthorized access.'
1818,SR,'The software will digitally sign all configuration to ensure authenticity and non-repudiation.'
1543,NSR,'The platform will provide a role management interface for assigning permissions to user groups.'
14,SR,'The system should ensure only the authorized user is able to change the registered email address for receiving cryptojacking alerts. '
58,NSR,'The web interface is done using CSS and bootstrap which makes it possible to use the system on mobile phones. '
1533,NSR,'The tool must support plugin-based architecture to allow new detection modules to be added.'
2638,SR,'The framework shall capture and analyze UDP packets for signs of malicious activity in order to maintain system integrity.'
1133,NSR,'The interface must provide a role management interface for assigning permissions to user groups.'
96,NSR,'The system shall be easy to use and also user-friendly. '
1046,SR,'The service will correlate network events against threat intelligence blacklists to ensure compliance with security best practices.'
829,SR,'The system must test for broken authentication and session management vulnerabilities to protect against unauthorized access.'
1603,SR,'The agent must extract and verify digital watermarks from submitted video files to mitigate the risk of data breaches.'
48,NSR,'Reports should be delivered in industry-standard format. '
1035,NSR,'The software shall include comprehensive inline code documentation and API documentation.'
1328,NSR,'The application should process submitted scans within 500 seconds under normal load conditions.'
94,SR,'The system shall ensure that the watermark as an essential part of the data remains even after signal processing and data manipulation including any malicious activity '
807,NSR,'The tool must support drag-and-drop file submission for ease of use.'
1303,SR,'The platform will correlate network events against threat intelligence blacklists to protect against unauthorized access.'
915,NSR,'The software shall process submitted requests within 24 seconds under normal load conditions.'
1379,NSR,'The platform must maintain performance under peak load conditions of 10 simultaneous users.'
869,NSR,'The system must operate efficiently on systems with as little as 8GB of available RAM.'
1552,SR,'The agent must alert administrators when malware activity is detected in real time as part of the defence-in-depth security strategy.'
1057,SR,'The service should detect distributed denial-of-service (DDoS) attack patterns in traffic using industry-standard cryptographic techniques.'
610,NSR,'Funds issuers must accept funds authorization requests  regardless of the load currency type  as permitted'
8,SR,'The system shall be able to listen for any port scan on university WIFI network.'
19,SR,'Permissions to access the system data should only be altered by the systems data administrator.'
8,SR,'The system shall be able to note hostname of rogue node as well as the SSID of the network it is connected to so as to know from which section on campus is the attack being done. '
853,SR,'The platform must limit login attempts to 3 consecutive failures before locking the account to protect against unauthorized access.'
103,SR,'The system shall generate and send periodic logs to the parents smartphone. '
667,NSR,'The dashboard should support bulk submission of samples for batch malware analysis processing.'
2254,NSR,'The tool must provide a simple three-step workflow for scan configuration tasks.'
1238,NSR,'The tool shall follow clean code principles and established design patterns for maintainability.'
1469,NSR,'The dashboard will automatically recover from non-critical errors without requiring manual intervention.'
711,SR,'The system will anonymize personally identifiable information before processing to ensure compliance with security best practices.'
1422,SR,'The component should identify and report XML injection injection points in target applications as part of the defence-in-depth security strategy.'
1856,SR,'The service must enforce role-based access control to restrict user permissions to prevent exploitation by malicious actors.'
782,SR,'The agent should analyze Windows executables behavior in an isolated sandbox environment.'
677,NSR,'The software must use less than 2MB of RAM during standard operation.'
1248,SR,'The module shall identify and report XXE injection injection points in target applications in order to maintain system integrity.'
703,SR,'The software will detect duplicate submissions of watermarked audio files by different authors.'
45,NSR,"'The system shall ensure that the end user will not experience any significant performance degradation while accessing the system wirelessly or remotely as compared with the access from the wired LAN, '"
2986,NSR,'The system must achieve an uptime of at least 95% measured over a rolling weekly period.'
1721,NSR,'The software should run on any system that has Java version 16 or later installed.'
1469,NSR,'The application will generate structured logs in LEEF format for consumption by log aggregators.'
1111,SR,'The framework will associate the embedded watermark with the author's registration number in accordance with the security policy.'
5,NSR,'The system shall allow a member to spontaneously form a group of n signers using group public keys which associate the group members. '
911,SR,'The framework must implement certificate pinning to prevent XML injection attacks to protect against unauthorized access.'
39,SR,'The data provided by the system should be validated and verified were possible.'
105,SR,'The system shall have an analyser which will execute the Malware files to inspect the type '
1116,NSR,'The service must allow export of analysis results to CSV format for offline review.'
760,NSR,'The interface should process submitted samples within 60 seconds under normal load conditions.'
865,SR,"'The agent must classify identified vulnerabilities by severity level (critical, high, medium, low) as part of the defence-in-depth security strategy.'"
1616,SR,'The tool shall restrict access to user based on the user's clearance level to protect against unauthorized access.'
955,NSR,'The application shall use less than 4MB of RAM during standard operation.'
1516,NSR,'The service should support automated unit and integration testing with a code coverage target of 99%.'
1671,NSR,'The service will allow users to set and manage scanning thresholds and alert rules.'
1420,SR,'The module should detect duplicate submissions of watermarked documents by different authors in accordance with the security policy.'
31,SR,'The system database storing keywords will be secured against SQL injection attacks to reduce false positives. '
30,NSR,'The system shall ensure portability by enforcing a relatively generalized level of abstraction that should appear between the system interfaces and the application logic. '
1066,SR,'The service should obtain and record user consent before collecting sensitive.'
1995,NSR,'The portal should send a confirmation email to newly registered users with an activation link.'
1430,NSR,'The dashboard should achieve a detection accuracy of at least 5% on scans.'
438,NSR,'Once the card session has been established (for contact cards according to ISO/IEC 7816-4 after Answer-to-Reset  or after the activation sequence for contactless cards according to ISO/IEC 14443-3)  and before the first command is issued to the card  the Application defined as implicitly selectable on the Basic Logical Channel and for that card I/O interface shall become the selected Application on the Basic Logical Channel for that card I/O interface.'
1500,NSR,'The portal shall present a summary dashboard showing key vulnerability metrics at a glance.'
763,SR,'The module should integrate with existing SIEM systems for centralized security monitoring in accordance with the security policy.'
1244,NSR,'The service should provide a disaster recovery plan with a recovery time objective of 60 hours.'
1761,NSR,'The tool must maintain a consistent visual design across all screens and modules.'
2206,NSR,'The application shall provide a notification system that alerts users when malware analysis is complete.'
1028,SR,'The application should embed an invisible digital watermark into PDF documents to protect ownership to mitigate the risk of data breaches.'
45,SR,'The system shall require a password to login the Provider Routers. '
1335,NSR,'The portal shall allow administrators to generate activity reports filtered by project.'
632,NSR,"'The portal shall allow administrators to create, read, update, and delete user accounts.'"
18,NSR,'The system should be able to terminate transaction after ninety seconds of no response.'
1356,NSR,'The module shall allow users to annotate and comment on monitoring findings for team collaboration.'
849,SR,'The system must validate user credentials against the LDAP directory before allowing access to ensure confidentiality and integrity of sensitive data.'
1169,SR,'The service shall scan submitted code for format string security flaws as part of the defence-in-depth security strategy.'
1593,SR,'The platform should notify administrators of critical security events via in-app notifications to ensure compliance with security best practices.'
1331,SR,'The application shall detect polymorphic and obfuscated keyloggers variants as part of the defence-in-depth security strategy.'
960,NSR,'The portal must handle network disconnections gracefully and queue operations for retry.'
1055,NSR,'The module will send a confirmation email to newly registered users with an activation link.'
689,SR,'The module will detect the presence of adware in submitted scripts to ensure confidentiality and integrity of sensitive data.'
1311,NSR,'The platform shall respond to user interface interactions within 1 milliseconds.'
230,NSR,'In order to support the NGN services and intra-CPN communications  all the CNDs in the CPN shall be addressable directly or by the mean of the CNG using L2/L3 mechanisms.'
1354,SR,'The software will store user passwords using scrypt hashing with unique salts to protect against unauthorized access.'
2684,NSR,'The service will allow authenticated users to upload files for analysis.'
1402,NSR,'The portal shall automatically recover from non-critical errors without requiring manual intervention.'
1545,SR,'The system should correlate network events against threat intelligence blacklists.'
1130,SR,'The module shall analyze HTTP requests and responses to detect sensitive data exposure attack patterns in accordance with the security policy.'
917,SR,'The service should implement hardware token authentication to prevent unauthorized access as part of the defence-in-depth security strategy.'
1405,NSR,'The service should support database schema migrations to allow incremental system upgrades.'
1218,NSR,'The software should handle network disconnections gracefully and queue operations for retry.'
1290,SR,'The agent must allow for safe fail-secure behavior whenever a security fault is detected.'
987,NSR,'The dashboard shall provide a simple three-step workflow for report generation tasks.'
1932,NSR,'The platform shall support multi-tenancy so multiple organizations can use the system independently.'
2966,SR,'The framework will block network communication from hosts identified as compromised to ensure compliance with security best practices.'
1572,NSR,"'The portal should allow users to register an account by providing their username, email address, and contact number.'"
750,NSR,'The tool shall use less than 16MB of RAM during standard operation.'
20,NSR,'The system shall have the ability of scanning imagines of vehicle registration numbers and undergo pattern recognition for database matching'
2496,SR,'The agent should generate integrity reports for transaction stored in the system to protect against unauthorized access.'
534,NSR,'Send transactions to card issuers or their processors in a standard format defined in agreement with the scheme provider'
1749,SR,'The application should detect man-in-the-middle attacks through certificate validation monitoring to protect against unauthorized access.'
1499,SR,'The platform should automatically log out inactive sessions after 30 minutes of inactivity to prevent exploitation by malicious actors.'
23,NSR,"'The system shall have a form based interface for all data entry and viewing formats, and will generate reports that are formatted in a table and that should look like the existing manual report formats for use friendliness. '"
1241,NSR,'The application must automatically recover from non-critical errors without requiring manual intervention.'
2982,SR,'The software should block network communication from hosts identified as compromised.'
873,SR,'The software shall capture and analyze HTTPS and TLS packets for signs of malicious activity to mitigate the risk of data breaches.'
1264,SR,'The agent will capture and analyze TCP/IP packets for signs of malicious activity to protect against unauthorized access.'
1037,NSR,'The software shall ensure the system can process applications reliably across all supported Windows and Linux environments.'
765,SR,'The component should sign API responses to ensure integrity during transmission to protect against unauthorized access.'
789,NSR,'The dashboard shall provide fail-safe behavior that prevents data loss in the event of an unexpected shutdown.'
1055,NSR,'The platform should automatically recover from non-critical errors without requiring manual intervention.'
1379,SR,'The tool will block network communication from hosts identified as compromised to prevent exploitation by malicious actors.'
664,NSR,'The module must provide a centralized logging framework for debugging and system monitoring.'
1852,SR,'The service should embed an invisible digital watermark into images to protect ownership.'
1585,SR,'The module shall digitally sign all confidential to ensure authenticity and non-repudiation to ensure compliance with security best practices.'
73,SR,'The system shall execute its tasks accurately when issued a command. Testing will ensure that all functions are properly included. '
905,SR,'The component must enforce role-based access control to restrict user permissions in order to maintain system integrity.'
711,NSR,'The software will operate efficiently on systems with as little as 512GB of available RAM.'
1586,NSR,'The interface should provide a cross-platform command-line interface in addition to the GUI.'
880,SR,'The service shall comply with ISO 27001 data protection requirements in order to maintain system integrity.'
1616,SR,'The module should enforce data retention policies by automatically purging sensitive records after 90 days to prevent exploitation by malicious actors.'
701,NSR,'The system must provide a role management interface for assigning permissions to user groups.'
39,NSR,'The system shall allow the user to access the start menu screen. '
933,SR,'The system will notify administrators of critical security events via push notifications.'
34,NSR,'The system shall be able to defer ineligible donors and inform eligible donors via SMS '
1612,NSR,'The system will display results in both tabular and graphical chart formats.'
1119,SR,"'The agent must classify identified vulnerabilities by severity level (critical, high, medium, low).'"
2144,NSR,'The system must be packaged as a desktop installer for simple installation on supported platforms.'
1798,NSR,'The module shall allow administrators to generate activity reports filtered by severity level.'
1034,SR,'The module must correlate network events against threat intelligence blacklists.'
2958,NSR,'The platform will support import of threat intelligence feeds in PDF format.'
3110,SR,'The software will encrypt data at rest using AES-GCM to protect against unauthorized access to mitigate the risk of data breaches.'
515,NSR,'In the case of a reversal  the CEP card must re-authenticate the PSAM'
1444,SR,'The tool will support automatic updates to malware signature databases as part of the defence-in-depth security strategy.'
1410,SR,'The module must embed an invisible digital watermark into audio files to protect ownership in order to maintain system integrity.'
739,NSR,"'The interface will ensure the system can process files reliably across all supported test, staging, and production environments.'"
1381,NSR,'The module will generate detailed reports of malware analysis results in CSV format.'
1655,NSR,'The interface will validate input data before processing to prevent crashes from malformed input.'
54,NSR,'The system shall provide reports on failure and success of forensic image acquisition '
883,SR,'The software shall automatically log out inactive sessions after 10 minutes of inactivity as part of the defence-in-depth security strategy.'
1341,NSR,'The portal must have a clean and intuitive interface that requires minimal training to operate.'
1642,SR,'The tool will detect cryptojacking activity by monitoring CPU usage and network connections to ensure confidentiality and integrity of sensitive data.'
964,NSR,'The tool must allow users to customize dashboard layouts according to their preferences.'
817,SR,'The system will detect anomalous network traffic patterns indicative of spyware activity in order to maintain system integrity.'
90,SR,'The system shall be introduced in each representatives mobile device to screen the gadgets applications and record the activities performed by the gadget. '
1434,NSR,'The interface shall provide a searchable database of historical malware analysis results.'
148,NSR,'The CNG should negotiate session parameters (bandwidth  screen resolution  codecsÃ¯Â¿Â½) with the NGN transparently to the user.'
1883,SR,'The software must verify the authenticity of documents by checking its embedded watermark in order to maintain system integrity.'
2326,SR,'The software should use HMAC-Argon2 to authenticate API requests and prevent replay attacks as part of the defence-in-depth security strategy.'
995,SR,'The tool shall detect cryptojacking activity by monitoring CPU usage and network connections to protect against unauthorized access.'
818,SR,'The tool should verify the authenticity of audio files by checking its embedded watermark using industry-standard cryptographic techniques.'
1008,NSR,'The software shall support concurrent analysis of up to 20 simultaneous samples without degradation.'
1321,NSR,'The interface should allow signature databases and detection rules to be updated without system restart.'
971,SR,'The service will invalidate session tokens upon logout to prevent session hijacking in order to maintain system integrity.'
1219,NSR,'The service must support automated unit and integration testing with a code coverage target of 85%.'
990,NSR,'The system shall respond to user interface interactions within 30 milliseconds.'
1225,NSR,'The module should generate analysis reports in under 1 seconds for typical tasks.'
2714,SR,'The system should verify the integrity of transaction using cryptographic checksums using industry-standard cryptographic techniques.'
3101,SR,'The system shall implement account lockout mechanisms after repeated failed login attempts to prevent exploitation by malicious actors.'
1162,NSR,'The module shall be transferable between environments through a standard configuration export/import mechanism.'
1520,NSR,'The portal should allow signature databases and detection rules to be updated without system restart.'
961,NSR,'The portal must maintain a structured database of known vulnerability signatures and indicators.'
1283,NSR,'The module will generate detailed reports of vulnerability assessment results in PDF format.'
1677,SR,'The service will detect the presence of rootkits in submitted web applications using industry-standard cryptographic techniques.'
1499,SR,'The service must identify unauthorized network devices connected to the internal network.'
2067,NSR,'The system will adhere to SOLID design principles to minimize coupling between components.'
1566,NSR,'The module must scale horizontally to handle increased scans volume without reconfiguration.'
956,SR,'The agent should identify unauthorized network devices connected to the internal network.'
1432,SR,'The tool should detect and block connections to known malicious IP addresses and domains in order to maintain system integrity.'
2298,NSR,'The system shall implement transaction rollbacks to maintain data consistency during failures.'
869,NSR,'The system will display clear error messages that guide the user toward resolution.'
1945,SR,'The software will detect distributed denial-of-service (DDoS) attack patterns in traffic to prevent exploitation by malicious actors.'
641,SR,'The service should generate behavioral reports for uploaded files executed in the sandbox to mitigate the risk of data breaches.'
1107,SR,'The module shall encrypt all authentication data using AES-256 encryption to ensure confidentiality and integrity of sensitive data.'
2237,NSR,'The tool will present a summary dashboard showing key system health metrics at a glance.'
1252,SR,"'The module shall enforce password complexity requirements including uppercase, lowercase, numbers, and special characters to ensure confidentiality and integrity of sensitive data.'"
396,NSR,'The OPEN shall owns and maintains the Life Cycle information within the GlobalPlatform Registry'
1210,SR,'The framework will identify and report buffer overflow injection points in target applications to prevent exploitation by malicious actors.'
2103,NSR,'The software shall provide a disaster recovery plan with a recovery time objective of 5 hours.'
1779,NSR,'The application shall complete database queries in under 1 milliseconds for datasets of up to 50 records.'
1049,SR,'The component should automatically generate detailed reports of detected path traversal vulnerabilities to ensure confidentiality and integrity of sensitive data.'
2719,SR,'The software will embed an invisible digital watermark into images to protect ownership as part of the defence-in-depth security strategy.'
1153,NSR,'The platform will support automated unit and integration testing with a code coverage target of 99.9%.'
1218,SR,'The component must automatically log out inactive sessions after 15 minutes of inactivity to mitigate the risk of data breaches.'
801,NSR,'The software should be deployable on Windows 10 and later operating systems without modification.'
100,NSR,'The system shall be able to store transaction information . '
66,NSR,"'The System shall allow creation of users (Administrator, Lecturer, Student) accounts.'"
835,SR,'The tool will allow for safe fail-secure behavior whenever a security fault is detected to ensure confidentiality and integrity of sensitive data.'
1401,NSR,'The interface must include comprehensive inline code documentation and API documentation.'
1805,SR,'The agent must protect private keys from unauthorized extraction or export in accordance with the security policy.'
73,NSR,'The system must be fast at detecting speech commands and using windows speech algorithms and multithreading will help to achieve this'
522,NSR,'These totals are used by the merchant acquirer to ensure the integrity of the batch'
81,SR,'The system shall generate decoy files to supply to an intruder whenever a suspicious download is detected.'
1279,NSR,'The interface should maintain a structured database of known vulnerability signatures and indicators.'
1880,NSR,'The software shall integrate with third-party SIEM platforms via SAML.'
649,NSR,'The module must process submitted tasks within 500 seconds under normal load conditions.'
61,NSR,'The system can perform well in the web environments and also with huge files.  '
1176,SR,'The system shall validate input sanitization to prevent broken authentication injection attacks to mitigate the risk of data breaches.'
837,SR,'The framework should verify the integrity of configuration using cryptographic checksums.'
19,NSR,'System should allow users to download reports. '
2403,SR,'The software shall use TLS 1.3 or higher for all network communications to mitigate the risk of data breaches.'
1187,SR,'The module should scan submitted code for CSRF security flaws to ensure compliance with security best practices.'
2225,NSR,'The application will display real-time analysis status updates without requiring page refresh.'
1341,NSR,'The service must display progress indicators during long-running analysis operations.'
2198,NSR,'The dashboard shall display results in both tabular and graphical chart formats.'
18,SR,'The system should be able to secure the messages by encrypting them. '
1234,NSR,'The application will scale horizontally to handle increased requests volume without reconfiguration.'
1188,NSR,'The application will generate automated summary emails of daily analysis activities.'
921,NSR,'The system should handle network disconnections gracefully and queue operations for retry.'
10,NSR,'The system shall forward phone call notifications of child device to an email account'
186,NSR,'Subject to applicable regulation  UGC media streams may be sent directly from one CPN to one or multiple other CPN.'
790,NSR,'The portal should handle network disconnections gracefully and queue operations for retry.'
1456,SR,'The software shall identify unauthorized network devices connected to the internal network to ensure compliance with security best practices.'
1381,SR,'The application should sign API responses to ensure integrity during transmission in order to maintain system integrity.'
1547,NSR,'The interface must implement dependency injection to improve testability of individual components.'
697,NSR,'The portal will complete database queries in under 5 milliseconds for datasets of up to 20 records.'
1233,NSR,'The dashboard will provide contextual help tooltips and user documentation throughout the interface.'
161,NSR,'It should be possible for more than one identity to be associated with a single CPN subscription.'
32,SR,"'The system is easy to maintain as it offers modularity, understandability, changeability, testability, reusability and transferability from one team to another.  '"
1452,SR,"'The platform shall classify identified vulnerabilities by severity level (critical, high, medium, low).'"
1294,SR,'The component must detect LDAP injection vulnerabilities in submitted web applications in accordance with the security policy.'
2047,NSR,'The interface must provide a user-friendly graphical user interface (GUI) for ease of use.'
1059,NSR,'The tool should implement dependency injection to improve testability of individual components.'
757,SR,'The framework must securely store encryption keys in a dedicated key management system to ensure confidentiality and integrity of sensitive data.'
3085,NSR,'The application must provide keyboard shortcuts for frequently used operations.'
451,NSR,'If a full or partial match is found and this Application is selectable (i.e. in the correct Life Cycle State and has no multi-selection restrictions)  then it shall become the currently selected Application on the Basic Logical Channel and the SELECT [by name] command  whether [first or only occurrence] or [next occurrence]  shall be processed according to the requirements of the runtime environment (e.g. dispatched to the Application)'
2345,SR,'The system must detect SSL/TLS misconfigurations and expired certificates in target systems in order to maintain system integrity.'
1494,NSR,'The application should allow users to annotate and comment on authentication findings for team collaboration.'
2077,NSR,'The service must automatically recover from non-critical errors without requiring manual intervention.'
1460,SR,'The application will implement account lockout mechanisms after repeated failed login attempts to mitigate the risk of data breaches.'
1172,NSR,'The platform shall integrate with third-party CI/CD platforms via SAML.'
1032,NSR,'The tool must scale horizontally to handle increased tasks volume without reconfiguration.'
89,SR,'The system shall  allow administrator to make changes. '
1019,NSR,'The software should expose a well-documented RESTful API to enable third-party integrations.'
947,SR,'The application will identify command-and-control (C2) communication patterns in network traffic to prevent exploitation by malicious actors.'
72,SR,"'The system shall verify the SSL certificate on a given web server to make sure it is correctly installed, valid, trusted and doesn't give any errors to any of the users.'"
207,SR,'CNG shall support mechanisms for secure authentication and communication with the remote management system.'
1171,NSR,'The module must allow users to view the history of previously submitted requests.'
1308,NSR,'The system should allow administrators to generate activity reports filtered by module.'
692,NSR,'The application will provide administrators with a configurable dashboard for system management.'
894,NSR,'The portal must support Spanish language localization for international users.'
1056,SR,'The framework will implement secure communication channels using SFTP protocol using industry-standard cryptographic techniques.'
125,SR,'On receipt of a valid (i.e. authorized) request for access to a CNG hosted service or application the CNG shall provide the requested service or application to the requesting user.'
1774,SR,'The system must mask sensitive session fields in logs and reports using industry-standard cryptographic techniques.'
60,NSR,'The system shall enable user interaction to move to spam as Blacklisting and move to Ham folder as whitelisting. '
1179,NSR,'The service shall process submitted queries within 24 seconds under normal load conditions.'
884,SR,'The tool must protect private keys from unauthorized extraction or export to mitigate the risk of data breaches.'
57,NSR,"'The system shall allow to create and enforce secure coding practices through strictly identifying the sources of required data, identifying the data items and data structures required for the exchange. '"
1389,SR,'The system should detect distributed denial-of-service (DDoS) attack patterns in traffic to ensure confidentiality and integrity of sensitive data.'
1510,NSR,'The module must perform automated health checks every 500 seconds and alert on anomalies.'
84,NSR,'The system shall make use of google maps to all administrators to identify and alert nearest emergency services. '
692,NSR,'The platform should integrate with third-party ticketing platforms via SAML.'
93,NSR,'The system shall ensure the wireless connection enables fast response time which is the time it takes for the mobile phone and laptop to connect to access files. '
48,NSR,'The system shall allow for the creation of test-bed environment (web applications and/or websites that can be tested for penetration testing and hacking) where experiments should be conducted.   '
741,SR,'The tool shall generate behavioral reports for mobile apps executed in the sandbox to mitigate the risk of data breaches.'
544,NSR,'A purchase transaction may be reversed  prior to the removal of the CEP card from the POS device  by sending a purchase reversal command to the CEP card  The CEP card must authenticate the PSAM using certificates previously exchanged'
1047,SR,'The service must implement secure communication channels using HTTPS protocol as part of the defence-in-depth security strategy.'
1082,NSR,'The application will allow signature databases and detection rules to be updated without system restart.'
1313,NSR,'The application should provide a role management interface for assigning permissions to user groups.'
1558,SR,'The service shall analyze scripts behavior in an isolated sandbox environment using industry-standard cryptographic techniques.'
1171,NSR,'The tool should perform automated health checks every 3 seconds and alert on anomalies.'
1901,NSR,'The platform must have a clean and intuitive interface that requires minimal training to operate.'
1063,NSR,'The software will provide a searchable database of historical authentication results.'
1443,SR,'The agent shall automatically log out inactive sessions after 30 minutes of inactivity to prevent exploitation by malicious actors.'
1042,NSR,'The tool must allow users to view the history of previously submitted tasks.'
799,NSR,'The application will maintain a structured database of known vulnerability signatures and indicators.'
1020,NSR,'The interface should allow authenticated users to upload samples for analysis.'
1059,SR,'The framework must comply with GDPR data protection requirements in accordance with the security policy.'
1687,SR,'The software shall log all network security events with timestamps for forensic analysis in order to maintain system integrity.'
2365,SR,'The service shall enforce network segmentation policies to limit lateral movement using industry-standard cryptographic techniques.'
1445,SR,'The platform will generate integrity reports for sensitive stored in the system.'
1021,SR,'The system will identify and report path traversal injection points in target applications to ensure compliance with security best practices.'
69,NSR,'The system is an efficient system that has the best operational performance relieving both nurses and mothers of the time-consuming nature in provision of services in health facilities. '
1015,NSR,'The software shall adhere to SOLID design principles to minimize coupling between components.'
907,NSR,'The application will scale horizontally to handle increased applications volume without reconfiguration.'
1725,NSR,'The tool should achieve an uptime of at least 90% measured over a rolling 90-day period.'
1929,NSR,'The system shall consume no more than 0.1% of available CPU resources during idle monitoring.'
733,NSR,'The dashboard will provide a RESTful API that allows external systems to trigger and retrieve reporting results.'
1460,NSR,'The service will support pagination for large result sets to maintain performance.'
1373,NSR,'The module must support concurrent analysis of up to 500 simultaneous scans without degradation.'
664,SR,'The service should prevent privilege escalation attacks by validating all permission changes to ensure confidentiality and integrity of sensitive data.'
3104,NSR,'The service shall provide fail-safe behavior that prevents data loss in the event of an unexpected shutdown.'
833,NSR,'The application shall test failover mechanisms periodically to ensure they operate as expected.'
2842,NSR,'The tool must support virtualized environments including VMware and Hyper-V.'
1456,SR,'The platform must detect and block connections to known malicious IP addresses and domains to prevent exploitation by malicious actors.'
2933,SR,'The agent should require users to change default passwords upon first login in accordance with the security policy.'
46,NSR,'The system shall allow a user to change the temporary PIN received from the system. '
1641,NSR,'The portal shall test failover mechanisms periodically to ensure they operate as expected.'
931,SR,'The agent must require multi-factor authentication (MFA) for all administrative operations in order to maintain system integrity.'
1781,NSR,'The software must allow users to view the history of previously submitted applications.'
16,SR,'The system shall perform verification to determine user and access rights. '
1883,NSR,'The dashboard will support installation via apt package manager.'
1175,SR,'The software should provide secure password reset functionality using verified email or OTP to ensure compliance with security best practices.'
886,NSR,'The platform will allow export of scan findings to JSON for integration with ticketing systems.'
12,SR,"'The system shall provide maturity, fault tolerance and recoverability despite the challenges of balancing development time. '"
3109,SR,'The component will monitor TLS network traffic to detect security anomalies in accordance with the security policy.'
1128,SR,'The system will restrict access to session based on the user's clearance level to mitigate the risk of data breaches.'
672,NSR,'The service will maintain a structured database of known vulnerability signatures and indicators.'
1778,NSR,'The software must provide a disaster recovery plan with a recovery time objective of 5 hours.'
697,NSR,'The module must provide keyboard shortcuts for frequently used operations.'
560,NSR,'The aggregated totals by card issuer must be transmitted to the merchant acquirer at the same time and manner as the non-aggregated detail transactions in the batch'
807,SR,'The agent shall implement certificate pinning to prevent XML injection attacks using industry-standard cryptographic techniques.'
1596,NSR,'The tool will maintain performance under peak load conditions of 1000 simultaneous users.'
1452,SR,'The system must identify open ports and running services on the target network as part of the defence-in-depth security strategy.'
698,NSR,'The application must provide a searchable database of historical monitoring results.'
370,NSR,'A Global Services Application shall Be able to provide services to other Applications  such as CVM services'
1070,SR,'The module shall detect buffer overflow vulnerabilities in submitted web applications to prevent exploitation by malicious actors.'
1354,NSR,"'The portal must provide a changelog documenting all updates, bug fixes, and new features.'"
1788,NSR,'The interface should support concurrent analysis of up to 50 simultaneous samples without degradation.'
706,SR,'The system shall log all network security events with timestamps for forensic analysis.'
784,NSR,'The application must allow users to annotate and comment on reporting findings for team collaboration.'
2300,NSR,"'The dashboard should ensure the system can process applications reliably across all supported test, staging, and production environments.'"
588,NSR,'A single currency cannot occupy more than one slot. The CEP card must not permit a slot to be assigned a currency if another slot in the CEP card has already been assigned to that currency'
1930,NSR,'The dashboard must perform automated health checks every 60 seconds and alert on anomalies.'
101,NSR,' The system executable shall be deployable on any platform. '
1468,SR,'The framework must prevent privilege escalation attacks by validating all permission changes to mitigate the risk of data breaches.'
1150,SR,'The module should monitor DNS queries to detect data exfiltration and domain generation algorithms using industry-standard cryptographic techniques.'
671,SR,'The application shall scan submitted code for path traversal security flaws to prevent exploitation by malicious actors.'
1002,SR,'The module shall automatically log out inactive sessions after 30 minutes of inactivity.'
1339,NSR,'The tool will expose a well-documented RESTful API to enable third-party integrations.'
1075,NSR,'The system shall allow administrators to generate activity reports filtered by severity level.'
1373,NSR,'The system must provide a disaster recovery plan with a recovery time objective of 30 hours.'
810,NSR,'The platform should include comprehensive inline code documentation and API documentation.'
841,SR,'The tool should prevent privilege escalation attacks by validating all permission changes to protect against unauthorized access.'
1320,NSR,'The interface should allow export of scan findings to JSON for integration with ticketing systems.'
1673,SR,'The framework must enforce the principle of least privilege across all user roles to ensure confidentiality and integrity of sensitive data.'
54,NSR,'The system shall provide reports on statistics of acquired images (documentation) '
1811,NSR,'The software will display real-time reporting status updates without requiring page refresh.'
1119,NSR,'The platform shall be deployable on major Linux distributions operating systems without modification.'
433,NSR,'The OPEN shall support Application selection on the Basic Logical Channel via Implicit Selection following the card reset (see ISO/IEC 7816-3 for contact cards) or activation sequence (see ISO/IEC 14443-3 for contactless cards)'
759,SR,'The framework will detect man-in-the-middle attacks through certificate validation monitoring to mitigate the risk of data breaches.'
1380,NSR,'The portal will achieve a detection accuracy of at least 90% on scans.'
2369,SR,'The application must authenticate users using LDAP authentication.'
227,SR,'If the CND contains an ISIM/UICC  it shall support the AKA authentication method (TS 187 001 [8])'
1098,SR,'The agent must identify and report broken authentication injection points in target applications to protect against unauthorized access.'
1786,SR,'The module shall maintain a tamper-evident audit log of all configuration change events in accordance with the security policy.'
2058,SR,'The application shall monitor DNS queries to detect data exfiltration and domain generation algorithms to ensure confidentiality and integrity of sensitive data.'
19,NSR,'The system should have a very fast response time to users actions.'
57,SR,"' The system shall offer authentication, authorization, configuration management to prevent access to admin console. '"
37,NSR,'The system shall allow users to interact with the RFID and facial recognition-based-access control system.  '
342,NSR,'A Controlling Authority is responsible for Working with the Card Issuer to load generated keys into the Controlling Authority's Security Domain'
1295,NSR,'The service will provide contextual help tooltips and user documentation throughout the interface.'
86,SR,'The system shall validate user passwords. '
886,NSR,'The portal must present a summary dashboard showing key system health metrics at a glance.'
904,SR,'The component shall monitor file system changes to detect ransomware encryption activity as part of the defence-in-depth security strategy.'
864,SR,'The system will detect and block connections to known malicious IP addresses and domains in accordance with the security policy.'
1591,SR,'The agent must verify digital signatures before processing received configuration using industry-standard cryptographic techniques.'
990,SR,'The service should use TLS 1.3 or higher for all network communications to protect against unauthorized access.'
1004,SR,'The software should sign API responses to ensure integrity during transmission to prevent exploitation by malicious actors.'
703,NSR,'The application will allow multiple users to collaborate on scanning within a shared workspace.'
683,SR,'The application must monitor HTTP(S) network traffic to detect security anomalies to prevent exploitation by malicious actors.'
735,NSR,'The interface shall support multi-tenancy so multiple organizations can use the system independently.'
79,NSR,'The system shall be deployed over the cloud and accessible both on the web and mobile platforms for portability. '
1094,NSR,'The interface should be containerized using Docker for consistent deployment across environments.'
2791,SR,'The agent should store user passwords using bcrypt hashing with unique salts.'
1968,NSR,'The module must support drag-and-drop file submission for ease of use.'
2903,SR,'The service must use 3DES with a 256-bit key to protect stored financial using industry-standard cryptographic techniques.'
1498,NSR,'The system shall function correctly on both 32-bit and 64-bit system architectures.'
1650,NSR,'The portal should backup critical incident data every monthly to a secure offsite location.'
1474,SR,'The module should generate and rotate encryption keys every 90 days to minimize key exposure to ensure compliance with security best practices.'
2847,NSR,'The application will display results in both tabular and graphical chart formats.'
1469,SR,'The tool will detect cryptojacking activity by monitoring CPU usage and network connections in accordance with the security policy.'
625,NSR,'The interface must allow users to schedule automated analysis at configured intervals.'
1208,NSR,'The system will use version control best practices including branching strategies and commit conventions.'
1189,SR,'The module should require users to change default passwords upon first login using industry-standard cryptographic techniques.'
1662,NSR,'The software will generate detailed reports of detection results in CSV format.'
1782,SR,'The agent will detect outdated or vulnerable third-party libraries in analyzed applications to ensure compliance with security best practices.'
958,SR,'The tool shall invalidate session tokens upon logout to prevent session hijacking to ensure confidentiality and integrity of sensitive data.'
2128,NSR,'The software should provide administrators with a configurable dashboard for system management.'
63,NSR,'The software is delivered with a user manual and once installed the software is easy to run.  '
105,SR,'The system shall be maintainable as it is built with three modules with commands that avoid violating coding principles '
1238,NSR,'The portal will allow export of scan findings to XML for integration with ticketing systems.'
1404,NSR,'The platform will provide a simple three-step workflow for scan configuration tasks.'
826,SR,'The module must detect SSL/TLS misconfigurations and expired certificates in target systems to mitigate the risk of data breaches.'
1347,NSR,'The system should provide keyboard shortcuts for frequently used operations.'
615,SR,'Unload transactions do not require cardholder authentication. (However  an acquirerÃ¯Â¿Â½??s devices may be configured such that authentication is required for access.)'
2184,NSR,'The service should support automated unit and integration testing with a code coverage target of 80%.'
2673,NSR,'The service must maintain a structured database of known vulnerability signatures and indicators.'
1130,SR,'The software must analyze HTTP requests and responses to detect XML injection attack patterns to prevent exploitation by malicious actors.'
1417,NSR,'The platform should expose a well-documented RESTful API to enable third-party integrations.'
1759,NSR,'The interface should provide an audit trail of all administrative actions performed in the system.'
1846,SR,'The component should alert administrators when spyware activity is detected in real time to mitigate the risk of data breaches.'
1470,SR,'The application should provide a chain of custody record for all medical processed by the system to ensure confidentiality and integrity of sensitive data.'
939,NSR,'The module shall provide a disaster recovery plan with a recovery time objective of 60 hours.'
1532,SR,'The application shall implement secure communication channels using HTTPS protocol.'
1183,SR,'The agent should sign API responses to ensure integrity during transmission to mitigate the risk of data breaches.'
58,SR,"'The system shall implement a combination of cryptographic algorithms that are secure and have proven to be unbreakable by the current technologies, hence using these algorithms collectively strengthens the security of the system. '"
1528,NSR,'The tool must allow users to view the history of previously submitted applications.'
86,SR,'The system shall allow a user to register and log in. '
892,NSR,'The interface shall complete database queries in under 15 milliseconds for datasets of up to 20 records.'
2081,NSR,'The service shall ensure the system can process requests reliably across all supported cloud and on-premises environments.'
1145,SR,'The module must support automatic updates to malware signature databases to ensure compliance with security best practices.'
99,NSR,"'The system shall have inputs of WAVE audio file, message text, public key and private key. Functionality'"
1115,SR,'The platform will monitor file system changes to detect ransomware encryption activity in accordance with the security policy.'
1050,SR,'The system shall obtain and record user consent before collecting configuration to ensure confidentiality and integrity of sensitive data.'
1432,NSR,"'The application will provide a changelog documenting all updates, bug fixes, and new features.'"
1646,NSR,'The interface shall provide a RESTful API that allows external systems to trigger and retrieve authentication results.'
500,NSR,'If this is not a cash load  the funds issuer needs to verify that the funds are requested by the legitimate account owner  which is normally done by the presentation of an enciphered PIN'
958,SR,'The system will encrypt all financial data using ChaCha20-Poly1305 encryption to ensure confidentiality and integrity of sensitive data.'
2428,SR,'The component should identify command-and-control (C2) communication patterns in network traffic to protect against unauthorized access.'
90,NSR,'The MedX system shall  be developed in Java which is platform independent making it portable. '
30,NSR,'The system will be made in a way so it may be compatible with other system architectures. '
1001,SR,'The agent should apply a visible digital watermark to images upon author submission to ensure confidentiality and integrity of sensitive data.'
1114,SR,'The platform shall automatically generate detailed reports of detected insecure deserialization vulnerabilities in order to maintain system integrity.'
36,NSR,'The system shall be able to allocate an Examiner a Route to use once he finishes testing a learner driver in the Yard '
874,NSR,'The interface will present a summary dashboard showing key detection metrics at a glance.'
1975,SR,'The service should enforce data retention policies by automatically purging sensitive records after 6 months using industry-standard cryptographic techniques.'
1566,NSR,'The system shall provide a notification system that alerts users when scanning is complete.'
729,SR,'The module should verify server certificates before establishing IPSec connections in accordance with the security policy.'
1863,NSR,'The system will allow multiple users to collaborate on analysis within a shared workspace.'
44,NSR,'The system should incorporate easier search mechanism that can assist users in retrieving and searching the required information. '
1423,NSR,'The dashboard should support virtualized environments including VMware and Hyper-V.'
1270,SR,'The framework will perform regular automated vulnerability scans against the deployed application to protect against unauthorized access.'
1249,SR,'The module should extract and analyze ransomware indicators of compromise from samples in order to maintain system integrity.'
546,NSR,'The PSAM in the POS device generates a merchant acquirer S5 MAC for the transaction  computes a new S4 MAC on the updated batch total count and amount  and logs the transaction'
1223,NSR,'The module must provide contextual help tooltips and user documentation throughout the interface.'
868,NSR,'The dashboard will achieve a throughput of at least 100 requests per hour in production.'
1074,SR,'The software will prevent unauthorized access to sensitive authentication through access controls to prevent exploitation by malicious actors.'
688,NSR,'The system must minimize latency in real-time monitoring mode to under 100 milliseconds.'
1340,NSR,'The module shall display clear error messages that guide the user toward resolution.'
662,SR,'The service must block network communication from hosts identified as compromised to prevent exploitation by malicious actors.'
33,NSR,'The system shall be able to de-fragment captured packets '
2391,NSR,'The dashboard must allow users to annotate and comment on reporting findings for team collaboration.'
1474,SR,'The component should validate user credentials against a hashed credential store before allowing access as part of the defence-in-depth security strategy.'
1841,NSR,'The interface must provide administrators with a configurable dashboard for system management.'
43,NSR,'The system shall provide customers with a system that is error free and process their cases quickly.'
1092,SR,'The tool must verify digital signatures before processing received data to ensure compliance with security best practices.'
723,SR,'The system must detect cryptojacking activity by monitoring CPU usage and network connections using industry-standard cryptographic techniques.'
1861,SR,'The system must mask sensitive transaction fields in logs and reports.'
1892,NSR,'The tool shall achieve a throughput of at least 50 requests per hour in production.'
1203,NSR,'The tool shall support installation via Homebrew package manager.'
1643,SR,'The agent shall apply a visible digital watermark to documents upon author submission to ensure confidentiality and integrity of sensitive data.'
2901,SR,'The agent must detect XXE injection vulnerabilities in submitted web applications.'
846,NSR,'The system shall allow users to view the history of previously submitted tasks.'
2961,SR,'The component should verify the integrity of configuration using cryptographic checksums to ensure confidentiality and integrity of sensitive data.'
993,SR,'The platform will verify the integrity of authentication using cryptographic checksums.'
1800,NSR,'The module will use less than 4MB of RAM during standard operation.'
1475,SR,'The system must verify server certificates before establishing TLS connections to mitigate the risk of data breaches.'
1062,NSR,'The interface should provide a disaster recovery plan with a recovery time objective of 30 hours.'
7,NSR,'The system shall optionally allow the user to destroy the suspects details files or save them for future records in a secure database '
72,SR,'The system shall provide a user with the option to encrypt and decrypt data. '
2,NSR,'The system shall generate a report of the detected and analyzed vulnerabilities '
1914,NSR,'The interface shall support import of threat intelligence feeds in PDF format.'
1629,NSR,'The software will use less than 8MB of RAM during standard operation.'
82,SR,'The system shall be able to allocate resources to the actual student who has requested the service. '
1429,NSR,'The tool will provide an audit trail of all administrative actions performed in the system.'
1553,SR,'The system shall generate integrity reports for financial stored in the system as part of the defence-in-depth security strategy.'
101,SR,'The system shall be simple and easy to maintain. '
958,SR,'The module should detect SSL/TLS misconfigurations and expired certificates in target systems to protect against unauthorized access.'
104,NSR,'The system shall be reliably used on any devices that meet hardware and software requirements stated. '
1367,SR,'The application must detect distributed denial-of-service (DDoS) attack patterns in traffic to prevent exploitation by malicious actors.'
2700,SR,'The component should provide a chain of custody record for all user processed by the system as part of the defence-in-depth security strategy.'
1219,NSR,'The dashboard shall backup critical audit data every monthly to a secure offsite location.'
1844,SR,'The software must alert administrators when spyware activity is detected in real time in accordance with the security policy.'
466,NSR,'Partial AID selection as defined in section 6.4.3.1.2 - Explicit Selection  shall be supported on Supplementary Logical Channels.'
88,SR,'The system shall encrypt and decrypt files over a wireless connection. '
1369,SR,'The service should digitally sign all transaction to ensure authenticity and non-repudiation.'
1809,SR,'The module will enforce password complexity requirements including at least 12 characters with complexity rules to mitigate the risk of data breaches.'
1387,NSR,'The dashboard shall support automated unit and integration testing with a code coverage target of 1%.'
1177,SR,'The platform shall implement end-to-end encryption for user messages using industry-standard cryptographic techniques.'
69,NSR,'The system shall retain records for all babies a mother will have subsequently. '
854,NSR,'The system should scale horizontally to handle increased scans volume without reconfiguration.'
1691,SR,'The module should encrypt data at rest using 3DES to protect against unauthorized access as part of the defence-in-depth security strategy.'
668,SR,'The component will use TLS 1.2 or higher for all network communications.'
1933,NSR,'The portal should allow export of scan findings to HTML for integration with ticketing systems.'
1997,NSR,'The software will adhere to SOLID design principles to minimize coupling between components.'
662,SR,'The platform will apply a visible digital watermark to audio files upon author submission using industry-standard cryptographic techniques.'
749,NSR,'The module must provide a searchable database of historical reporting results.'
64,NSR,'The systems time to react to tolerating the exchange to happen or dismissing it hindering the card and cautioning the head be brief in order to advance an easy to understand framework. '
20,NSR,'The system shall display the profile of licence owner '
1957,NSR,'The system must run on any system that has .NET version 11 or later installed.'
950,NSR,'The portal should support database schema migrations to allow incremental system upgrades.'
1163,SR,'The agent shall implement account lockout mechanisms after repeated failed login attempts to prevent exploitation by malicious actors.'
2034,NSR,'The interface will support concurrent analysis of up to 1000000 simultaneous applications without degradation.'
762,NSR,'The portal will support installation via Homebrew package manager.'
762,SR,"'The tool shall classify identified vulnerabilities by severity level (critical, high, medium, low) as part of the defence-in-depth security strategy.'"
1615,NSR,'The service will offer a dark mode option in addition to the default light theme.'
1253,NSR,'The portal should support pagination for large result sets to maintain performance.'
937,NSR,'The module shall log all system errors with sufficient context for post-incident analysis.'
1255,NSR,'The platform shall provide a RESTful API that allows external systems to trigger and retrieve authentication results.'
760,NSR,'The portal will be packaged as a Docker container for simple installation on supported platforms.'
1314,SR,'The tool shall use asymmetric encryption (ECC) for secure key exchange to mitigate the risk of data breaches.'
957,SR,'The framework will support automatic updates to malware signature databases in accordance with the security policy.'
1341,NSR,'The platform should maintain performance under peak load conditions of 10 simultaneous users.'
456,NSR,"'""On cards that support logical channels, if a MANAGE CHANNEL [open] is received:   If an Application is designated as implicitly selectable on the new Supplementary Logical Channel for the current card interface, that Application is implicitly selected on the newly opened Supplementary Logical Channel and runtime behavior requirements apply,   Otherwise the Application designated as implicitly selectable on the Basic Logical Channel for this card interface is implicitly selected on the newly opened Supplementary Logical Channel and runtime behavior requirements apply.""'"
1286,SR,'The tool will automatically log out inactive sessions after 10 minutes of inactivity using industry-standard cryptographic techniques.'
2044,NSR,'The application will support concurrent analysis of up to 5 simultaneous files without degradation.'
663,NSR,'The tool shall support concurrent analysis of up to 10 simultaneous tasks without degradation.'
718,SR,'The component shall encrypt data at rest using AES-256 to protect against unauthorized access to ensure compliance with security best practices.'
517,NSR,'During a Cancel Last Purchase transaction  the CEP card is authenticated by the PSAM in the POS device'
892,NSR,'The service shall generate detailed reports of authentication results in XML format.'
898,SR,'The platform will be easily updatable with security patches without disrupting service to mitigate the risk of data breaches.'
25,SR,"'The results from the scanning process must be reliable, which means minimum or no false positives'"
1895,SR,'The software will detect outdated or vulnerable third-party libraries in analyzed applications.'
35,NSR,'The system shall ensure that in the event of a crisis the patient is only required to press the power button three times thereby simplifying how the patient interacts with the system.  '
1416,NSR,'The software will allow users to filter and search through scan records efficiently.'
1984,NSR,'The system should run on any system that has .NET version 16 or later installed.'
669,SR,'The system must automatically generate detailed reports of detected command injection vulnerabilities to prevent exploitation by malicious actors.'
2476,NSR,'The service must provide fail-safe behavior that prevents data loss in the event of an unexpected shutdown.'
9,SR,"'The system shall allow that if the mobile phone is not present, some authentications are done by the user to obtain access to the system'"
1133,NSR,'The portal shall process submitted scans within 100 seconds under normal load conditions.'
721,SR,'The application must require PIN-based authentication for all administrative operations to mitigate the risk of data breaches.'
41,SR,'The system shall allow for checking data integrity '
941,SR,'The component will enforce network segmentation policies to limit lateral movement to prevent exploitation by malicious actors.'
1331,NSR,'The dashboard should allow export of scan findings to CSV for integration with ticketing systems.'
1342,SR,'The system must anonymize personally identifiable information before transmission in order to maintain system integrity.'
1117,SR,'The platform will detect distributed denial-of-service (DDoS) attack patterns in traffic in accordance with the security policy.'
1642,NSR,'The platform will require no platform-specific dependencies outside of the documented prerequisites.'
737,NSR,'The service must present scan results in a clear and easy-to-understand format.'
1254,SR,'The platform will require users to change default passwords upon first login in order to maintain system integrity.'
1367,NSR,'The service should include comprehensive inline code documentation and API documentation.'
87,NSR,'The system shall have an operation manual to guide the users on how it works. '
91,SR,'The system shall perform user re-verification using AVS and distinct security questions. '
1903,NSR,'The application must support Mandarin language localization for international users.'
960,SR,'The software must enforce HTTPS for all data transmission between client and server.'
747,SR,'The agent must identify unauthorized network devices connected to the internal network in accordance with the security policy.'
543,NSR,'The timing of payment to the merchant must be established between the merchant and the merchant acquirer'
671,NSR,'The portal must support concurrent analysis of up to 1000000 simultaneous queries without degradation.'
1838,SR,'The application should require certificate-based authentication for all administrative operations in accordance with the security policy.'
683,SR,'The application should alert administrators when trojans activity is detected in real time in order to maintain system integrity.'
1004,SR,'The system shall associate the embedded watermark with the author's registration number to ensure confidentiality and integrity of sensitive data.'
939,SR,'The system shall invalidate session tokens upon logout to prevent session hijacking to prevent exploitation by malicious actors.'
915,NSR,"'The software must allow administrators to create, read, update, and delete user accounts.'"
1841,SR,'The agent must associate the embedded watermark with the author's registration number using industry-standard cryptographic techniques.'
1572,NSR,'The platform will maintain performance under peak load conditions of 5 simultaneous users.'
1218,SR,'The module should detect anomalous network traffic patterns indicative of backdoors activity in order to maintain system integrity.'
676,NSR,'The software should support concurrent analysis of up to 50 simultaneous queries without degradation.'
1658,NSR,'The module shall support drag-and-drop file submission for ease of use.'
1471,NSR,'The service shall provide contextual help tooltips and user documentation throughout the interface.'
1441,SR,'The application will use HMAC-SHA-3 to authenticate API requests and prevent replay attacks to prevent exploitation by malicious actors.'
25,NSR,'The system must meet applicable regulatory requirements '
1635,NSR,'The platform must support concurrent analysis of up to 1000 simultaneous requests without degradation.'
598,NSR,'The terminal must generate a symmetric MACing key signature and send it to the merchant acquirer'
120,NSR,'On reception at the CNG of a message containing management information the CNG shall extract the timestamp or sequence number and verify that the message has not been replayed.'
1049,NSR,'The tool will scale horizontally to handle increased samples volume without reconfiguration.'
1322,SR,'The system should provide secure password reset functionality using verified email or OTP in accordance with the security policy.'
1222,SR,'The system shall limit login attempts to 5 consecutive failures before locking the account in accordance with the security policy.'
1501,NSR,'The platform must provide a centralized logging framework for debugging and system monitoring.'
1259,SR,'The framework must validate user credentials against the active directory before allowing access.'
38,SR,"'When packets come in through the NIC, the system should be able to detect traffic out of the norm.  '"
826,SR,'The system should detect distributed denial-of-service (DDoS) attack patterns in traffic in order to maintain system integrity.'
104,NSR,'The system shall apply a classification algorithm to classify processed tweets matching with the labelled tweets in the tweets corpus. '
794,SR,'The component should identify open ports and running services on the target network.'
794,SR,'The platform will protect private keys from unauthorized extraction or export.'
969,SR,'The component should monitor system calls to detect malware activity at runtime.'
881,NSR,'The interface shall scale horizontally to handle increased samples volume without reconfiguration.'
905,NSR,'The dashboard shall scale horizontally to handle increased scans volume without reconfiguration.'
27,SR,"'The system shall apply a mechanism to establish proof of identities, to verify who a particular user is.  '"
34,SR,'The system shall be able to authenticate the username and password '
1052,NSR,'The dashboard should generate detailed reports of analysis results in CSV format.'
2036,SR,'The system must implement hardware token authentication to prevent unauthorized access to ensure compliance with security best practices.'
19,NSR,'The manner in which the system functions should be easy and direct for the users of the system. '
307,NSR,'CNDs connected to the CPN and devoted to specific managed services shall be remotely manageable'
753,NSR,'The application will allow multiple users to collaborate on analysis within a shared workspace.'
941,NSR,'The platform should follow clean code principles and established design patterns for maintainability.'
1455,SR,'The agent will anonymize personally identifiable information before processing.'
2135,SR,'The platform must monitor file system changes to detect ransomware encryption activity in accordance with the security policy.'
55,NSR,"'The system offers ability to send and receive messages and files without losing part of the data, quality and exact size retaining. '"
856,SR,'The framework should detect port scanning activity originating from rogue nodes on the network to protect against unauthorized access.'
1175,SR,'The framework shall encrypt data at rest using RSA-2048 to protect against unauthorized access as part of the defence-in-depth security strategy.'
1421,NSR,'The portal will be deployable on Windows 10 and later operating systems without modification.'
746,NSR,'The dashboard should scale horizontally to handle increased queries volume without reconfiguration.'
1409,SR,'The agent shall capture and analyze HTTPS and TLS packets for signs of malicious activity to ensure confidentiality and integrity of sensitive data.'
1320,SR,'The system should detect distributed denial-of-service (DDoS) attack patterns in traffic.'
1280,SR,"'The tool shall classify identified vulnerabilities by severity level (critical, high, medium, low) to prevent exploitation by malicious actors.'"
1281,SR,'The component should test for broken authentication and session management vulnerabilities.'
708,SR,'The system shall detect cryptojacking activity by monitoring CPU usage and network connections as part of the defence-in-depth security strategy.'
1521,SR,'The platform must perform static analysis to identify potential broken authentication vulnerabilities as part of the defence-in-depth security strategy.'
618,NSR,'The portal shall be deployable on Windows 10 and later operating systems without modification.'
1039,SR,'The application will verify the authenticity of images by checking its embedded watermark to protect against unauthorized access.'
1814,SR,'The system will sign API responses to ensure integrity during transmission using industry-standard cryptographic techniques.'
1454,SR,'The service must mask sensitive confidential fields in logs and reports to protect against unauthorized access.'
660,SR,'The tool should verify digital signatures before processing received data to ensure compliance with security best practices.'
1329,NSR,'The portal must support virtualized environments including VMware and Hyper-V.'
53,NSR,'The system shall provide invisible digital watermarking devised with use of the Discrete Cosine Transformation which encompasses the factors of complex computations and robustness. '
1544,NSR,'The dashboard should provide a disaster recovery plan with a recovery time objective of 200 hours.'
1055,NSR,'The portal must be deployable on major Linux distributions operating systems without modification.'
1322,SR,"'The module must classify identified vulnerabilities by severity level (critical, high, medium, low).'"
1756,NSR,'The platform must support database schema migrations to allow incremental system upgrades.'
1385,NSR,'The service must maintain a false positive rate below 99% during authentication operations.'
1567,NSR,'The portal must include rollback capabilities to revert to a previous stable version if needed.'
1622,NSR,'The dashboard will be deployable on 64-bit Windows and Linux operating systems without modification.'
1347,NSR,'The application should run on any system that has Python version 11 or later installed.'
1014,NSR,'The software should be transferable between environments through a standard configuration export/import mechanism.'
1759,NSR,'The application must allow signature databases and detection rules to be updated without system restart.'
212,NSR,'The CNG Remote Management requires to manage a specific set of parameters. At least the following list of parameters shall be available: Customer Identification  Physical Line Identification  list of subscribed services  CNG IP address.'
914,NSR,"'The portal should be compatible with major cloud platforms including AWS, Azure, and Google Cloud.'"
1110,NSR,'The application should allow users to schedule automated scanning at configured intervals.'
1105,NSR,'The service shall allow users to customize dashboard layouts according to their preferences.'
1310,SR,'The software should implement secure communication channels using HTTPS protocol as part of the defence-in-depth security strategy.'
1390,SR,'The platform shall use TLS 1.3 or higher for all network communications to ensure compliance with security best practices.'
1511,SR,'The framework should apply a visible digital watermark to documents upon author submission to ensure compliance with security best practices.'
1388,NSR,'The platform shall allow export of analysis results to JSON format for offline review.'
1324,NSR,'The portal must provide a cross-platform command-line interface in addition to the GUI.'
792,SR,'The framework must embed an invisible digital watermark into video files to protect ownership in accordance with the security policy.'
1714,SR,'The framework should monitor file system changes to detect ransomware encryption activity to protect against unauthorized access.'
1105,SR,'The software will detect duplicate submissions of watermarked documents by different authors in order to maintain system integrity.'
801,SR,'The platform shall monitor HTTP(S) network traffic to detect security anomalies in accordance with the security policy.'
1267,NSR,'The dashboard will allow administrators to configure detection thresholds without modifying source code.'
1806,NSR,'The interface should achieve a detection accuracy of at least 90% on scans.'
2018,SR,'The framework shall provide a chain of custody record for all sensitive processed by the system to protect against unauthorized access.'
1477,NSR,'The software will provide a user-friendly graphical user interface (GUI) for ease of use.'
657,SR,'The module shall allow for safe fail-secure behavior whenever a security fault is detected.'
1402,NSR,"'The dashboard will be compatible with major cloud platforms including AWS, Azure, and Google Cloud.'"
796,NSR,'The portal shall maintain performance under peak load conditions of 100 simultaneous users.'
1797,SR,'The platform will block network communication from hosts identified as compromised.'
1820,NSR,"'The system shall provide a changelog documenting all updates, bug fixes, and new features.'"
86,SR,'The system shall authenticate the user with username and password. '
737,SR,'The system shall encrypt data at rest using 3DES to protect against unauthorized access using industry-standard cryptographic techniques.'
1761,SR,'The framework should identify unauthorized network devices connected to the internal network.'
677,SR,'The framework shall require two-factor authentication (2FA) for all administrative operations to prevent exploitation by malicious actors.'
1455,NSR,'The dashboard shall present a summary dashboard showing key scan metrics at a glance.'
1035,NSR,'The portal shall support automated unit and integration testing with a code coverage target of 85%.'
980,SR,'The application should monitor file system changes to detect ransomware encryption activity to ensure compliance with security best practices.'
638,SR,'The platform should detect and block connections to known malicious IP addresses and domains as part of the defence-in-depth security strategy.'
1436,SR,'The framework must perform static analysis to identify potential broken authentication vulnerabilities to protect against unauthorized access.'
1470,NSR,'The dashboard must achieve a detection accuracy of at least 99.9% on samples.'
1116,SR,'The system must generate and rotate encryption keys every 24 hours to minimize key exposure to ensure compliance with security best practices.'
1184,SR,'The software must automatically log out inactive sessions after 15 minutes of inactivity to ensure compliance with security best practices.'
1030,NSR,'The application will provide a notification system that alerts users when detection is complete.'
1858,NSR,'The system must have a clean and intuitive interface that requires minimal training to operate.'
91,NSR,'The system shall  allow for provision of good quality online services making it easy to use since an interactive GUI will be delivered. '
762,NSR,'The system shall present a summary dashboard showing key system health metrics at a glance.'
1647,NSR,'The dashboard should provide a simple three-step workflow for report generation tasks.'
1507,SR,'The software shall support automatic updates to malware signature databases in order to maintain system integrity.'
759,SR,'The tool must detect the presence of keyloggers in submitted scripts in accordance with the security policy.'
1263,NSR,'The interface should validate input data before processing to prevent crashes from malformed input.'
60,NSR,'The system shall be able to allow the model as it learns new features it should also be able to learn in real-time from user actions like moving an email to spam and from spam folders interchangeably.'
2047,NSR,'The tool must maintain backward compatibility with previous versions of the API.'
59,SR,'The system shall allow user authentication process to be done through  trusted parties via the internet '
2261,NSR,'The tool shall scale horizontally to handle increased requests volume without reconfiguration.'
1052,NSR,'The tool will use less than 4MB of RAM during standard operation.'
1398,SR,'The application must store user passwords using SHA-3 hashing with unique salts in accordance with the security policy.'
606,SR,'The system must protect the integrity of key transaction data including transaction identification  currency code and amount. If tampering is suspected  the system must cause the transaction to fail'
1726,NSR,'The module will provide a RESTful API that allows external systems to trigger and retrieve authentication results.'
2887,NSR,'The dashboard should use less than 2MB of RAM during standard operation.'
1371,NSR,'The tool must provide a responsive design compatible with both desktop and mobile browsers.'
37,NSR,'System should utilize a centralized database '
1111,SR,'The service shall detect unauthorized modifications to critical system files to ensure compliance with security best practices.'
1489,NSR,'The system should display real-time authentication status updates without requiring page refresh.'
940,SR,'The tool must implement secure communication channels using SSH protocol using industry-standard cryptographic techniques.'
1190,NSR,'The dashboard will have a clean and intuitive interface that requires minimal training to operate.'
914,NSR,'The dashboard shall support redundant database configurations to prevent data loss.'
1822,SR,'The platform will generate integrity reports for financial stored in the system in order to maintain system integrity.'
60,NSR,'The system shall be easy to learn that its operation can be learned by observing the software or system. '
2478,SR,"'The system shall enforce password complexity requirements including uppercase, lowercase, numbers, and special characters to prevent exploitation by malicious actors.'"
136,NSR,'The CNG and the CPN shall be able to support parental control related functionalities limiting the use of the broadband connection on a user or time basis. Limitations on a content basis may be shared with devoted network servers.'
1349,NSR,'The interface shall display clear error messages that guide the user toward resolution.'
1057,NSR,'The platform must allow users to schedule automated monitoring at configured intervals.'
1568,SR,'The system must implement secure communication channels using TLS protocol to ensure confidentiality and integrity of sensitive data.'
2427,SR,'The tool must provide secure password reset functionality using verified email or OTP using industry-standard cryptographic techniques.'
1443,SR,'The platform must enforce network segmentation policies to limit lateral movement.'
1188,NSR,'The system should achieve an uptime of at least 1% measured over a rolling monthly period.'
742,NSR,'The software shall provide a simple three-step workflow for file submission tasks.'
1125,SR,'The system will be easily updatable with security patches without disrupting service to prevent exploitation by malicious actors.'
1486,SR,'The component will digitally sign all configuration to ensure authenticity and non-repudiation to mitigate the risk of data breaches.'
2165,NSR,'The tool must support bulk submission of tasks for batch authentication processing.'
1863,NSR,'The service will complete database queries in under 30 milliseconds for datasets of up to 5 records.'
872,NSR,'The interface shall display progress indicators during long-running analysis operations.'
892,NSR,'The tool should send a confirmation email to newly registered users with an activation link.'
1259,SR,'The application must monitor file system changes to detect ransomware encryption activity to protect against unauthorized access.'
2710,NSR,'The tool will allow users to view the history of previously submitted applications.'
2239,NSR,'The interface must display real-time malware analysis status updates without requiring page refresh.'
2687,NSR,'The portal should provide a user-friendly graphical user interface (GUI) for ease of use.'
662,NSR,'The interface will allow users to filter and search through vulnerability records efficiently.'
1806,SR,'The system must generate integrity reports for session stored in the system to protect against unauthorized access.'
58,NSR,'The system has clearly defined links and buttons that show the various functionalities that the user may require. '
1619,NSR,'The application must scale horizontally to handle increased applications volume without reconfiguration.'
889,SR,'The system shall implement end-to-end encryption for medical messages.'
1775,SR,'The agent must apply a visible digital watermark to video files upon author submission in accordance with the security policy.'
1352,SR,'The system must require LDAP authentication for all administrative operations using industry-standard cryptographic techniques.'
24,SR,'The system should be developed with future upgrades and additional functionality being added to a later date '
1720,NSR,'The portal will be accessible to users with disabilities by adhering to WCAG 2.1 guidelines.'
1650,NSR,'The portal should achieve a throughput of at least 100 files per hour in production.'
348,SR,'Secure memory management shall ensure that The previous contents of the memory is not accessible when that memory is reused'
777,NSR,'The module should allow users to schedule automated malware analysis at configured intervals.'
1819,SR,'The tool shall detect polymorphic and obfuscated cryptomining malware variants to mitigate the risk of data breaches.'
1614,SR,'The application shall monitor HTTPS and TLS network traffic to detect security anomalies in accordance with the security policy.'
1134,SR,'The component should prevent downgrade attacks by enforcing minimum WPA3 version requirements in order to maintain system integrity.'
2273,SR,'The component must implement account lockout mechanisms after repeated failed login attempts to ensure compliance with security best practices.'
1331,SR,'The system should implement secure communication channels using SFTP protocol to protect against unauthorized access.'
1194,SR,'The tool shall perform regular automated vulnerability scans against the deployed application using industry-standard cryptographic techniques.'
1371,SR,'The framework shall analyze scripts behavior in an isolated sandbox environment using industry-standard cryptographic techniques.'
1728,SR,'The system will associate the embedded watermark with the author's registration number using industry-standard cryptographic techniques.'
2732,NSR,'The platform will provide a user-friendly graphical user interface (GUI) for ease of use.'
1301,SR,'The application shall implement account lockout mechanisms after repeated failed login attempts in accordance with the security policy.'
1677,SR,'The module shall implement certificate pinning to prevent insecure deserialization attacks using industry-standard cryptographic techniques.'
817,NSR,'The portal should provide a simple three-step workflow for account management tasks.'
1015,SR,'The component shall identify open ports and running services on the target network to protect against unauthorized access.'
1234,NSR,'The software shall allow authenticated users to upload files for analysis.'
2403,SR,'The system will generate behavioral reports for mobile apps executed in the sandbox to mitigate the risk of data breaches.'
29,SR,'The system guarantees reliability and availability because the tools used in developing the system (Apache Kafka and Apache Storm) allows the system to be resilient to failure and to be available all the time. '
2098,SR,'The framework must generate and rotate encryption keys every 24 hours to minimize key exposure to ensure compliance with security best practices.'
2470,NSR,'The platform should allow authenticated users to upload scans for analysis.'
1614,SR,'The service will correlate network events against threat intelligence blacklists as part of the defence-in-depth security strategy.'
722,NSR,'The service shall use version control best practices including branching strategies and commit conventions.'
1084,NSR,'The dashboard must integrate with third-party cloud storage platforms via SAML.'
981,SR,'The software should support automatic updates to malware signature databases as part of the defence-in-depth security strategy.'
664,SR,'The agent shall generate integrity reports for authentication stored in the system in accordance with the security policy.'
1260,SR,'The tool will detect duplicate submissions of watermarked audio files by different authors to mitigate the risk of data breaches.'
788,NSR,'The platform must support concurrent analysis of up to 50 simultaneous tasks without degradation.'
1501,SR,'The system must perform regular automated vulnerability scans against the deployed application as part of the defence-in-depth security strategy.'
1630,SR,'The system should use AES-128 with a 128-bit key to protect stored confidential to protect against unauthorized access.'
141,NSR,'The CNG shall support different IP address schemes and subnets on the same physical LAN port  and on different LAN ports  irrespective of routed or bridged mode of operation  allowing the direct addressability of CNDs from the NGN side in relation to data plane  control plane and management plane flows.'
904,SR,'The software will detect and block connections to known malicious IP addresses and domains in accordance with the security policy.'
1045,SR,'The application will digitally sign all personal to ensure authenticity and non-repudiation using industry-standard cryptographic techniques.'
771,SR,'The module must identify and report XXE injection injection points in target applications to mitigate the risk of data breaches.'
1,NSR,'The system shall analyze the detected vulnerability '
1677,SR,'The application should enforce password complexity requirements including at least 12 characters with complexity rules in order to maintain system integrity.'
2431,SR,'The tool must enforce network segmentation policies to limit lateral movement.'
882,SR,'The system shall implement certificate-based authentication to prevent unauthorized access.'
337,NSR,'The Application Provider is responsible for Providing applications that meet the Card Issuer's security standards and policies'
2101,SR,'The system must scan submitted code for SSRF security flaws.'
2361,SR,'The framework should use HMAC-SHA-256 to authenticate API requests and prevent replay attacks.'
835,NSR,'The system will allow users to schedule automated analysis at configured intervals.'
1078,SR,'The module will encrypt data at rest using ChaCha20-Poly1305 to protect against unauthorized access in accordance with the security policy.'
2020,NSR,'The platform must allow authenticated users to upload requests for analysis.'
1555,NSR,'The system must backup critical incident data every 90-day to a secure offsite location.'
828,NSR,'The platform should allow administrators to generate activity reports filtered by user.'
697,NSR,'The portal will offer a dark mode option in addition to the default light theme.'
206,NSR,'It shall be possible to configure the CNG (e.g. firmware downloading) according to the subscribed services. This operation may be performed when the CNG is connected to the network for the first time  for each new service subscription/modification  or for any technical management (e.g. security  patches  etc.).'
1697,NSR,"'The interface shall be compatible with major cloud platforms including AWS, Azure, and Google Cloud.'"
61,NSR,'The system shall be user friendly and easy to use as it is based and implemented on a website and has an interactive interface.  '
1605,SR,'The agent must require hardware token authentication for all administrative operations as part of the defence-in-depth security strategy.'
746,NSR,'The portal should display real-time detection status updates without requiring page refresh.'
1490,SR,'The system will use asymmetric encryption (RSA-2048) for secure key exchange to mitigate the risk of data breaches.'
649,SR,'The framework will test for broken authentication and session management vulnerabilities using industry-standard cryptographic techniques.'
1315,SR,'The system will validate input sanitization to prevent SSRF injection attacks in order to maintain system integrity.'
1714,NSR,'The module shall integrate with third-party CI/CD platforms via OAuth 2.0.'
179,NSR,'STB or media gateways should be equipped with a programmable open API allowing the implementation of specific service logics.'
803,SR,'The system must mask sensitive user fields in logs and reports to prevent exploitation by malicious actors.'
37,SR,'The system should be able to reject access to the person who presents the tag that belongs to someone else in high probability '
719,NSR,'The software must provide a responsive design compatible with both desktop and mobile browsers.'
58,SR,'The system has got an audit or logging mechanism which enables the user to check and view if there were other malicious activities that have been happening when after they logged out of the system.  '
1578,SR,'The agent shall verify the authenticity of video files by checking its embedded watermark.'
620,NSR,'The system should support concurrent analysis of up to 1000 simultaneous files without degradation.'
579,NSR,'Currency exchange rate fluctuations may increase the card issuers liability. The card issuer must be able to adjust maximum balances to bring them in line with their policies. The card issuer may update the maximum balances as part of a load  a partial unload  and a currency exchange transaction. On a currency exchange transaction  only the Ã¯Â¿Â½??toÃ¯Â¿Â½?Ã¯Â¿Â½ currency maximum balance may be updated'
2371,SR,'The tool should embed an invisible digital watermark into documents to protect ownership in order to maintain system integrity.'
1621,SR,'The agent shall enforce data retention policies by automatically purging sensitive records after 90 days as part of the defence-in-depth security strategy.'
327,NSR,'The primary goal of the GlobalPlatform is to ensure the security and integrity of the card's components for the life of the card. These components are The runtime environment The OPEN The Issuer Security Domain Supplementary Security Domains  The Applications.'
747,SR,'The module shall store user passwords using SHA-3 hashing with unique salts in accordance with the security policy.'
1391,SR,'The agent shall allow for safe fail-secure behavior whenever a security fault is detected.'
862,SR,'The agent shall detect SSL/TLS misconfigurations and expired certificates in target systems to prevent exploitation by malicious actors.'
2026,NSR,'The portal should generate automated summary emails of daily vulnerability assessment activities.'
981,NSR,'The tool will support pagination for large result sets to maintain performance.'
1696,SR,'The service shall identify unauthorized network devices connected to the internal network.'
2754,SR,'The agent must generate cryptographically secure session tokens for each authenticated user in order to maintain system integrity.'
24,NSR,'The system should be useful to enhance with further technology in future to improve its features compared to the existing system. '
1406,SR,'The application must classify detected ransomware into known malware families.'
948,NSR,'The system must support German language localization for international users.'
619,SR,'The framework must invalidate session tokens upon logout to prevent session hijacking to ensure compliance with security best practices.'
872,SR,'The component must be easily updatable with security patches without disrupting service to prevent exploitation by malicious actors.'
1632,SR,'The tool shall provide secure password reset functionality using verified email or OTP to prevent exploitation by malicious actors.'
526,NSR,'Each PSAM must maintain a transaction count  The unique PSAM ID and the transaction count are used during a conversation with a CEP card. The transaction count must not be reset during the life of the PSAM'
2059,SR,'The application shall implement end-to-end encryption for financial messages in accordance with the security policy.'
1123,NSR,'The module should have a clean and intuitive interface that requires minimal training to operate.'
626,SR,'The module shall monitor system calls to detect spyware activity at runtime to protect against unauthorized access.'
1532,SR,'The application shall use HMAC-SHA-256 to authenticate API requests and prevent replay attacks using industry-standard cryptographic techniques.'
1538,SR,'The module must generate behavioral reports for binary files executed in the sandbox in accordance with the security policy.'
2519,NSR,'The software must be containerized using Docker for consistent deployment across environments.'
62,SR,'The system database must be located in a special secure server and must be backups to other servers directly at specific times to avoid loss and damage of data '
375,NSR,'The back-end systems (multiple back-end systems may exist for a single card)  which communicate with the cards  perform the verifications  and manage the off-card key databases  also shall be trusted.'
2182,SR,'The tool should detect duplicate submissions of watermarked images by different authors.'
2192,NSR,'The tool will display progress indicators during long-running analysis operations.'
1430,NSR,'The software will perform automated health checks every 15 seconds and alert on anomalies.'
21,NSR,'The system shall take a short time to respond to a command to encrypt and decrypt data '
1807,SR,'The application will apply a visible digital watermark to documents upon author submission using industry-standard cryptographic techniques.'
924,SR,'The system must integrate with existing SIEM systems for centralized security monitoring in order to maintain system integrity.'
2846,NSR,'The portal should process submitted tasks within 15 seconds under normal load conditions.'
642,SR,'The platform should monitor DNS queries to detect data exfiltration and domain generation algorithms using industry-standard cryptographic techniques.'
29,NSR,'The system should be able to provide visualization in terms of graphs. '
1905,SR,'The framework will detect man-in-the-middle attacks through certificate validation monitoring.'
2644,NSR,'The module should generate analysis reports in under 30 seconds for typical tasks.'
1398,SR,'The application must scan submitted code for XSS (Cross-Site Scripting) security flaws in order to maintain system integrity.'
883,SR,'The framework shall identify unauthorized network devices connected to the internal network to prevent exploitation by malicious actors.'
2071,NSR,'The dashboard should allow users to filter and search through configuration records efficiently.'
1082,NSR,"'The application shall provide a changelog documenting all updates, bug fixes, and new features.'"
867,SR,'The platform must enforce password complexity requirements including at least 12 characters with complexity rules to protect against unauthorized access.'
1372,SR,'The platform must prevent downgrade attacks by enforcing minimum IPSec version requirements using industry-standard cryptographic techniques.'
716,SR,'The software must use asymmetric encryption (RSA-4096) for secure key exchange in accordance with the security policy.'
801,SR,'The module should detect anomalous network traffic patterns indicative of trojans activity to mitigate the risk of data breaches.'
978,NSR,'The module will support multi-tenancy so multiple organizations can use the system independently.'
1407,NSR,'The interface should allow administrators to generate activity reports filtered by project.'
29,SR,'The system should ensure that there is maximum confidentiality and safety assurance on the information.  '
1085,NSR,'The service must provide a disaster recovery plan with a recovery time objective of 60 hours.'
1372,SR,'The module will classify detected spyware into known malware families using industry-standard cryptographic techniques.'
1082,NSR,'The tool should be implemented using a modular architecture to facilitate independent component updates.'
84,NSR,'GPS tracking feature shall enable real-time fleet-management. '
2946,NSR,'The service shall maintain a false positive rate below 90% during reporting operations.'
1297,NSR,'The dashboard must allow users to filter and search through user records efficiently.'
25,SR,'The system shall allow every history of scans to be recoverable in case of system interrupt'
748,NSR,'The dashboard shall use less than 8MB of RAM during standard operation.'
16,NSR,'The system shall be able to show all the business units that are registered afore user make a selection '
1323,NSR,'The service will require no platform-specific dependencies outside of the documented prerequisites.'
2546,NSR,'The interface must be accessible to users with disabilities by adhering to WCAG 2.1 guidelines.'
1379,SR,'The tool must sign API responses to ensure integrity during transmission in accordance with the security policy.'
866,NSR,'The dashboard shall maintain a consistent visual design across all screens and modules.'
20,NSR,'The user interface for the software shall be compatible to any android mobile device by which the user can access to the system. '
1490,NSR,'The interface shall process submitted scans within 100 seconds under normal load conditions.'
1820,NSR,'The interface shall respond to user interface interactions within 100 milliseconds.'
162,NSR,'It should be possible for a service profile to be associated with each identity within a CPN subscription.'
629,NSR,'The portal shall support bulk submission of files for batch scanning processing.'
57,NSR,'The system shall be able to recognize the faces detected with the image. '
687,SR,'The component will detect SSL/TLS misconfigurations and expired certificates in target systems to prevent exploitation by malicious actors.'
1342,NSR,'The software should maintain performance under peak load conditions of 20 simultaneous users.'
69,NSR,'The system shall allow monitoring of growth and healthcare issues pertaining to a baby and its mother. '
1036,NSR,'The interface should provide a notification system that alerts users when reporting is complete.'
1492,SR,'The software will analyze HTTP requests and responses to detect insecure deserialization attack patterns to prevent exploitation by malicious actors.'
990,NSR,'The tool shall allow users to customize dashboard layouts according to their preferences.'
1929,NSR,'The dashboard should achieve a throughput of at least 1000000 applications per hour in production.'
694,SR,'The software must enforce password complexity requirements including a minimum of 8 characters including alphanumeric and special characters to prevent exploitation by malicious actors.'
1085,SR,'The system must enforce hardware token authentication before granting access to protected resources to prevent exploitation by malicious actors.'
2383,SR,'The software must restrict access to configuration based on the user's clearance level as part of the defence-in-depth security strategy.'
1801,NSR,'The service should display progress indicators during long-running analysis operations.'
1943,NSR,'The application must maintain a consistent visual design across all screens and modules.'
27,NSR,'The system shall allow pairing of smartphone with the laptop. '
84,NSR,'The system shall take initial Load time depending on the strength of the internet connection which also depends on the media from which the apps run from '
2938,NSR,'The platform must provide a disaster recovery plan with a recovery time objective of 60 hours.'
1289,SR,'The platform will generate and rotate encryption keys every 6 months to minimize key exposure in accordance with the security policy.'
1701,NSR,'The service must be accessible to users with disabilities by adhering to WCAG 2.1 guidelines.'
2292,NSR,'The service shall maintain a consistent visual design across all screens and modules.'
1834,NSR,'The platform must present a summary dashboard showing key vulnerability metrics at a glance.'
991,SR,'The system must associate the embedded watermark with the author's registration number to mitigate the risk of data breaches.'
95,NSR,'The system shall be efficient as it will be able to do near real-time anomaly detection instead of batch processing giving results almost instantly. '
4,SR,"'The application will be available as a standalone application which will be installed on users virtual machines and thus will not be affected by network availability, '"
2305,NSR,'The platform should display real-time vulnerability assessment status updates without requiring page refresh.'
1781,NSR,'The service shall achieve an uptime of at least 5% measured over a rolling weekly period.'
66,NSR,'The career recommender should be simple and user friendly. '
31,NSR,'The system can be reliably used on any device that meets the specified hardware and software requirements. '
59,SR,"'The system will be using local Microsoft based certificates, thus the intention is to ensure availability of the certificate authority at all times.'"
869,NSR,'The dashboard shall support Arabic language localization for international users.'
2706,NSR,'The portal shall achieve a detection accuracy of at least 99.9% on queries.'
1616,NSR,'The service must achieve a detection accuracy of at least 95% on requests.'
22,SR,'The system shall show Logs investigator activity '
19,SR,'The system should time out after a set period of inactivity'
2068,SR,'The agent must protect private keys from unauthorized extraction or export to ensure compliance with security best practices.'
1146,NSR,'The tool will achieve an uptime of at least 90% measured over a rolling weekly period.'
1496,SR,'The system must identify and classify backdoors samples based on behavioral signatures.'
674,NSR,'The system shall provide a centralized logging framework for debugging and system monitoring.'
81,NSR,'The system shall provide ease of use.'
1523,NSR,'The dashboard should require no platform-specific dependencies outside of the documented prerequisites.'
1957,SR,'The application must monitor DNS queries to detect data exfiltration and domain generation algorithms to mitigate the risk of data breaches.'
1584,NSR,'The interface shall consume no more than 80% of available CPU resources during idle monitoring.'
1452,NSR,"'The dashboard must allow administrators to create, read, update, and delete user accounts.'"
1143,SR,'The module will detect insecure deserialization vulnerabilities in submitted web applications to mitigate the risk of data breaches.'
1514,NSR,'The tool will allow authenticated users to upload applications for analysis.'
1901,SR,'The component shall generate and rotate encryption keys every 90 days to minimize key exposure to ensure compliance with security best practices.'
1434,NSR,'The interface must present a summary dashboard showing key detection metrics at a glance.'
28,NSR,"'The system shall allow new accounts for patients, medical centres and health practitioners to be created. '"
1031,SR,'The tool should prevent unauthorized access to sensitive personal through access controls using industry-standard cryptographic techniques.'
2129,SR,"'The application should classify identified vulnerabilities by severity level (critical, high, medium, low) in accordance with the security policy.'"
1632,SR,'The tool must monitor system calls to detect backdoors activity at runtime using industry-standard cryptographic techniques.'
1854,SR,"'The system shall classify identified vulnerabilities by severity level (critical, high, medium, low) to prevent exploitation by malicious actors.'"
40,NSR,'The system shall learn how a spam and good email look like for future classification through the use if machine learning algorithms '
1347,NSR,'The application must separate configuration from code to allow environment-specific deployments.'
1261,NSR,'The dashboard shall maintain a structured database of known vulnerability signatures and indicators.'
1187,SR,'The system should mask sensitive session fields in logs and reports to mitigate the risk of data breaches.'
818,NSR,'The system shall provide a RESTful API that allows external systems to trigger and retrieve reporting results.'
1190,SR,'The module shall scan submitted code for SQL Injection security flaws.'
8,SR,'The system shall allow background processes to monitor for any scan and relay information to the registry about any unusual activities '
989,NSR,'The tool should generate automated summary emails of daily detection activities.'
1629,NSR,'The application shall complete database queries in under 30 milliseconds for datasets of up to 1000000 records.'
702,NSR,'The module should provide a user-friendly graphical user interface (GUI) for ease of use.'
1536,NSR,'The portal will allow signature databases and detection rules to be updated without system restart.'
69,SR,"'The system will be used at a national level offering reliability, however, it is hard to balance development time but it provides maturity, fault tolerance and recoverability. '"
1944,SR,'The tool shall embed an invisible digital watermark into documents to protect ownership.'
2891,SR,'The agent will implement certificate pinning to prevent format string attacks in order to maintain system integrity.'
821,SR,'The framework must capture and analyze TLS packets for signs of malicious activity.'
117,SR,'On reception at the CNG of a message to access configuration information for update and detection of authorization failure the CNG shall reject the request and manage the failure in accordance with the CPN authorization management handling policy.'
918,SR,'The system shall detect SQL Injection vulnerabilities in submitted web applications using industry-standard cryptographic techniques.'
1125,NSR,'The module will achieve an uptime of at least 80% measured over a rolling monthly period.'
802,NSR,'The service must use version control best practices including branching strategies and commit conventions.'
2284,NSR,'The dashboard must allow users to set and manage analysis thresholds and alert rules.'
97,SR,'The system shall allow room for error recovery '
919,NSR,'The platform must be implemented using a modular architecture to facilitate independent component updates.'
33,SR,'The system shall be able to block any illegitimate detections so as to render efficiently utilise system resources. '
798,SR,'The component must enforce the principle of least privilege across all user roles as part of the defence-in-depth security strategy.'
811,SR,'The tool must capture and analyze DNS packets for signs of malicious activity to protect against unauthorized access.'
939,SR,'The system must validate input sanitization to prevent format string injection attacks in accordance with the security policy.'
15,SR,'The system shall allow that the features be extracted when the user logs in and a similarity match done to check the authenticity of the user and if a match is successful the user will be granted access or denied in the event of a mismatch. '
1266,NSR,'The application should provide a RESTful API that allows external systems to trigger and retrieve monitoring results.'
759,SR,'The software shall detect anomalous network traffic patterns indicative of cryptomining malware activity.'
1777,SR,'The service will provide a chain of custody record for all confidential processed by the system using industry-standard cryptographic techniques.'
1156,SR,'The service must identify and classify keyloggers samples based on behavioral signatures in order to maintain system integrity.'
1677,SR,'The application should limit login attempts to 10 consecutive failures before locking the account to prevent exploitation by malicious actors.'
2544,SR,'The framework must protect private keys from unauthorized extraction or export.'
1035,NSR,'The interface will process submitted requests within 60 seconds under normal load conditions.'
967,NSR,'The portal should be deployable on Ubuntu 20.04 and later operating systems without modification.'
85,SR,'The system shall blacklist any user that has done identity theft. '
1222,NSR,'The application shall send a confirmation email to newly registered users with an activation link.'
2789,SR,'The service should integrate with existing SIEM systems for centralized security monitoring in accordance with the security policy.'
429,NSR,'An Application installed or made selectable with the Card Reset privilege and no Implicit Selection parameter is registered in the GlobalPlatform Registry as the implicitly selectable Application on the Basic Logical Channel for all card I/O interfaces supported by the card if no other Application (other than the Issuer Security Domain) is already registered as implicitly selectable on the Basic Logical Channel of any card I/O interface'
913,SR,'The tool will embed an invisible digital watermark into audio files to protect ownership in order to maintain system integrity.'
1684,SR,'The tool will verify the integrity of sensitive using cryptographic checksums.'
713,SR,'The agent will detect outdated or vulnerable third-party libraries in analyzed applications in order to maintain system integrity.'
15,NSR,'The system shall enable unique features to be extracted using datasets. '
642,SR,'The component will correlate network events against threat intelligence blacklists.'
1406,NSR,'The platform must achieve an uptime of at least 80% measured over a rolling 90-day period.'
816,NSR,'The portal shall allow export of scan findings to HTML for integration with ticketing systems.'
298,NSR,'In case of managed services  QoS rules applied by CNG shall be configurable by a remote management system'
1827,SR,'The system shall encrypt data at rest using ChaCha20-Poly1305 to protect against unauthorized access.'
1194,SR,'The software should alert on connections to known cryptocurrency mining pool endpoints to protect against unauthorized access.'
797,SR,'The module will enforce multi-factor authentication (MFA) before granting access to protected resources in accordance with the security policy.'
55,NSR,'The system shall integrate the instructions procedures or operations guide into the deliverables so that whenever one fails to perform a certain action he/she has somewhere to refer to. '
1220,NSR,'The module will support database schema migrations to allow incremental system upgrades.'
767,SR,'The service must alert administrators when ransomware activity is detected in real time to mitigate the risk of data breaches.'
1405,NSR,'The service will allow multiple users to collaborate on vulnerability assessment within a shared workspace.'
1757,NSR,'The application should minimize latency in real-time monitoring mode to under 200 milliseconds.'
1305,NSR,'The portal must allow users to view the history of previously submitted queries.'
1682,SR,'The framework shall implement certificate pinning to prevent command injection attacks in accordance with the security policy.'
688,SR,'The system should identify and classify spyware samples based on behavioral signatures in accordance with the security policy.'
1665,SR,'The application shall provide a chain of custody record for all authentication processed by the system to prevent exploitation by malicious actors.'
1253,NSR,'The service shall scale horizontally to handle increased files volume without reconfiguration.'
2204,SR,'The tool shall alert on connections to known cryptocurrency mining pool endpoints in order to maintain system integrity.'
942,SR,'The agent must securely store encryption keys in a dedicated key management system.'
1027,SR,'The module shall block network communication from hosts identified as compromised in order to maintain system integrity.'
1052,NSR,'The platform will complete database queries in under 15 milliseconds for datasets of up to 1000 records.'
190,NSR,'The CNG and the CPN shall support adequate Quality of Service mechanisms (e.g. prioritize the traffic in the event that there is not sufficient bandwidth in the customer network in order to ensure the correct network performances to each traffic flow). To achieve this objective a number of functionalities shall be supported by CNG and/or CNDs  as defined in the following bullets. Most of the following set of requirements is defined adopting as a reference the Home Gateway Initiative (HGI) Release 1 Specification mentioned in clause 2 [6].'
2393,NSR,'The portal should display results in both tabular and graphical chart formats.'
1055,NSR,'The service will be containerized using Docker for consistent deployment across environments.'
905,NSR,'The platform shall allow multiple users to collaborate on malware analysis within a shared workspace.'
221,NSR,'The CND/CNG shall support a mechanism allowing the user to manually modify the association between a public identity (e.g. phone number) and a specific private identity corresponding to a single customer device not provided with a UICC and corresponding also to legal service level agreements between the user and the service provider.'
870,SR,'The application should anonymize personally identifiable information before processing as part of the defence-in-depth security strategy.'
27,NSR,'The system shall use Bluetooth a wireless technology for the transmission of data among two devices in close proximity of each other '
655,SR,'The platform should enforce HTTPS for all data transmission between client and server.'
1432,SR,'The framework must identify open ports and running services on the target network.'
1067,NSR,'The application will support concurrent analysis of up to 50 simultaneous samples without degradation.'
802,NSR,'The dashboard must generate automated summary emails of daily reporting activities.'
2009,SR,'The tool will anonymize personally identifiable information before transmission to ensure confidentiality and integrity of sensitive data.'
643,NSR,'The tool should validate input data before processing to prevent crashes from malformed input.'
1035,NSR,'The dashboard should support import of threat intelligence feeds in PDF format.'
42,NSR,'The system shall be able to ensure the performance of the classifier is determined by the bandwidth of the receiver but the classifier takes no time in processing the text contents of the email '
2067,NSR,'The service should allow export of analysis results to CSV format for offline review.'
1,NSR,'The system shall inspect SSL certificate '
3073,SR,'The system will limit login attempts to 5 consecutive failures before locking the account using industry-standard cryptographic techniques.'
691,NSR,'The tool must maintain performance under peak load conditions of 5 simultaneous users.'
1648,NSR,'The tool shall provide a RESTful API that allows external systems to trigger and retrieve monitoring results.'
1947,NSR,'The application will maintain a false positive rate below 90% during reporting operations.'
1374,SR,'The platform must generate behavioral reports for uploaded files executed in the sandbox in accordance with the security policy.'
44,SR,'The system should allow use of stringent passwords and different view levels to control access to data to reduce electronic fraudulent activities and unauthorized access to data. '
95,SR,'The system shall guarantee reliability and resilient to failure '
1175,NSR,'The portal should generate analysis reports in under 24 seconds for typical tasks.'
1290,SR,'The platform will be easily updatable with security patches without disrupting service to ensure compliance with security best practices.'
990,SR,'The platform should implement secure communication channels using HTTPS protocol to mitigate the risk of data breaches.'
1068,NSR,'The service shall integrate with third-party email platforms via OAuth 2.0.'
2346,SR,"'The module should classify identified vulnerabilities by severity level (critical, high, medium, low) to ensure compliance with security best practices.'"
1517,NSR,'The portal shall be packaged as a Docker container for simple installation on supported platforms.'
1633,NSR,'The platform must process submitted tasks within 2 seconds under normal load conditions.'
862,NSR,'The portal shall provide a role management interface for assigning permissions to user groups.'
686,SR,'The service should monitor DNS queries to detect data exfiltration and domain generation algorithms to mitigate the risk of data breaches.'
1815,SR,'The module must automatically generate detailed reports of detected insecure deserialization vulnerabilities to ensure compliance with security best practices.'
1689,NSR,'The service must maintain performance under peak load conditions of 50 simultaneous users.'
1557,SR,'The software should capture and analyze HTTPS and TLS packets for signs of malicious activity as part of the defence-in-depth security strategy.'
1329,NSR,'The dashboard will perform automated health checks every 100 seconds and alert on anomalies.'
1449,SR,'The software will generate cryptographically secure session tokens for each authenticated user to protect against unauthorized access.'
1025,SR,'The agent will securely store encryption keys in a dedicated key management system as part of the defence-in-depth security strategy.'
421,NSR,'If the card only supports the Basic Logical Channel and has no concept of logical channel support  the command shall be dispatched to the selected Application for processing.'
1422,SR,'The framework must enforce password complexity requirements including a minimum of 8 characters including alphanumeric and special characters as part of the defence-in-depth security strategy.'
1333,NSR,'The interface shall allow administrators to generate activity reports filtered by project.'
1855,NSR,"'The module will allow users to register an account by providing their name, email, and department.'"
1549,SR,'The platform must integrate with existing SIEM systems for centralized security monitoring to mitigate the risk of data breaches.'
2252,NSR,'The portal should generate analysis reports in under 10 seconds for typical queries.'
885,NSR,'The tool must allow export of analysis results to Excel (XLSX) format for offline review.'
1517,SR,'The software should generate cryptographically secure session tokens for each authenticated user in order to maintain system integrity.'
783,NSR,'The portal shall allow users to annotate and comment on reporting findings for team collaboration.'
1023,SR,'The software will validate user credentials against the LDAP directory before allowing access to protect against unauthorized access.'
1296,SR,'The agent will analyze Windows executables behavior in an isolated sandbox environment to mitigate the risk of data breaches.'
2746,NSR,'The dashboard must provide an audit trail of all administrative actions performed in the system.'
667,NSR,'The platform shall support concurrent analysis of up to 1000 simultaneous scans without degradation.'
1819,NSR,'The portal should operate efficiently on systems with as little as 4GB of available RAM.'
95,SR,'The system shall allow access to authorised users only. '
1181,SR,'The service must enforce password complexity requirements including at least 12 characters with complexity rules to ensure confidentiality and integrity of sensitive data.'
143,NSR,'The CNG shall support use of one user identity on several terminals as well as to share one terminal with several identities.'
1759,SR,'The software will perform regular automated vulnerability scans against the deployed application to ensure confidentiality and integrity of sensitive data.'
1088,NSR,'The module should be implemented using a modular architecture to facilitate independent component updates.'
36,NSR,'The system shall be able to allocate examination time for applicants '
1098,NSR,'The interface will operate efficiently on systems with as little as 4GB of available RAM.'
929,NSR,'The platform must scale horizontally to handle increased applications volume without reconfiguration.'
89,NSR,'The system shall  display message for blocked website to user. '
1340,NSR,'The dashboard shall be implemented using a modular architecture to facilitate independent component updates.'
1061,NSR,'The module should generate structured logs in syslog format for consumption by log aggregators.'
1224,SR,'The software should classify detected backdoors into known malware families to protect against unauthorized access.'
377,SR,'The Issuer Security Domain shall implement one Secure Channel Protocol.'
1464,NSR,'The system must implement transaction rollbacks to maintain data consistency during failures.'
1733,NSR,'The portal must respond to user interface interactions within 1 milliseconds.'
1321,NSR,'The system will allow users to customize dashboard layouts according to their preferences.'
2345,SR,'The system will use TLS 1.3 or higher for all network communications.'
1105,SR,'The component shall detect insecure deserialization vulnerabilities in submitted web applications to ensure confidentiality and integrity of sensitive data.'
25,NSR,'The system must generate reports (date time file hash status) or other outputs after the file has been scanned. '
860,SR,'The system will implement certificate-based authentication to prevent unauthorized access to ensure compliance with security best practices.'
1261,SR,'The component will encrypt all personal data using AES-GCM encryption.'
60,NSR,'The system shall offer FuGUI statistical presentation of email spam detection and filtered emails. '
1112,NSR,'The tool shall minimize latency in real-time monitoring mode to under 5 milliseconds.'
455,NSR,'If the card only supports the Basic Logical Channel and has no concept of logical channel support  the MANAGE CHANNEL command is dispatched to the currently selected Application. In this case  when a Security Domain is the currently selected Application  the command shall be rejected.'
20,NSR,'The performance shall also depend upon the hardware components of the device in which the system is installed. '
1863,NSR,'The system will support database schema migrations to allow incremental system upgrades.'
707,SR,'The system will enforce multi-factor authentication (MFA) before granting access to protected resources to protect against unauthorized access.'
2262,SR,'The service must detect outdated or vulnerable third-party libraries in analyzed applications using industry-standard cryptographic techniques.'
55,NSR,"'The system shall provide a simple to use interface, for computer novices to be able to select files to be compressed and encrypted and send them without any much difficulties whilst in the back and achieving our goals. '"
1080,SR,'The software must support automatic updates to malware signature databases.'
80,NSR,'The system shall enable loading/ feeding video files for processing into the system. '
182,NSR,'Protocols adaptation for control plane or management plane may be performed by CNG.'
2478,NSR,'The platform must minimize latency in real-time monitoring mode to under 1 milliseconds.'
1579,SR,'The component shall detect polymorphic and obfuscated keyloggers variants to protect against unauthorized access.'
638,SR,'The framework should detect cryptojacking activity by monitoring CPU usage and network connections.'
1506,NSR,'The module will expose a well-documented RESTful API to enable third-party integrations.'
794,NSR,'The system shall support German language localization for international users.'
494,SR,'On-line authentication must take place between the card issuer and the CEP card for load  unload  and currency exchange transactions'
1851,SR,'The component must encrypt data at rest using 3DES to protect against unauthorized access to prevent exploitation by malicious actors.'
1672,NSR,'The software should operate efficiently on systems with as little as 256GB of available RAM.'
2415,SR,'The service will enforce role-based access control to restrict user permissions to protect against unauthorized access.'
1569,NSR,"'The interface will ensure the system can process tasks reliably across all supported test, staging, and production environments.'"
1211,SR,'The agent must monitor TCP/IP network traffic to detect security anomalies.'
1031,SR,'The application shall use TLS 1.2 or higher for all network communications.'
235,SR,'The CND shall support protocols to access Self Configuration application (as defined in clause 4.1).'
28,SR,'The system should allow certified medical facilities to access critical patient information as needed. '
1620,NSR,'The software will allow users to register an account by providing their email and organization details.'
446,NSR,'If a SELECT [by name] [first or only occurrence] is received  the search always begins from the start of the GlobalPlatform Registry'
925,SR,'The agent must classify detected ransomware into known malware families in order to maintain system integrity.'
25,NSR,'The system shall allow every type of file to be entered for analysis'
33,SR,'The system must allow scalability so as to perform legitimate modification of user data. '
1165,SR,'The module must obtain and record user consent before collecting confidential.'
1206,NSR,'The tool shall allow export of scan findings to Excel (XLSX) for integration with ticketing systems.'
1482,NSR,'The application will provide a disaster recovery plan with a recovery time objective of 500 hours.'
815,NSR,'The interface must be packaged as a Docker container for simple installation on supported platforms.'
21,NSR,'The systems interface will include a clear and easy to interpret dashboard that has all the information needed about the securely captured logs. '
966,NSR,'The software shall achieve a throughput of at least 1000000 requests per hour in production.'
1704,SR,'The system should anonymize personally identifiable information before reporting to mitigate the risk of data breaches.'
1016,NSR,'The application should allow multiple users to collaborate on analysis within a shared workspace.'
1056,SR,'The system will verify digital signatures before processing received data to ensure compliance with security best practices.'
1317,NSR,'The system must support multi-tenancy so multiple organizations can use the system independently.'
2378,SR,'The agent shall detect duplicate submissions of watermarked documents by different authors to protect against unauthorized access.'
2074,SR,'The agent must enforce data retention policies by automatically purging sensitive records after 90 days to ensure confidentiality and integrity of sensitive data.'
40,NSR,'The system is definitely more reliable because of the qualities that are inherited from the chosen python platform.  '
571,NSR,'The card verification method indicator (CVMI) in the CEP card must specify support of online PIN verification and at least one method of off-line PIN verification (encrypted or unencrypted)'
1146,NSR,'The application shall support redundant database configurations to prevent data loss.'
920,NSR,'The software should be deployable on 64-bit Windows and Linux operating systems without modification.'
826,SR,'The component will analyze Android applications behavior in an isolated sandbox environment using industry-standard cryptographic techniques.'
509,NSR,'The issuer needs only to authenticate the card  and the card needs only to authenticate the issuer and that the data is the same as used by the issuer'
1364,SR,"'The application shall classify identified vulnerabilities by severity level (critical, high, medium, low).'"
1922,NSR,'The dashboard will handle network disconnections gracefully and queue operations for retry.'
1379,NSR,'The portal must allow users to filter and search through scan records efficiently.'
1215,SR,'The module will detect duplicate submissions of watermarked documents by different authors in accordance with the security policy.'
1518,NSR,'The platform should maintain performance under peak load conditions of 20 simultaneous users.'
1401,NSR,'The platform must provide a disaster recovery plan with a recovery time objective of 1 hours.'
53,NSR,'the watermark verification platform is implemented using C# and a Graphical User Interface. '
2339,SR,'The framework must provide a chain of custody record for all personal processed by the system using industry-standard cryptographic techniques.'
947,NSR,'The dashboard must generate structured logs in syslog format for consumption by log aggregators.'
1777,NSR,'The software should allow users to annotate and comment on analysis findings for team collaboration.'
1753,NSR,'The application must maintain a false positive rate below 99% during authentication operations.'
1246,SR,'The software will correlate network events against threat intelligence blacklists to ensure confidentiality and integrity of sensitive data.'
1483,SR,'The framework shall implement certificate pinning to prevent broken authentication attacks in accordance with the security policy.'
1297,SR,'The module should generate and rotate encryption keys every 6 months to minimize key exposure to ensure compliance with security best practices.'
1488,NSR,'The portal should provide contextual help tooltips and user documentation throughout the interface.'
1017,NSR,'The platform must include comprehensive inline code documentation and API documentation.'
955,SR,'The application will perform static analysis to identify potential format string vulnerabilities as part of the defence-in-depth security strategy.'
1501,SR,'The system shall block network communication from hosts identified as compromised as part of the defence-in-depth security strategy.'
1165,SR,'The system shall securely store encryption keys in a dedicated key management system to ensure compliance with security best practices.'
1185,NSR,'The platform must provide administrators with a configurable dashboard for system management.'
801,NSR,'The interface must validate input data before processing to prevent crashes from malformed input.'
1271,SR,'The tool must detect distributed denial-of-service (DDoS) attack patterns in traffic in accordance with the security policy.'
918,SR,'The software shall detect polymorphic and obfuscated keyloggers variants to ensure compliance with security best practices.'
1236,SR,'The agent will invalidate session tokens upon logout to prevent session hijacking to mitigate the risk of data breaches.'
1494,NSR,'The tool will minimize latency in real-time monitoring mode to under 60 milliseconds.'
792,NSR,'The platform should perform automated health checks every 15 seconds and alert on anomalies.'
1254,SR,'The software will authenticate users using LDAP authentication to protect against unauthorized access.'
2717,SR,'The service must enforce the principle of least privilege across all user roles to ensure confidentiality and integrity of sensitive data.'
92,NSR,"'The system shall   ensure that the transaction ID, UUID and storage serial should be used for encryption by the server and decryption by the client. '"
1253,SR,'The system will log all network security events with timestamps for forensic analysis in order to maintain system integrity.'
1509,SR,'The agent will prevent privilege escalation attacks by validating all permission changes using industry-standard cryptographic techniques.'
1455,SR,'The application shall provide secure password reset functionality using verified email or OTP in order to maintain system integrity.'
655,SR,'The tool should correlate network events against threat intelligence blacklists in order to maintain system integrity.'
1069,SR,'The module should prevent privilege escalation attacks by validating all permission changes to prevent exploitation by malicious actors.'
1042,NSR,'The application should complete database queries in under 2 milliseconds for datasets of up to 5 records.'
100,SR,'The system shall offer error handling capabilities. '
1443,NSR,'The portal should achieve an uptime of at least 1% measured over a rolling 30-day period.'
1294,NSR,"'The system should ensure the system can process tasks reliably across all supported test, staging, and production environments.'"
2388,SR,'The application shall provide a chain of custody record for all personal processed by the system to ensure compliance with security best practices.'
1166,SR,'The software should identify unauthorized network devices connected to the internal network to mitigate the risk of data breaches.'
650,NSR,'The application must offer a dark mode option in addition to the default light theme.'
1195,NSR,'The tool should be containerized using Docker for consistent deployment across environments.'
1245,NSR,'The system must implement graceful degradation so critical functions remain available during partial failures.'
632,NSR,'The tool shall maintain a structured database of known vulnerability signatures and indicators.'
1457,SR,'The component will use TLS 1.2 or higher for all network communications in accordance with the security policy.'
19,NSR,'The proposed system can perform well in the web environments and also with huge files.  '
903,SR,'The tool shall detect the presence of spyware in submitted mobile apps in order to maintain system integrity.'
1649,SR,'The framework must encrypt all confidential data using AES-GCM encryption.'
675,SR,'The framework must implement certificate pinning to prevent XSS (Cross-Site Scripting) attacks in accordance with the security policy.'
2656,NSR,'The application must provide a user-friendly graphical user interface (GUI) for ease of use.'
657,NSR,'The interface will integrate with third-party CI/CD platforms via RESTful API.'
2799,SR,'The agent will apply a visible digital watermark to video files upon author submission as part of the defence-in-depth security strategy.'
892,NSR,'The module must maintain a false positive rate below 99.9% during analysis operations.'
888,SR,'The system must implement account lockout mechanisms after repeated failed login attempts to ensure compliance with security best practices.'
1073,SR,'The module should log all network security events with timestamps for forensic analysis to protect against unauthorized access.'
660,SR,'The component shall enforce data retention policies by automatically purging sensitive records after 24 hours to ensure confidentiality and integrity of sensitive data.'
1832,SR,'The agent will verify the authenticity of video files by checking its embedded watermark to ensure confidentiality and integrity of sensitive data.'
646,SR,'The framework should detect the presence of rootkits in submitted binary files in accordance with the security policy.'
767,SR,'The framework should detect and block connections to known malicious IP addresses and domains to prevent exploitation by malicious actors.'
26,NSR,'The system shall allow a user to be able to retrieve information from the database. '
722,SR,'The framework should prevent privilege escalation attacks by validating all permission changes as part of the defence-in-depth security strategy.'
1699,NSR,'The portal shall be containerized using Docker for consistent deployment across environments.'
1095,SR,'The system will enforce data retention policies by automatically purging sensitive records after 30 days in order to maintain system integrity.'
1801,SR,'The software shall enforce HTTPS for all data transmission between client and server.'
21,NSR,'The system should be able to capture windows log files independent from the Window Operating System '
1360,NSR,'The dashboard shall allow administrators to configure detection thresholds without modifying source code.'
1074,SR,'The framework will detect SSL/TLS misconfigurations and expired certificates in target systems to protect against unauthorized access.'
1994,NSR,'The interface will allow export of analysis results to JSON format for offline review.'
130,SR,'The CNG shall support mechanisms for authentication of wireless CNDs for local connectivity. Similar mechanisms may be also implemented for non-wireless devices.'
426,NSR,'The Issuer Security Domain shall have no multi-selection restrictions on cards that support multiple logical channels i.e. it shall be capable of being selected across multiple logical channels.'
101,SR,'The system shall maintain information on log in and log out for accountability. '
3024,NSR,'The platform will be accessible to users with disabilities by adhering to WCAG 2.1 guidelines.'
1033,NSR,'The interface should be deployable on Ubuntu 20.04 and later operating systems without modification.'
1400,NSR,'The platform will include comprehensive inline code documentation and API documentation.'
81,NSR,'The system shall allow users to create a cloud account. '
692,SR,'The agent must validate input sanitization to prevent XSS (Cross-Site Scripting) injection attacks to prevent exploitation by malicious actors.'
1482,NSR,'The service will operate efficiently on systems with as little as 2GB of available RAM.'
92,SR,'The system shall ensure that the user can only download if registered with the server. '
1642,SR,'The application shall verify digital signatures before processing received session in order to maintain system integrity.'
1521,NSR,'The dashboard will achieve an uptime of at least 99.5% measured over a rolling monthly period.'
1370,SR,'The component should log all network security events with timestamps for forensic analysis to ensure compliance with security best practices.'
1217,SR,'The module will provide secure password reset functionality using verified email or OTP to ensure compliance with security best practices.'
29,SR,'The system should allow only those who are authorized to used and access the system and they will have to log in first to use the system. '
1148,NSR,'The interface should generate analysis reports in under 1 seconds for typical tasks.'
2951,SR,'The agent must detect unauthorized modifications to critical system files to mitigate the risk of data breaches.'
1467,SR,'The component should be easily updatable with security patches without disrupting service in order to maintain system integrity.'
816,NSR,'The interface shall backup critical vulnerability data every 90-day to a secure offsite location.'
915,NSR,'The interface will provide a centralized logging framework for debugging and system monitoring.'
1217,SR,'The platform will prevent privilege escalation attacks by validating all permission changes to ensure confidentiality and integrity of sensitive data.'
2720,NSR,'The tool shall minimize latency in real-time monitoring mode to under 200 milliseconds.'
2115,NSR,'The interface must allow users to set and manage authentication thresholds and alert rules.'
2825,NSR,'The tool should support bulk submission of applications for batch vulnerability assessment processing.'
763,SR,'The application will store user passwords using scrypt hashing with unique salts.'
371,SR,'A Global Services Application shall Hold the Global Services application-related data securely'
1245,NSR,'The interface should backup critical user data every annual to a secure offsite location.'
1436,NSR,'The platform should support installation via npm package manager.'
6,SR,'The system shall allow verification of watermarked image which is submitted twice or more by different authors to protect the owners copyrights '
1204,NSR,'The application should generate analysis reports in under 15 seconds for typical queries.'
2622,NSR,'The module will provide a disaster recovery plan with a recovery time objective of 3 hours.'
1031,NSR,'The application will allow users to set and manage malware analysis thresholds and alert rules.'
860,SR,'The framework should test for broken authentication and session management vulnerabilities to protect against unauthorized access.'
336,NSR,'The Application Provider is responsible for Working with the Card Issuer to load generated keys into the Application Provider's Security Domain'
816,SR,'The service should generate and rotate encryption keys every 30 days to minimize key exposure to ensure compliance with security best practices.'
617,SR,'The software must implement secure communication channels using SSH protocol in accordance with the security policy.'
2707,SR,'The system shall analyze HTTP requests and responses to detect buffer overflow attack patterns as part of the defence-in-depth security strategy.'
975,NSR,'The system shall complete database queries in under 15 milliseconds for datasets of up to 50 records.'
32,NSR,'The SAG system can perform well in the web environments. '
2140,SR,'The system should identify open ports and running services on the target network to protect against unauthorized access.'
2270,SR,'The framework will automatically generate detailed reports of detected SSRF vulnerabilities to ensure confidentiality and integrity of sensitive data.'
1526,NSR,'The platform shall be packaged as a standalone executable for simple installation on supported platforms.'
1476,SR,'The platform shall support automatic updates to malware signature databases to mitigate the risk of data breaches.'
9,NSR,'The system shall allow high throughput  high rate of processing the work and the services of the user.'
868,SR,'The module will support automatic updates to malware signature databases to ensure compliance with security best practices.'
1367,SR,'The agent must detect port scanning activity originating from rogue nodes on the network to ensure confidentiality and integrity of sensitive data.'
775,NSR,'The module shall operate efficiently on systems with as little as 1024GB of available RAM.'
621,SR,'The framework should maintain a tamper-evident audit log of all security events.'
788,SR,'The agent will classify detected spyware into known malware families to ensure confidentiality and integrity of sensitive data.'
1285,SR,'The agent must perform static analysis to identify potential SSRF vulnerabilities in order to maintain system integrity.'
1107,SR,'The application must detect outdated or vulnerable third-party libraries in analyzed applications.'
891,NSR,'The platform will maintain a structured database of known vulnerability signatures and indicators.'
1625,SR,'The system shall alert on connections to known cryptocurrency mining pool endpoints to protect against unauthorized access.'
1146,SR,"'The application will classify identified vulnerabilities by severity level (critical, high, medium, low) to ensure compliance with security best practices.'"
965,SR,'The software shall obtain and record user consent before collecting confidential using industry-standard cryptographic techniques.'
954,SR,'The system must use TLS 1.3 or higher for all network communications to protect against unauthorized access.'
814,SR,'The agent will allow for safe fail-secure behavior whenever a security fault is detected in order to maintain system integrity.'
1193,SR,'The component will prevent unauthorized access to sensitive sensitive through access controls to ensure compliance with security best practices.'
1378,SR,'The component must sign API responses to ensure integrity during transmission using industry-standard cryptographic techniques.'
1310,NSR,'The module will include comprehensive inline code documentation and API documentation.'
1505,SR,'The agent must analyze mobile apps behavior in an isolated sandbox environment to prevent exploitation by malicious actors.'
933,NSR,'The service will maintain a consistent visual design across all screens and modules.'
61,NSR,'The system shall allow the radiologist to compress the images using optimized lossless compression methods. '
1508,NSR,'The dashboard must provide administrators with a configurable dashboard for system management.'
79,SR,'The system shall allow data input into the system to be encrypted before being sent to the database instance on our cloud server for storage. '
2050,NSR,'The application must process submitted applications within 5 seconds under normal load conditions.'
175,NSR,'The CNG shall support the connection to a STB (or media gateway) both in a bridged or in a routed mode of operation.'
87,SR,'The system shall allow an authenticated user to insert a watermark on a document which will be in PDF format. '
1762,SR,'The tool shall enforce hardware token authentication before granting access to protected resources to ensure compliance with security best practices.'
1574,SR,'The service will require users to change default passwords upon first login in accordance with the security policy.'
1561,NSR,'The interface should perform automated health checks every 500 seconds and alert on anomalies.'
1409,NSR,'The portal will provide a RESTful API that allows external systems to trigger and retrieve detection results.'
1633,SR,'The tool must verify the integrity of user using cryptographic checksums.'
1293,SR,'The system will detect outdated or vulnerable third-party libraries in analyzed applications.'
104,NSR,'The system shall be able to pre-process the unstructured data into meaningful information and match with the existing keywords in the database. '
710,SR,'The service shall test for broken authentication and session management vulnerabilities.'
939,SR,'The system shall enforce HTTPS for all data transmission between client and server to protect against unauthorized access.'
1193,SR,'The tool will detect and block connections to known malicious IP addresses and domains to ensure compliance with security best practices.'
1002,NSR,'The service should support Spanish language localization for international users.'
1590,SR,'The module will anonymize personally identifiable information before analysis.'
1048,NSR,'The system should maintain backward compatibility with previous versions of the API.'
1487,SR,'The application shall monitor UDP network traffic to detect security anomalies to ensure compliance with security best practices.'
684,NSR,'The application shall maintain a consistent visual design across all screens and modules.'
201,NSR,'Traffic marking: depending on what are the parameters used to perform classification  CNDs or CNG itself on behalf of the CNDs shall be able to modify the packets' priority.'
858,SR,'The module will detect cryptojacking activity by monitoring CPU usage and network connections to ensure confidentiality and integrity of sensitive data.'
1564,SR,'The software shall identify and classify worms samples based on behavioral signatures as part of the defence-in-depth security strategy.'
634,SR,'The component shall monitor DNS queries to detect data exfiltration and domain generation algorithms to prevent exploitation by malicious actors.'
814,NSR,'The platform should operate efficiently on systems with as little as 512GB of available RAM.'
1864,NSR,'The application will consume no more than 99.5% of available CPU resources during idle monitoring.'
486,NSR,'All other commands (including SELECT commands not described in section 6.4.3.1.2 - Explicit Selection) are immediately dispatched to the Application currently selected on the Supplementary Logical Channel. The processing of the command by the Application is beyond the scope of this Specification.'
85,SR,'The system shall process the data received and generate an md5 hash of the data. '
973,SR,'The software should be easily updatable with security patches without disrupting service.'
1708,SR,'The agent shall classify detected worms into known malware families in order to maintain system integrity.'
627,SR,'The platform will analyze HTTP requests and responses to detect command injection attack patterns to prevent exploitation by malicious actors.'
1130,SR,'The service should correlate network events against threat intelligence blacklists in accordance with the security policy.'
1586,NSR,'The system should generate analysis reports in under 30 seconds for typical queries.'
1520,NSR,'The application shall provide a simple three-step workflow for account management tasks.'
1410,SR,'The module shall verify the integrity of user using cryptographic checksums to prevent exploitation by malicious actors.'
2392,SR,'The application shall monitor system calls to detect worms activity at runtime to ensure confidentiality and integrity of sensitive data.'
982,SR,'The system will require users to change default passwords upon first login to ensure confidentiality and integrity of sensitive data.'
619,SR,'The module shall analyze mobile apps behavior in an isolated sandbox environment in order to maintain system integrity.'
1585,SR,'The agent must use HMAC-bcrypt to authenticate API requests and prevent replay attacks in order to maintain system integrity.'
660,SR,'The application should detect anomalous network traffic patterns indicative of adware activity to protect against unauthorized access.'
1564,NSR,'The platform will support bulk submission of tasks for batch analysis processing.'
639,SR,'The system must identify open ports and running services on the target network to ensure confidentiality and integrity of sensitive data.'
1724,NSR,'The interface shall allow export of analysis results to JSON format for offline review.'
721,NSR,'The service shall display clear error messages that guide the user toward resolution.'
2651,SR,'The service will provide a chain of custody record for all configuration processed by the system to ensure compliance with security best practices.'
556,NSR,'A transaction collection process must exist. Data being transmitted from the POS devices must be transmitted in a manner that ensures integrity of the data'
1319,NSR,'The tool will respond to user interface interactions within 15 milliseconds.'
1298,SR,'The tool must identify open ports and running services on the target network in order to maintain system integrity.'
1935,SR,'The platform must enforce HTTPS for all data transmission between client and server in accordance with the security policy.'
811,SR,'The tool must detect SSL/TLS misconfigurations and expired certificates in target systems to ensure confidentiality and integrity of sensitive data.'
65,NSR,'The System shall be able to calculate maximum soil water deficit. '
1165,NSR,'The tool shall integrate with third-party SIEM platforms via RESTful API.'
1697,NSR,'The system will process submitted requests within 2 seconds under normal load conditions.'
822,NSR,'The interface shall display real-time scanning status updates without requiring page refresh.'
1415,SR,'The component will verify the authenticity of PDF documents by checking its embedded watermark.'
81,SR,'The system shall allow authorised users to manage their files that is update and delete data from their accounts. '
1194,SR,'The agent shall enforce password complexity requirements including a minimum of 8 characters including alphanumeric and special characters to prevent exploitation by malicious actors.'
1364,SR,'The component should verify the integrity of configuration using cryptographic checksums to protect against unauthorized access.'
1654,SR,'The component must detect the presence of ransomware in submitted web applications in accordance with the security policy.'
946,NSR,'The service shall support pagination for large result sets to maintain performance.'
11,NSR,'The system shall ensure that interaction between user and application has a minimum lag time '
1515,NSR,'The module should minimize latency in real-time monitoring mode to under 3 milliseconds.'
390,NSR,'The security level of the communication with an off-card entity does not necessarily apply to each individual message being transmitted but can only apply to the environment and/or context in which messages are transmitted.'
2893,SR,'The software will monitor HTTP(S) network traffic to detect security anomalies as part of the defence-in-depth security strategy.'
984,SR,'The software must embed an invisible digital watermark into images to protect ownership in order to maintain system integrity.'
1063,NSR,'The dashboard shall allow export of scan findings to CSV for integration with ticketing systems.'
727,SR,'The platform will scan submitted code for CSRF security flaws as part of the defence-in-depth security strategy.'
24,SR,'The system should be able to provide data for the current maximum number of tags presently two thousand for a period of thirty days in whatever format the user decides'
366,NSR,'When applicable a Security Domain shall Return to the off-card entity any receipt for load  install  extradition  and delete'
2014,NSR,'The interface should provide a notification system that alerts users when monitoring is complete.'
701,SR,'The platform will limit login attempts to 10 consecutive failures before locking the account in accordance with the security policy.'
1511,NSR,'The portal shall complete database queries in under 5 milliseconds for datasets of up to 5 records.'
104,SR,'The system shall be scalable and able to handle growth in data flow leveraging the Twitter API capabilities. '
2011,NSR,'The system must provide a disaster recovery plan with a recovery time objective of 5 hours.'
1134,NSR,'The service will provide a searchable database of historical detection results.'
880,SR,'The platform will digitally sign all configuration to ensure authenticity and non-repudiation as part of the defence-in-depth security strategy.'
1411,NSR,'The service should provide a notification system that alerts users when malware analysis is complete.'
1319,SR,'The module will detect unauthorized modifications to critical system files as part of the defence-in-depth security strategy.'
59,SR,'The system shall allow a user to log into system and authenticated. '
1750,SR,'The agent will implement account lockout mechanisms after repeated failed login attempts in order to maintain system integrity.'
39,SR,'The program coding should be well documented and laid out particularly to facilitate future upgrades and additional functionality being added at a later date. '
652,SR,'The agent will detect the presence of malware in submitted scripts.'
1592,SR,'The tool shall embed an invisible digital watermark into images to protect ownership to mitigate the risk of data breaches.'
105,NSR,'The systems classification process shall generate a report of what the effects of the malware activity during execution. '
1827,SR,'The software shall capture and analyze UDP packets for signs of malicious activity to mitigate the risk of data breaches.'
9,SR,'The system shall employ encryption technics at the database side and use HTTPS when accessing networked resources over the internet'
1424,SR,'The module should enforce data retention policies by automatically purging sensitive records after 30 days to prevent exploitation by malicious actors.'
1107,NSR,'The platform should provide a RESTful API that allows external systems to trigger and retrieve reporting results.'
1841,SR,'The application must enforce the principle of least privilege across all user roles to ensure compliance with security best practices.'
1371,SR,'The platform will detect distributed denial-of-service (DDoS) attack patterns in traffic as part of the defence-in-depth security strategy.'
1711,NSR,'The software shall support multi-tenancy so multiple organizations can use the system independently.'
1482,SR,'The platform shall provide a chain of custody record for all financial processed by the system in order to maintain system integrity.'
1462,NSR,'The service will be accessible to users with disabilities by adhering to WCAG 2.1 guidelines.'
65,NSR,'The System shall be able to control a water pump for the application of water to the crops being irrigated.'
30,NSR,'The system shall have imaging ability so as to make a copy of the information contained on the mobile device which will be used during the forensics process as the test data source '
1552,NSR,'The software must support German language localization for international users.'
1511,SR,'The agent shall detect SSL/TLS misconfigurations and expired certificates in target systems as part of the defence-in-depth security strategy.'
1477,SR,'The service should identify unauthorized network devices connected to the internal network using industry-standard cryptographic techniques.'
1362,NSR,'The tool must achieve a detection accuracy of at least 90% on samples.'
1124,SR,"'The tool should classify identified vulnerabilities by severity level (critical, high, medium, low) in order to maintain system integrity.'"
1150,SR,'The service will use asymmetric encryption (Ed25519) for secure key exchange to protect against unauthorized access.'
2100,NSR,'The software will test failover mechanisms periodically to ensure they operate as expected.'
629,SR,'The component must validate input sanitization to prevent command injection injection attacks.'
833,NSR,'The application will run on any system that has .NET version 14 or later installed.'
1286,SR,'The agent will mask sensitive authentication fields in logs and reports to ensure confidentiality and integrity of sensitive data.'
1237,SR,'The agent should test for broken authentication and session management vulnerabilities.'
734,NSR,'The software will display progress indicators during long-running analysis operations.'
1602,NSR,'The portal shall send a confirmation email to newly registered users with an activation link.'
2957,SR,'The component must invalidate session tokens upon logout to prevent session hijacking in order to maintain system integrity.'
1261,NSR,'The application will validate input data before processing to prevent crashes from malformed input.'
882,SR,'The tool shall alert administrators when worms activity is detected in real time to protect against unauthorized access.'
1821,SR,'The agent will require users to change default passwords upon first login.'
1115,SR,"'The system should enforce password complexity requirements including numbers, symbols, and mixed case letters to mitigate the risk of data breaches.'"
1912,SR,'The agent shall enforce network segmentation policies to limit lateral movement to protect against unauthorized access.'
97,SR,'The system shall ensure that only authorised users are granted access. '
2067,SR,'The framework shall detect unauthorized modifications to critical system files in order to maintain system integrity.'
636,NSR,'The dashboard must generate detailed reports of authentication results in XML format.'
844,SR,'The software will generate behavioral reports for scripts executed in the sandbox to protect against unauthorized access.'
696,NSR,'The service should ensure the system can process scans reliably across all supported Windows and Linux environments.'
937,NSR,'The interface shall maintain performance under peak load conditions of 100 simultaneous users.'
1633,SR,'The software should classify detected keyloggers into known malware families in accordance with the security policy.'
1553,SR,'The framework must restrict access to financial based on the user's clearance level to ensure compliance with security best practices.'
1464,SR,'The framework shall monitor DNS queries to detect data exfiltration and domain generation algorithms to ensure compliance with security best practices.'
422,NSR,'Any other type of command received shall be dispatched to the currently selected Application.'
1664,SR,'The platform should implement PIN-based authentication to prevent unauthorized access.'
1302,SR,'The platform must generate and rotate encryption keys every 90 days to minimize key exposure.'
2368,SR,'The system must detect anomalous network traffic patterns indicative of backdoors activity to protect against unauthorized access.'
891,SR,'The tool shall detect the presence of trojans in submitted mobile apps to protect against unauthorized access.'
1931,SR,'The application shall limit login attempts to 3 consecutive failures before locking the account.'
1000,NSR,'The software will be implemented using a modular architecture to facilitate independent component updates.'
764,SR,'The software will block network communication from hosts identified as compromised in accordance with the security policy.'
1349,SR,'The platform must monitor DNS queries to detect data exfiltration and domain generation algorithms to ensure confidentiality and integrity of sensitive data.'
1889,NSR,'The dashboard will support drag-and-drop file submission for ease of use.'
650,NSR,'The interface shall provide a notification system that alerts users when authentication is complete.'
1022,NSR,'The portal must support import of threat intelligence feeds in XML format.'
1437,SR,'The framework should identify and report path traversal injection points in target applications.'
966,NSR,'The application must display progress indicators during long-running analysis operations.'
713,NSR,'The tool will complete database queries in under 24 milliseconds for datasets of up to 10 records.'
1807,NSR,'The platform shall implement transaction rollbacks to maintain data consistency during failures.'
967,NSR,'The dashboard will present a summary dashboard showing key detection metrics at a glance.'
81,SR,'The system shall allow people to connect to their accounts after they initially register with the system and sign in to access it. '
1300,SR,'The software shall capture and analyze DNS packets for signs of malicious activity to ensure confidentiality and integrity of sensitive data.'
1601,NSR,'The system shall follow clean code principles and established design patterns for maintainability.'
436,NSR,'Partial AID selection as defined in section 6.4.2.1.2 - Explicit Selection  shall be supported. (Partial AID selection does not require knowledge of the full AID by the off-card entity.)'
2024,NSR,'The system shall support installation via Homebrew package manager.'
30,NSR,'The system shall have a higher RAM size to increase the computers processing resources during imaging and extraction stages. '
38,NSR,'The system shall be able to learn normal vs anomalous patterns '
1298,NSR,'The software should scale horizontally to handle increased scans volume without reconfiguration.'
56,SR,'The system shall be secured against environmental threats and this is one of its prime function. '
1387,NSR,'The application should offer a dark mode option in addition to the default light theme.'
1169,SR,'The framework should notify administrators of critical security events via in-app notifications to mitigate the risk of data breaches.'
908,NSR,'The software shall provide a RESTful API that allows external systems to trigger and retrieve detection results.'
1523,NSR,'The dashboard must allow administrators to generate activity reports filtered by date range.'
415,SR,'Applications and Security Domains may access andor modify some content known or managed by the OPEN.'
59,SR,"'The system shall allow a user to be authenticated through the use of digitally signed certificates, and again single-sign-on functionality will be fused into the system to allow once off authentication as long as the session is deemed active and valid. '"
736,NSR,'The platform should display progress indicators during long-running analysis operations.'
713,NSR,'The dashboard should have a clean and intuitive interface that requires minimal training to operate.'
156,NSR,'If Home to Home (H2H) communication service is provided  then each CNG must ensure that emergency service sessions originating in its CPN are associated with the appropriate location information and/or calling identity.'
1212,NSR,'The interface should scale horizontally to handle increased applications volume without reconfiguration.'
1587,SR,'The system must monitor file system changes to detect ransomware encryption activity to ensure confidentiality and integrity of sensitive data.'
693,SR,'The system will verify the integrity of user using cryptographic checksums using industry-standard cryptographic techniques.'
809,NSR,'The tool will support import of threat intelligence feeds in JSON format.'
1491,NSR,'The service should present a summary dashboard showing key detection metrics at a glance.'
457,NSR,'On cards that support logical channels  if a MANAGE CHANNEL [close] is received  terminate the Application Session currently selected on the Supplementary Logical Channel indicated by the command and then close that logical channel. The Basic Logical Channel can never be closed.'
1399,NSR,'The service must maintain performance under peak load conditions of 20 simultaneous users.'
1014,NSR,'The dashboard will backup critical incident data every weekly to a secure offsite location.'
918,SR,'The platform will extract and analyze trojans indicators of compromise from samples to ensure confidentiality and integrity of sensitive data.'
1876,SR,'The module will enforce role-based access control to restrict user permissions to prevent exploitation by malicious actors.'
1000,NSR,'The interface should allow authenticated users to upload applications for analysis.'
3047,SR,'The system will encrypt data at rest using ChaCha20-Poly1305 to protect against unauthorized access using industry-standard cryptographic techniques.'
836,SR,'The component must monitor DNS queries to detect data exfiltration and domain generation algorithms.'
1643,NSR,'The application will complete database queries in under 60 milliseconds for datasets of up to 20 records.'
88,SR,' The system shall authenticate all users.'
1421,NSR,'The module will display progress indicators during long-running analysis operations.'
100,SR,'The system shall enforce that all users login before they can access the system. '
1973,NSR,'The system shall allow export of analysis results to PDF format for offline review.'
347,SR,"'""Secure memory management shall ensure that When more than one logical channel is supported, each concurrently selected Application's code and data (including transient session data) as well as the runtime environment itself and its data (including transient session data) is protected from unauthorized access from within the card,""'"
1004,SR,'The agent should enforce the principle of least privilege across all user roles to ensure confidentiality and integrity of sensitive data.'
1075,SR,'The module shall use asymmetric encryption (ECDSA) for secure key exchange as part of the defence-in-depth security strategy.'
1476,SR,'The platform shall encrypt data at rest using 3DES to protect against unauthorized access in accordance with the security policy.'
1195,SR,'The tool shall analyze web applications behavior in an isolated sandbox environment to protect against unauthorized access.'
2054,NSR,'The portal will present a summary dashboard showing key system health metrics at a glance.'
1694,SR,'The tool should analyze HTTP requests and responses to detect format string attack patterns using industry-standard cryptographic techniques.'
2365,SR,'The platform shall enforce the principle of least privilege across all user roles in order to maintain system integrity.'
2590,SR,'The component should use ChaCha20-Poly1305 with a 2048-bit key to protect stored confidential to ensure compliance with security best practices.'
463,NSR,'All other commands (including the MANAGE CHANNEL commands on cards that are not aware of logical channels or SELECT commands not described in section 6.4.2.1.2 - Explicit Selection) are immediately dispatched to the Application currently selected on the Basic Logical Channel. The processing of the command by the Application is beyond the scope of this Specification.'
1418,NSR,'The tool should display progress indicators during long-running analysis operations.'
5,SR,"'The system shall be easy to transfer to another environment, including install ability'"
1814,NSR,'The dashboard shall backup critical configuration data every monthly to a secure offsite location.'
1210,NSR,'The portal will provide keyboard shortcuts for frequently used operations.'
1064,SR,'The service should detect the presence of rootkits in submitted web applications using industry-standard cryptographic techniques.'
1804,SR,'The component will maintain a tamper-evident audit log of all transaction events using industry-standard cryptographic techniques.'
1476,SR,'The application shall embed an invisible digital watermark into video files to protect ownership to ensure confidentiality and integrity of sensitive data.'
1200,SR,'The platform must require users to change default passwords upon first login in order to maintain system integrity.'
1020,SR,'The service should generate and rotate encryption keys every 30 days to minimize key exposure as part of the defence-in-depth security strategy.'
1117,NSR,'The system shall provide contextual help tooltips and user documentation throughout the interface.'
1753,SR,'The software must encrypt data at rest using RSA-2048 to protect against unauthorized access to protect against unauthorized access.'
149,SR,'The CPN shall support remote access  based on NGN network functions.'
1291,SR,'The software should block network communication from hosts identified as compromised in order to maintain system integrity.'
1643,NSR,'The system shall be accessible to users with disabilities by adhering to WCAG 2.1 guidelines.'
704,NSR,'The software will provide a cross-platform command-line interface in addition to the GUI.'
1852,NSR,'The tool should achieve an uptime of at least 90% measured over a rolling 30-day period.'
1523,NSR,'The interface must provide a searchable database of historical malware analysis results.'
1476,SR,'The component shall verify digital signatures before processing received data to ensure confidentiality and integrity of sensitive data.'
1319,SR,'The tool shall monitor DNS network traffic to detect security anomalies to mitigate the risk of data breaches.'
3045,SR,'The framework must detect the presence of keyloggers in submitted uploaded files using industry-standard cryptographic techniques.'
2549,NSR,'The tool must use version control best practices including branching strategies and commit conventions.'
837,SR,'The software will generate integrity reports for session stored in the system to ensure confidentiality and integrity of sensitive data.'
1850,SR,'The component must perform static analysis to identify potential SSRF vulnerabilities in order to maintain system integrity.'
2202,NSR,'The application will support drag-and-drop file submission for ease of use.'
55,SR,'The system is a lightweight app which has all the algorithms and libraries engraved within itself for easy management of information which that app would be working with thus making its maintenance easy and simple. '
802,NSR,'The interface should maintain backward compatibility with previous versions of the API.'
625,SR,'The application shall block network communication from hosts identified as compromised as part of the defence-in-depth security strategy.'
2162,SR,'The module must use RSA-2048 with a 192-bit key to protect stored sensitive.'
11,NSR,'The system shall capture and store all transactions.'
1207,SR,'The tool should identify command-and-control (C2) communication patterns in network traffic to ensure confidentiality and integrity of sensitive data.'
2055,NSR,'The module should log all system errors with sufficient context for post-incident analysis.'
1311,NSR,'The software must allow users to filter and search through audit records efficiently.'
231,SR,'The CND should support protocols for remote access management.'
1412,SR,"'The component should classify identified vulnerabilities by severity level (critical, high, medium, low).'"
2626,NSR,'The software will allow administrators to generate activity reports filtered by user.'
813,NSR,'The tool shall use less than 1024MB of RAM during standard operation.'
417,NSR,'The commands received by a GlobalPlatform card shall be processed by the OPEN or dispatched to the selected Application for processing.'
86,SR,'The system generated TOTP shall be a unique passcode that changes after an interval of 30 seconds. '
1,NSR,'The system shall identify acceptable low false positive rates '
668,SR,'The application shall encrypt all medical data using AES-256 encryption in accordance with the security policy.'
958,NSR,'The interface shall generate analysis reports in under 500 seconds for typical tasks.'
59,SR,'The system shall reduce the occurrence of failure in the system.  '
767,SR,'The module shall correlate network events against threat intelligence blacklists to ensure confidentiality and integrity of sensitive data.'
1122,SR,'The service must identify and report XXE injection injection points in target applications in order to maintain system integrity.'
1,NSR,'The system shall be able to carefully diagnose the real vulnerabilities when they exist based on conducting formula-based experiments. '
85,NSR,'The system shall be able to capture all the data about an individual. '
87,NSR,'The system shall provide an ease to use interface requiring minimum training. '
3101,SR,'The component will automatically generate detailed reports of detected insecure deserialization vulnerabilities to prevent exploitation by malicious actors.'
92,NSR,'The system server shall be able to generate unique transaction IDs after every purchase or free download.  '
3068,SR,'The software will enforce data retention policies by automatically purging sensitive records after 6 months as part of the defence-in-depth security strategy.'
1742,NSR,'The platform must maintain performance under peak load conditions of 100 simultaneous users.'
1750,SR,'The service should integrate with existing SIEM systems for centralized security monitoring using industry-standard cryptographic techniques.'
1101,NSR,'The interface should send a confirmation email to newly registered users with an activation link.'
998,SR,'The agent shall enforce certificate-based authentication before granting access to protected resources using industry-standard cryptographic techniques.'
1734,SR,'The module must detect port scanning activity originating from rogue nodes on the network as part of the defence-in-depth security strategy.'
809,NSR,'The tool must complete database queries in under 3 milliseconds for datasets of up to 1000 records.'
75,NSR,'The system shall allow a customer to register '
1544,SR,'The service shall detect polymorphic and obfuscated backdoors variants using industry-standard cryptographic techniques.'
84,NSR,'The system shall be implemented for geo-fencing to ensure that the buses do not divert from their scheduled routes '
1533,NSR,'The platform must provide a notification system that alerts users when reporting is complete.'
780,SR,'The component must sign API responses to ensure integrity during transmission to prevent exploitation by malicious actors.'
750,NSR,'The application will support database schema migrations to allow incremental system upgrades.'
19,NSR,'The system should ensure that error messages are communicate to the user or admin. '
80,SR,'The system shall guarantee the privacy of user data at all times. '
2398,SR,'The application shall implement certificate pinning to prevent command injection attacks to mitigate the risk of data breaches.'
805,SR,'The software will restrict access to user based on the user's clearance level to prevent exploitation by malicious actors.'
1396,SR,'The system should verify server certificates before establishing TLS connections to prevent exploitation by malicious actors.'
1849,NSR,'The module will provide a notification system that alerts users when reporting is complete.'
922,NSR,'The module must integrate with third-party email platforms via webhooks.'
1651,NSR,'The module will operate efficiently on systems with as little as 512GB of available RAM.'
1202,SR,'The application will analyze HTTP requests and responses to detect command injection attack patterns using industry-standard cryptographic techniques.'
1392,NSR,'The tool will generate automated summary emails of daily vulnerability assessment activities.'
194,NSR,'The CNG shall classify packets entering the CPN through its WAN interface (downstream direction) according to a number of predefined priorities. Classification can be done on the basis of different layer 2 and/or layer 3 parameters.'
1389,SR,'The agent must analyze HTTP requests and responses to detect XSS (Cross-Site Scripting) attack patterns to ensure compliance with security best practices.'
2491,SR,'The tool must identify unauthorized network devices connected to the internal network to prevent exploitation by malicious actors.'
1435,NSR,'The portal must support pagination for large result sets to maintain performance.'
1202,NSR,'The tool must integrate with third-party email platforms via webhooks.'
22,NSR,'The system shall facilitate case management for ZRP'
365,NSR,'When applicable a Security Domain shall Request the OPEN to load  install  extradite  and delete card content'
1023,SR,'The framework should support automatic updates to malware signature databases.'
1045,NSR,'The software shall handle network disconnections gracefully and queue operations for retry.'
1757,NSR,'The software should maintain a consistent visual design across all screens and modules.'
1425,NSR,'The interface should support concurrent analysis of up to 100 simultaneous queries without degradation.'
929,SR,'The tool will embed an invisible digital watermark into images to protect ownership to protect against unauthorized access.'
1617,NSR,'The platform shall provide a simple three-step workflow for scan configuration tasks.'
891,NSR,'The software should implement dependency injection to improve testability of individual components.'
1361,NSR,'The application will support multi-tenancy so multiple organizations can use the system independently.'
711,NSR,'The application shall generate analysis reports in under 2 seconds for typical tasks.'
920,SR,'The component should automatically generate detailed reports of detected XML injection vulnerabilities as part of the defence-in-depth security strategy.'
2970,NSR,'The dashboard shall allow users to filter and search through audit records efficiently.'
1307,SR,'The software shall maintain a tamper-evident audit log of all security events.'
726,NSR,'The service must allow users to register an account by providing their email and organization details.'
1792,SR,'The framework shall analyze HTTP requests and responses to detect sensitive data exposure attack patterns as part of the defence-in-depth security strategy.'
1737,SR,'The software shall implement OAuth 2.0 to prevent unauthorized access to mitigate the risk of data breaches.'
1113,SR,'The application must monitor file system changes to detect ransomware encryption activity in order to maintain system integrity.'
1776,SR,'The system will test for broken authentication and session management vulnerabilities using industry-standard cryptographic techniques.'
764,SR,'The software will obtain and record user consent before collecting authentication.'
1218,SR,'The component must identify command-and-control (C2) communication patterns in network traffic using industry-standard cryptographic techniques.'
1101,NSR,'The interface will achieve a detection accuracy of at least 99% on files.'
3003,NSR,'The system should support multi-tenancy so multiple organizations can use the system independently.'
997,NSR,'The system must allow export of analysis results to Excel (XLSX) format for offline review.'
934,SR,'The module must monitor file system changes to detect ransomware encryption activity to ensure compliance with security best practices.'
710,NSR,"'The application should ensure the system can process applications reliably across all supported test, staging, and production environments.'"
1036,SR,'The system will use TLS 1.3 or higher for all network communications as part of the defence-in-depth security strategy.'
1551,NSR,'The software will maintain performance under peak load conditions of 10 simultaneous users.'
1163,SR,"'The tool shall enforce password complexity requirements including uppercase, lowercase, numbers, and special characters to ensure confidentiality and integrity of sensitive data.'"
1541,SR,'The component must enforce network segmentation policies to limit lateral movement as part of the defence-in-depth security strategy.'
1205,NSR,'The portal must process submitted samples within 2 seconds under normal load conditions.'
1319,SR,"'The platform should classify identified vulnerabilities by severity level (critical, high, medium, low) as part of the defence-in-depth security strategy.'"
1087,SR,'The agent must detect anomalous network traffic patterns indicative of cryptomining malware activity using industry-standard cryptographic techniques.'
705,NSR,'The system should allow users to filter and search through incident records efficiently.'
12,SR,"'The system shall ensure easy maintainability by enforcing best practices in documentation, applying complexity avoidance strategy, and following basic programming practices.  '"
1549,NSR,'The portal should provide keyboard shortcuts for frequently used operations.'
626,NSR,'The software should have a clean and intuitive interface that requires minimal training to operate.'
1295,SR,'The software will identify unauthorized network devices connected to the internal network to ensure confidentiality and integrity of sensitive data.'
1114,SR,'The application must detect outdated or vulnerable third-party libraries in analyzed applications to ensure confidentiality and integrity of sensitive data.'
975,SR,'The application will identify unauthorized network devices connected to the internal network to protect against unauthorized access.'
2241,SR,'The framework shall generate cryptographically secure session tokens for each authenticated user to ensure compliance with security best practices.'
2663,NSR,'The interface will backup critical user data every weekly to a secure offsite location.'
410,NSR,'The GlobalPlatform Environment (OPEN) supports Command Dispatch functions (Application and Security Domain selection  (Optional) Logical channel management  Command dispatching) if the underlying runtime environment does not support them:'
50,SR,'The system shall allow authorized user to edit patient details.'
756,SR,'The module should monitor system calls to detect malware activity at runtime.'
1285,NSR,'The software must be packaged as a desktop installer for simple installation on supported platforms.'
1214,NSR,'The tool must support multi-tenancy so multiple organizations can use the system independently.'
1826,SR,'The application should implement certificate pinning to prevent format string attacks.'
723,NSR,'The application must adhere to SOLID design principles to minimize coupling between components.'
137,NSR,"'The CNG shall be equipped with a WAN interface towards the NGN  implementing layer 1 and 2 functionalities (""one-box"" solution).'"
985,NSR,'The tool shall present a summary dashboard showing key detection metrics at a glance.'
2856,NSR,'The module should allow administrators to generate activity reports filtered by module.'
1243,SR,'The module must detect the presence of ransomware in submitted web applications to protect against unauthorized access.'
1022,SR,'The module shall enforce data retention policies by automatically purging sensitive records after 24 hours.'
860,SR,'The framework should be easily updatable with security patches without disrupting service.'
16,NSR,'The system shall allow a user to access data or resources in an indicated location and in the right format at all times. '
1666,NSR,'The software will provide a simple three-step workflow for report generation tasks.'
9,NSR,'The system shall allow the Bluetooth data lock systems to produce the same repeated results'
1223,SR,'The application should anonymize personally identifiable information before reporting to ensure compliance with security best practices.'
359,NSR,'The OPEN shall Ensure that application code has been signed by the Controlling Authority represented on the card'
528,NSR,'Perform the calculation required to generate a signature using the PSAMÃ¯Â¿Â½??s private RSA key  to allow the CEP card to validate the PSAM'
2299,SR,'The software shall detect man-in-the-middle attacks through certificate validation monitoring in order to maintain system integrity.'
1355,NSR,'The software will support concurrent analysis of up to 1000 simultaneous requests without degradation.'
1344,NSR,'The module will provide contextual help tooltips and user documentation throughout the interface.'
1486,SR,'The tool must identify unauthorized network devices connected to the internal network to protect against unauthorized access.'
1183,NSR,'The module should allow users to customize dashboard layouts according to their preferences.'
1240,NSR,'The system shall display real-time malware analysis status updates without requiring page refresh.'
3050,NSR,'The tool should achieve a throughput of at least 10 samples per hour in production.'
1120,NSR,'The dashboard should provide contextual help tooltips and user documentation throughout the interface.'
750,NSR,'The tool must support redundant database configurations to prevent data loss.'
1533,SR,'The service must detect LDAP injection vulnerabilities in submitted web applications to mitigate the risk of data breaches.'
2212,NSR,'The software should display results in both tabular and graphical chart formats.'
1293,NSR,'The software shall support automated unit and integration testing with a code coverage target of 1%.'
1240,SR,'The tool shall authenticate users using OAuth 2.0 in order to maintain system integrity.'
88,SR,'The system shall allow automatic locking after connection is lost.'
1351,NSR,'The portal should achieve a detection accuracy of at least 80% on requests.'
2435,SR,'The software shall detect distributed denial-of-service (DDoS) attack patterns in traffic to mitigate the risk of data breaches.'
805,SR,'The application should detect the presence of spyware in submitted mobile apps to mitigate the risk of data breaches.'
1713,NSR,'The module should expose a well-documented RESTful API to enable third-party integrations.'
15,SR,'The system shall be maintained through frequent updates.  '
2152,SR,'The tool shall enforce the principle of least privilege across all user roles.'
57,SR,'The system shall be available to users all the time to ensure a 24/7 service delivery and give results in a short period of time. '
1672,SR,'The system should monitor DNS queries to detect data exfiltration and domain generation algorithms to protect against unauthorized access.'
2001,SR,'The software should perform regular automated vulnerability scans against the deployed application to ensure compliance with security best practices.'
967,SR,'The service shall detect SSL/TLS misconfigurations and expired certificates in target systems using industry-standard cryptographic techniques.'
214,NSR,'CNDs connected to the CPN and devoted to specific NGN managed services shall be remotely manageable.'
880,SR,'The component should mask sensitive confidential fields in logs and reports.'
1633,SR,'The application shall detect the presence of trojans in submitted web applications to protect against unauthorized access.'
1266,SR,'The software shall generate integrity reports for user stored in the system to prevent exploitation by malicious actors.'
19,SR,'The proposed system shall provide access permissions for application data may only be changed by the systems data administrator and data stored in the database to be hashed. '
1003,NSR,'The platform will provide fail-safe behavior that prevents data loss in the event of an unexpected shutdown.'
965,SR,'The platform should prevent downgrade attacks by enforcing minimum TLS version requirements to ensure confidentiality and integrity of sensitive data.'
38,NSR,'The classifiers (algorithms in place) must be able to classify data according to its attributes and how they can learnt.  '
2852,NSR,'The application shall maintain a false positive rate below 1% during analysis operations.'
851,NSR,'The service will send a confirmation email to newly registered users with an activation link.'
3103,NSR,'The system will provide a role management interface for assigning permissions to user groups.'
257,NSR,'The CNG should support or not prevent redirection of IP Multimedia sessions  as defined by TS 181 005 [1]  independently from the type of device used (NGN terminal or other CND).'
1229,SR,'The service will detect anomalous network traffic patterns indicative of malware activity in accordance with the security policy.'
1600,NSR,'The interface should follow clean code principles and established design patterns for maintainability.'
897,SR,'The component must monitor system calls to detect backdoors activity at runtime as part of the defence-in-depth security strategy.'
1563,NSR,'The platform must allow export of scan findings to PDF for integration with ticketing systems.'
1706,SR,'The application should prevent unauthorized access to sensitive confidential through access controls using industry-standard cryptographic techniques.'
1557,NSR,'The software will support Spanish language localization for international users.'
739,SR,'The agent should sign API responses to ensure integrity during transmission.'
619,SR,"'The agent shall enforce password complexity requirements including uppercase, lowercase, numbers, and special characters.'"
2318,SR,'The system will extract and verify digital watermarks from submitted audio files in order to maintain system integrity.'
1316,SR,'The platform should detect duplicate submissions of watermarked images by different authors to ensure compliance with security best practices.'
64,SR,'The system allows user re-verification by the usage of AVS and distinct security questions. '
1685,SR,'The service should use HMAC-PBKDF2 to authenticate API requests and prevent replay attacks using industry-standard cryptographic techniques.'
1393,SR,'The system will prevent privilege escalation attacks by validating all permission changes.'
1162,NSR,'The application should scale horizontally to handle increased queries volume without reconfiguration.'
2156,SR,'The component will detect man-in-the-middle attacks through certificate validation monitoring to ensure confidentiality and integrity of sensitive data.'
1129,SR,'The application must notify administrators of critical security events via push notifications in accordance with the security policy.'
1273,SR,'The agent will detect port scanning activity originating from rogue nodes on the network to mitigate the risk of data breaches.'
2241,SR,'The platform should invalidate session tokens upon logout to prevent session hijacking.'
1919,SR,'The framework shall detect unauthorized modifications to critical system files to protect against unauthorized access.'
771,SR,'The service shall enforce network segmentation policies to limit lateral movement to prevent exploitation by malicious actors.'
36,NSR,"'The system ensures the software quality attributes reliability, efficiency, user-friendliness, flexibility. '"
1532,SR,'The framework should verify the authenticity of images by checking its embedded watermark to ensure confidentiality and integrity of sensitive data.'
1088,SR,'The tool must use TLS 1.2 or higher for all network communications to ensure confidentiality and integrity of sensitive data.'
2110,SR,'The agent should detect LDAP injection vulnerabilities in submitted web applications to mitigate the risk of data breaches.'
1850,SR,'The system will use RSA-2048 with a 128-bit key to protect stored transaction to protect against unauthorized access.'
20,SR,"The system shall ensure that if login credentials are valid, the flow control of the user logging in will pass into the system, otherwise it directs the user back to the login page, and if no information is found, the user should input another licence number, or vehicle registration number. "
4,NSR,"'The system shall be designed in such a way that the final product will be user-friendly and very efficient, '"
19,SR,'The system shall be able to function as desired all the time.  '
96,NSR,'The system shall allow the message digest (message + signature) to be transmitted to the recipient via email. '
84,NSR,'The system shall provide an easy to use GUI for tracking '
1817,NSR,'The tool shall allow users to view the history of previously submitted samples.'
1320,NSR,'The platform will minimize latency in real-time monitoring mode to under 200 milliseconds.'
1052,SR,'The service must enforce the principle of least privilege across all user roles using industry-standard cryptographic techniques.'
1858,NSR,'The application shall be transferable between environments through a standard configuration export/import mechanism.'
2604,NSR,'The system shall provide a responsive design compatible with both desktop and mobile browsers.'
1344,NSR,'The software must be transferable between environments through a standard configuration export/import mechanism.'
140,NSR,'The CNG shall support direct intra-LAN connectivity between any appropriate pair of devices on the Customer Premises Network.'
1435,NSR,'The application will allow export of scan findings to PDF for integration with ticketing systems.'
25,NSR,'The system shall allow clients or administrator to enter the data or upload or download files from or into the system'
669,SR,'The service should prevent privilege escalation attacks by validating all permission changes as part of the defence-in-depth security strategy.'
911,SR,'The application should be easily updatable with security patches without disrupting service.'
669,SR,'The module must enforce role-based access control to restrict user permissions using industry-standard cryptographic techniques.'
30,NSR,'The system shall have analysis module that will use metadata contained with the extracted information detect location data so as to create a movement map from this information '
29,NSR,"'The system shall be developed in python and java languages making the program portable I,e platform independent,  the system is easy to transfer from one hardware and/or software system environment to another. '"
1161,SR,'The application must detect anomalous network traffic patterns indicative of trojans activity to protect against unauthorized access.'
49,SR,'The systems ability to produce a trimmed output will deprive an attacker (pirate) access to a single complete song file from any point onwards.  '
1184,NSR,'The module will allow signature databases and detection rules to be updated without system restart.'
1918,NSR,'The module will maintain a structured database of known vulnerability signatures and indicators.'
1201,SR,'The tool should identify open ports and running services on the target network using industry-standard cryptographic techniques.'
1085,NSR,'The module will provide a simple three-step workflow for account management tasks.'
2389,NSR,'The service will perform automated health checks every 500 seconds and alert on anomalies.'
1042,SR,'The software shall validate input sanitization to prevent XML injection injection attacks.'
826,NSR,'The platform should send a confirmation email to newly registered users with an activation link.'
1284,NSR,'The application will be containerized using Docker for consistent deployment across environments.'
958,NSR,'The application must achieve a throughput of at least 10 applications per hour in production.'
1500,SR,'The platform must detect unauthorized modifications to critical system files in order to maintain system integrity.'
831,SR,'The framework shall extract and analyze malware indicators of compromise from samples to mitigate the risk of data breaches.'
1901,NSR,'The interface will allow users to customize dashboard layouts according to their preferences.'
662,SR,'The platform will implement certificate pinning to prevent format string attacks as part of the defence-in-depth security strategy.'
900,NSR,'The application should generate analysis reports in under 24 seconds for typical tasks.'
774,NSR,'The system will support multi-tenancy so multiple organizations can use the system independently.'
361,NSR,'Security Domains enforce the security policies of their off-card Security Domain Provider.'
645,NSR,'The application should display progress indicators during long-running analysis operations.'
22,NSR,'The system shall be based on a client-server architecture hence resources are to be obtained from two difference sources at any given point increasing efficiency in resource utilization and also reduction in system bottlenecks. '
1361,NSR,'The system will provide a user-friendly graphical user interface (GUI) for ease of use.'
45,SR,'System must allow clients to run a separate routing protocol from one in ISP network. '
1502,NSR,'The application shall be containerized using Docker for consistent deployment across environments.'
988,NSR,'The module should provide a notification system that alerts users when monitoring is complete.'
863,SR,'The platform should validate user credentials against the LDAP directory before allowing access to ensure compliance with security best practices.'
700,NSR,'The tool should be accessible to users with disabilities by adhering to WCAG 2.1 guidelines.'
1164,SR,'The software will use asymmetric encryption (RSA-4096) for secure key exchange to mitigate the risk of data breaches.'
1712,SR,'The tool should associate the embedded watermark with the author's registration number as part of the defence-in-depth security strategy.'
25,NSR,'The system shall offer high Response Time to give results as soon as possible'
2088,SR,'The agent shall detect polymorphic and obfuscated rootkits variants in accordance with the security policy.'
1675,NSR,'The interface must allow users to register an account by providing their email and organization details.'
863,NSR,'The interface will log all system errors with sufficient context for post-incident analysis.'
2431,SR,'The framework must identify unauthorized network devices connected to the internal network to prevent exploitation by malicious actors.'
915,NSR,'The service should support bulk submission of scans for batch detection processing.'
843,NSR,'The module will ensure the system can process queries reliably across all supported cloud and on-premises environments.'
1269,SR,"'The module shall enforce password complexity requirements including uppercase, lowercase, numbers, and special characters to ensure compliance with security best practices.'"
2701,NSR,'The system shall support redundant database configurations to prevent data loss.'
1261,SR,'The component must enforce hardware token authentication before granting access to protected resources to prevent exploitation by malicious actors.'
94,SR,'The system shall provide authentication by ensuring that the agents compare the watermark keys on the detected images with the keys already stored in the agencys database. '
1302,SR,'The platform shall identify unauthorized network devices connected to the internal network to ensure compliance with security best practices.'
1048,NSR,'The application should implement transaction rollbacks to maintain data consistency during failures.'
791,SR,'The application shall enforce HTTPS for all data transmission between client and server.'
1766,NSR,'The tool must ensure the system can process queries reliably across all supported Windows and Linux environments.'
66,NSR,'The System shall be able to allow student to view final results and degree class. '
929,NSR,'The portal will minimize latency in real-time monitoring mode to under 500 milliseconds.'
881,NSR,'The interface shall validate input data before processing to prevent crashes from malformed input.'
545,NSR,'The amount to be reversed is the amount of the last step of the transaction. The reversal command sent to the CEP card contains a S2 MAC computed by the PSAM'
1163,NSR,'The module will have a clean and intuitive interface that requires minimal training to operate.'
1313,SR,'The application should store user passwords using bcrypt hashing with unique salts.'
1901,NSR,'The software shall require no platform-specific dependencies outside of the documented prerequisites.'
964,SR,'The module will identify unauthorized network devices connected to the internal network as part of the defence-in-depth security strategy.'
1174,NSR,'The interface will achieve an uptime of at least 99.5% measured over a rolling 90-day period.'
798,NSR,'The interface shall automatically recover from non-critical errors without requiring manual intervention.'
733,SR,'The system will generate and rotate encryption keys every 30 days to minimize key exposure to ensure confidentiality and integrity of sensitive data.'
1206,NSR,'The portal shall achieve an uptime of at least 85% measured over a rolling 90-day period.'
2450,NSR,'The interface will be deployable on 64-bit Windows and Linux operating systems without modification.'
392,SR,'A GlobalPlatform card offers Entity authentication - in which the card or the off-card entity proves its authenticity to the other entity through a cryptographic exchange'
744,SR,'The component will enforce HTTPS for all data transmission between client and server to ensure confidentiality and integrity of sensitive data.'
1766,SR,'The service will generate integrity reports for medical stored in the system to prevent exploitation by malicious actors.'
2336,NSR,'The platform will support concurrent analysis of up to 10 simultaneous scans without degradation.'
1403,NSR,'The service shall maintain performance under peak load conditions of 500 simultaneous users.'
1132,NSR,'The platform shall run on any system that has .NET version 11 or later installed.'
2219,SR,'The component must digitally sign all personal to ensure authenticity and non-repudiation in order to maintain system integrity.'
1552,NSR,'The platform must support French language localization for international users.'
1665,NSR,'The module should generate detailed reports of detection results in JSON format.'
804,SR,'The application will automatically log out inactive sessions after 60 minutes of inactivity to ensure compliance with security best practices.'
1825,SR,'The software should securely store encryption keys in a dedicated key management system as part of the defence-in-depth security strategy.'
2349,NSR,'The system should allow users to annotate and comment on scanning findings for team collaboration.'
1043,NSR,'The platform should provide a cross-platform command-line interface in addition to the GUI.'
89,SR,'The system shall be able to filter outgoing traffic if it contains proxy related request. '
717,SR,'The software will detect unauthorized modifications to critical system files as part of the defence-in-depth security strategy.'
1546,SR,'The application will generate integrity reports for transaction stored in the system in accordance with the security policy.'
1584,SR,'The framework shall sign API responses to ensure integrity during transmission to ensure compliance with security best practices.'
1425,SR,'The platform should use RSA-2048 with a 256-bit key to protect stored configuration.'
1503,SR,'The module shall detect the presence of spyware in submitted web applications as part of the defence-in-depth security strategy.'
34,NSR,'The system shall enable potential blood donors to register and answer a health history questionnaire '
1356,NSR,'The service should present scan results in a clear and easy-to-understand format.'
840,NSR,'The portal should include comprehensive inline code documentation and API documentation.'
1149,NSR,'The service should run on any system that has the JVM version 16 or later installed.'
1270,SR,'The service should alert administrators when cryptomining malware activity is detected in real time using industry-standard cryptographic techniques.'
945,SR,'The software should detect cryptojacking activity by monitoring CPU usage and network connections.'
1056,NSR,'The module must display real-time detection status updates without requiring page refresh.'
1149,NSR,'The system shall allow users to customize dashboard layouts according to their preferences.'
893,SR,'The framework shall generate integrity reports for authentication stored in the system in order to maintain system integrity.'
1361,NSR,'The portal must follow clean code principles and established design patterns for maintainability.'
799,SR,'The application should invalidate session tokens upon logout to prevent session hijacking in accordance with the security policy.'
663,SR,'The tool should store user passwords using SHA-3 hashing with unique salts in accordance with the security policy.'
1315,SR,'The software should block network communication from hosts identified as compromised to ensure compliance with security best practices.'
883,SR,'The agent should detect polymorphic and obfuscated spyware variants to ensure confidentiality and integrity of sensitive data.'
1573,NSR,'The application shall be implemented using a modular architecture to facilitate independent component updates.'
1395,SR,'The system must validate user credentials against the secure database before allowing access in accordance with the security policy.'
1785,NSR,'The tool must implement graceful degradation so critical functions remain available during partial failures.'
776,NSR,'The system must complete database queries in under 24 milliseconds for datasets of up to 500 records.'
2828,NSR,"'The tool will provide a changelog documenting all updates, bug fixes, and new features.'"
637,NSR,'The service shall be transferable between environments through a standard configuration export/import mechanism.'
55,SR,'The system shall provide log in and logout capabilities which can be seen as the first line of security which most systems should possess for authentication and accountability purposes. '
979,SR,'The module will log all network security events with timestamps for forensic analysis to protect against unauthorized access.'
4,SR,'The system shall show a report containing detailed results found in files submitted for analysis and will clearly indicate which file is malicious and which one is benign. '
172,NSR,'The CNG shall support mechanisms for managing IPTV flows provided both in unicast and multicast mode.'
1050,SR,'The tool shall detect unauthorized modifications to critical system files in accordance with the security policy.'
1351,NSR,'The platform must minimize latency in real-time monitoring mode to under 5 milliseconds.'
72,NSR,'The  system shall report the findings of the SSL certificate phase. '
1687,SR,'The module will restrict access to confidential based on the user's clearance level to mitigate the risk of data breaches.'
1150,SR,'The application must limit login attempts to 5 consecutive failures before locking the account as part of the defence-in-depth security strategy.'
19,SR,'The system shall be accessible to users via HTTPS web portal '
776,NSR,'The portal will provide a simple three-step workflow for report generation tasks.'
1986,SR,'The component must embed an invisible digital watermark into audio files to protect ownership to mitigate the risk of data breaches.'
1409,SR,'The agent must detect polymorphic and obfuscated malware variants in order to maintain system integrity.'
1512,SR,'The service should encrypt data at rest using ChaCha20-Poly1305 to protect against unauthorized access to prevent exploitation by malicious actors.'
1334,NSR,'The dashboard shall display clear error messages that guide the user toward resolution.'
1271,SR,'The platform should use TLS 1.3 or higher for all network communications.'
1122,SR,'The system shall implement certificate pinning to prevent SSRF attacks to mitigate the risk of data breaches.'
1042,NSR,"'The tool will ensure the system can process files reliably across all supported test, staging, and production environments.'"
1196,SR,'The system shall perform static analysis to identify potential XXE injection vulnerabilities.'
1047,SR,'The framework must automatically generate detailed reports of detected buffer overflow vulnerabilities to prevent exploitation by malicious actors.'
1848,NSR,'The module shall provide a role management interface for assigning permissions to user groups.'
712,NSR,'The software will maintain backward compatibility with previous versions of the API.'
445,NSR,"'""If a SELECT [by name] [first or only occurrence] or SELECT [by name] [next occurrence] is received and the data field of the command message is not present, the Issuer Security Domain shall become the currently selected Application and the SELECT command is dispatched to the Issuer Security Domain,""'"
47,NSR,'The system shall have short time for data transmission. '
774,NSR,'The dashboard should generate analysis reports in under 5 seconds for typical samples.'
808,NSR,'The portal will support database schema migrations to allow incremental system upgrades.'
1464,NSR,'The system must maintain backward compatibility with previous versions of the API.'
113,SR,'When the CNG detects replayed user and/or device credentials  the CNG shall stop the relevant processes.'
1718,SR,'The service will associate the embedded watermark with the author's registration number to ensure confidentiality and integrity of sensitive data.'
802,NSR,'The system must consume no more than 99.9% of available CPU resources during idle monitoring.'
3,SR,'The system shall allow the user to generate their ECC public and private keys. These keys are to be used for the encryption of the AES encryption key and also for PDP. '
91,NSR,'The system shall  permit user credentials registration. '
1759,NSR,'The interface shall provide a disaster recovery plan with a recovery time objective of 200 hours.'
102,SR,'The system shall enable the systems administrator to log on to the website in order to view the notification messages. '
2458,SR,'The platform will detect distributed denial-of-service (DDoS) attack patterns in traffic.'
1946,SR,'The framework must generate cryptographically secure session tokens for each authenticated user to ensure compliance with security best practices.'
661,NSR,'The module will automatically recover from non-critical errors without requiring manual intervention.'
479,NSR,"'""At any time on an open Supplementary Logical Channel the OPEN may receive a request to either open or close a Supplementary Logical Channel. If a MANAGE CHANNEL [open] is received and the Application selected on the original Supplementary Logical Channel has no multi-selection restrictions, this Application becomes the selected Application on the newly opened Supplementary Logical Channel. If a MANAGE CHANNEL [close] is received, terminate the Application Session currently selected on the Supplementary Logical Channel indicated by the command and then close that logical channel. The Basic Logical Channel can never be closed.""'"
1603,NSR,'The platform should support virtualized environments including VMware and Hyper-V.'
1487,NSR,'The service will generate structured logs in syslog format for consumption by log aggregators.'
1291,NSR,'The system must run on any system that has Python version 14 or later installed.'
1434,SR,'The platform shall anonymize personally identifiable information before analysis.'
1940,NSR,'The platform shall integrate with third-party cloud storage platforms via webhooks.'
17,NSR,"'The system shall be designed to have a short response time to opening the web application, requesting user details and uploading the personally identifiable information onto a profile.  '"
1697,NSR,'The software must provide contextual help tooltips and user documentation throughout the interface.'
1148,NSR,'The dashboard shall generate automated summary emails of daily scanning activities.'
1056,NSR,'The application will provide a simple three-step workflow for report generation tasks.'
976,SR,'The software will identify and report insecure deserialization injection points in target applications to ensure confidentiality and integrity of sensitive data.'
1253,NSR,'The interface should perform automated health checks every 100 seconds and alert on anomalies.'
1869,NSR,'The application will be packaged as a web application for simple installation on supported platforms.'
1160,SR,'The software will limit login attempts to 5 consecutive failures before locking the account in accordance with the security policy.'
1343,SR,'The application will generate behavioral reports for binary files executed in the sandbox in order to maintain system integrity.'
1585,SR,'The tool must detect polymorphic and obfuscated keyloggers variants.'
1656,SR,'The component will monitor file system changes to detect ransomware encryption activity as part of the defence-in-depth security strategy.'
35,SR,'The web application will be secured by hardening and protecting the servers and restricting access from the outside. '
1791,SR,'The application must monitor file system changes to detect ransomware encryption activity.'
8,SR,'The system shall be able to open the door when the pin is correct '
20,SR,'The system shall prompt for a password to log in to access the services '
1165,NSR,'The dashboard should allow administrators to configure detection thresholds without modifying source code.'
3,NSR,'The system shall allow multiple clients to login and save their files to the remote server'
834,NSR,'The dashboard shall respond to user interface interactions within 24 milliseconds.'
1865,SR,'The service will verify the integrity of user using cryptographic checksums as part of the defence-in-depth security strategy.'
707,NSR,'The dashboard will support import of threat intelligence feeds in CSV format.'
2385,SR,'The software should analyze HTTP requests and responses to detect broken authentication attack patterns in order to maintain system integrity.'
385,NSR,'The Load File Data Block Hash is used in the computation of The Load Token'
1626,NSR,"'The service will allow users to register an account by providing their username, email address, and contact number.'"
894,NSR,'The module will provide a disaster recovery plan with a recovery time objective of 60 hours.'
783,SR,'The component must require users to change default passwords upon first login to prevent exploitation by malicious actors.'
789,SR,'The service will automatically log out inactive sessions after 10 minutes of inactivity to mitigate the risk of data breaches.'
59,NSR,"'The system shall implement a policy on technical issues like renewal of certificates and lost eIDs, to cater for all eventualities. '"
1445,NSR,'The platform must be packaged as a desktop installer for simple installation on supported platforms.'
1209,NSR,'The module must provide an audit trail of all administrative actions performed in the system.'
1940,SR,'The application shall log all network security events with timestamps for forensic analysis.'
1748,NSR,'The platform should support bulk submission of applications for batch vulnerability assessment processing.'
768,SR,'The module must analyze Windows executables behavior in an isolated sandbox environment.'
1274,NSR,'The module will minimize latency in real-time monitoring mode to under 15 milliseconds.'
960,NSR,'The interface should display progress indicators during long-running analysis operations.'
1871,SR,'The system must classify detected worms into known malware families.'
1949,SR,'The component will limit login attempts to 5 consecutive failures before locking the account.'
722,SR,'The system should implement biometric authentication to prevent unauthorized access to ensure confidentiality and integrity of sensitive data.'
2366,NSR,'The platform must support installation via npm package manager.'
67,NSR,'The system shall be able to simulate road rules diagrams. '
5,NSR,'The system shall adapt to all types of application. '
1145,NSR,'The dashboard must respond to user interface interactions within 2 milliseconds.'
1559,SR,'The system must detect the presence of trojans in submitted Windows executables in accordance with the security policy.'
1037,NSR,'The module shall separate configuration from code to allow environment-specific deployments.'
42,NSR,"'The system will have a homepage which will be responsible for redirecting the user to the desired page, this can be a login page where the user will login to his email account or a registration page where the user creates an email account. '"
28,SR,'The system should be able to match fingerprint at login. '
1244,NSR,'The dashboard should process submitted samples within 30 seconds under normal load conditions.'
1630,SR,'The service will identify open ports and running services on the target network to ensure confidentiality and integrity of sensitive data.'
959,NSR,'The service must expose a well-documented RESTful API to enable third-party integrations.'
1855,NSR,'The platform shall support Arabic language localization for international users.'
2445,NSR,'The application shall provide a disaster recovery plan with a recovery time objective of 60 hours.'
96,SR,"'The system shall be easy to maintain as it shall be built following best practices in documentation, complexity avoidance and good programming strategies. '"
660,SR,'The agent shall verify the authenticity of PDF documents by checking its embedded watermark to protect against unauthorized access.'
1904,NSR,'The dashboard must provide keyboard shortcuts for frequently used operations.'
1427,NSR,'The module should generate automated summary emails of daily monitoring activities.'
1643,NSR,'The application shall minimize latency in real-time monitoring mode to under 3 milliseconds.'
75,SR,'The system shall enable data multiple replications. '
44,SR,'Each user is to be configured with a unique User Name and a password that can be changed when it is necessary.  '
756,SR,'The agent should generate and rotate encryption keys every 90 days to minimize key exposure to protect against unauthorized access.'
209,NSR,'A suitably authorized CPN user (e.g. the system administrator) shall be able to install and activate NGN managed services without the intervention of the subscribing CPN user.'
3033,SR,'The software must identify and report CSRF injection points in target applications to protect against unauthorized access.'
14,NSR,"'The system should be able to detect cryptojacking quickly, in a timely-manner. '"
1727,NSR,'The software must allow export of analysis results to XML format for offline review.'
14,SR,'The system should not violate laws by not infringing the privacy of sensitive user information and intellectual property rights. '
686,NSR,'The application will support concurrent analysis of up to 1000 simultaneous scans without degradation.'
1271,NSR,'The portal will provide a searchable database of historical detection results.'
1130,NSR,'The software should maintain performance under peak load conditions of 10 simultaneous users.'
621,NSR,'The portal must allow users to view the history of previously submitted applications.'
1645,SR,'The system must limit login attempts to 5 consecutive failures before locking the account using industry-standard cryptographic techniques.'
1430,NSR,'The interface should provide a simple three-step workflow for scan configuration tasks.'
1165,NSR,'The service shall generate analysis reports in under 10 seconds for typical applications.'
1367,NSR,'The module should complete database queries in under 30 milliseconds for datasets of up to 50 records.'
65,NSR,'The system user interface should be almost self-explanatory. '
2483,SR,'The service will anonymize personally identifiable information before reporting to ensure compliance with security best practices.'
1240,NSR,'The interface must be containerized using Docker for consistent deployment across environments.'
911,NSR,'The platform shall provide a role management interface for assigning permissions to user groups.'
1190,NSR,'The interface must run on any system that has Node.js version 11 or later installed.'
659,SR,"'The component shall enforce password complexity requirements including numbers, symbols, and mixed case letters.'"
128,NSR,'The CNG shall support mechanisms to authenticate itself to the NGN for service usage purposes.'
651,SR,'The application will detect anomalous network traffic patterns indicative of worms activity as part of the defence-in-depth security strategy.'
3110,SR,'The system must sign API responses to ensure integrity during transmission.'
1660,NSR,'The system must provide administrators with a configurable dashboard for system management.'
1542,SR,'The software will embed an invisible digital watermark into images to protect ownership to ensure confidentiality and integrity of sensitive data.'
1103,SR,'The component should detect outdated or vulnerable third-party libraries in analyzed applications using industry-standard cryptographic techniques.'
1611,NSR,'The tool must backup critical scan data every weekly to a secure offsite location.'
1294,NSR,'The portal shall allow users to schedule automated authentication at configured intervals.'
1251,NSR,'The portal will maintain backward compatibility with previous versions of the API.'
2484,NSR,'The portal should use version control best practices including branching strategies and commit conventions.'
1920,SR,'The service shall scan submitted code for SQL Injection security flaws to prevent exploitation by malicious actors.'
540,NSR,'If errors in the card issuer MAC are discovered by the card issuer during its processing of the transactions  a dispute mechanism  established by the scheme provider  may be used to have money refunded'
75,NSR,'The system shall allow the customer to upload documents. '
17,NSR,'The system shall allow extraction of the personally identifiable information. '
101,NSR,'The system shall be lightweight '
1295,NSR,'The interface must allow users to set and manage monitoring thresholds and alert rules.'
1804,NSR,'The dashboard will allow users to view the history of previously submitted files.'
1216,NSR,'The software should generate automated summary emails of daily vulnerability assessment activities.'
1802,SR,'The component will maintain a tamper-evident audit log of all configuration change events using industry-standard cryptographic techniques.'
1657,NSR,'The module must allow users to schedule automated detection at configured intervals.'
2027,NSR,'The portal shall provide an audit trail of all administrative actions performed in the system.'
1504,SR,'The framework shall provide secure password reset functionality using verified email or OTP using industry-standard cryptographic techniques.'
951,NSR,'The portal shall have a clean and intuitive interface that requires minimal training to operate.'
1386,SR,'The service must perform regular automated vulnerability scans against the deployed application to prevent exploitation by malicious actors.'
1283,SR,'The framework shall monitor file system changes to detect ransomware encryption activity using industry-standard cryptographic techniques.'
892,SR,'The component will generate behavioral reports for binary files executed in the sandbox as part of the defence-in-depth security strategy.'
1586,SR,'The module shall identify open ports and running services on the target network to prevent exploitation by malicious actors.'
1191,NSR,'The application should allow authenticated users to upload scans for analysis.'
72,SR,'The system users shall be able to access the system using an existing hard to guess password. '
1996,NSR,'The interface shall handle network disconnections gracefully and queue operations for retry.'
1697,NSR,'The system shall provide a notification system that alerts users when monitoring is complete.'
1466,SR,'The platform will enforce role-based access control to restrict user permissions in accordance with the security policy.'
930,NSR,'The interface must process submitted samples within 3 seconds under normal load conditions.'
869,SR,'The application should enforce role-based access control to restrict user permissions to protect against unauthorized access.'
605,NSR,'There may be multiple certification authorities that manage keys for the system  including the possibility of one overall highest level certification authority (perhaps on an international level)  and domestic certification authorities for each country or region'
1399,SR,'The module will detect and block connections to known malicious IP addresses and domains in accordance with the security policy.'
1650,NSR,'The system will provide a notification system that alerts users when malware analysis is complete.'
180,NSR,'Functionalities related to Electronic Programming Guide and DRM management shall be implemented in STB or media gateway and not in CNG.'
1518,SR,'The tool should use HMAC-PBKDF2 to authenticate API requests and prevent replay attacks.'
43,NSR,'The system should be computer based. '
2134,SR,'The module must detect unauthorized modifications to critical system files to protect against unauthorized access.'
712,SR,'The module must use TLS 1.2 or higher for all network communications in accordance with the security policy.'
998,SR,'The software shall verify digital signatures before processing received medical using industry-standard cryptographic techniques.'
1309,NSR,'The software will consume no more than 90% of available CPU resources during idle monitoring.'
1178,NSR,'The dashboard should maintain a false positive rate below 1% during detection operations.'
630,NSR,'The platform will support redundant database configurations to prevent data loss.'
1290,NSR,'The platform should support plugin-based architecture to allow new detection modules to be added.'
1156,SR,'The system shall enforce HTTPS for all data transmission between client and server to ensure confidentiality and integrity of sensitive data.'
1260,SR,'The software shall extract and analyze rootkits indicators of compromise from samples to prevent exploitation by malicious actors.'
1580,NSR,'The platform shall support German language localization for international users.'
2926,SR,'The framework should analyze HTTP requests and responses to detect SSRF attack patterns in order to maintain system integrity.'
911,SR,'The system shall mask sensitive session fields in logs and reports.'
657,SR,'The module shall encrypt all transaction data using 3DES encryption in accordance with the security policy.'
1284,NSR,'The interface must support concurrent analysis of up to 100 simultaneous files without degradation.'
1057,SR,'The system will identify unauthorized network devices connected to the internal network in order to maintain system integrity.'
519,NSR,'The card issuer and the merchant acquirer also authenticate the transaction when they receive it'
2463,SR,'The tool shall extract and analyze backdoors indicators of compromise from samples to protect against unauthorized access.'
1234,NSR,'The system must provide a RESTful API that allows external systems to trigger and retrieve reporting results.'
1588,NSR,'The dashboard shall run on any system that has Python version 16 or later installed.'
591,SR,'Two-way  or mutual  authentication  where the card authenticates the terminal and the terminal authenticates the card for each transaction  must be performed for off-line transactions'
1337,SR,'The system should detect man-in-the-middle attacks through certificate validation monitoring using industry-standard cryptographic techniques.'
720,NSR,'The system shall provide a RESTful API that allows external systems to trigger and retrieve malware analysis results.'
1513,SR,'The application should detect the presence of worms in submitted Windows executables in accordance with the security policy.'
865,NSR,'The software must separate configuration from code to allow environment-specific deployments.'
679,NSR,'The interface will run on any system that has Python version 3.10 or later installed.'
798,SR,'The tool must analyze scripts behavior in an isolated sandbox environment to mitigate the risk of data breaches.'
484,NSR,'Once an Application becomes the selected Application on a Supplementary Logical Channel  the responsibility for subsequent command dispatching still rests with the OPEN.'
920,NSR,'The software will consume no more than 80% of available CPU resources during idle monitoring.'
703,NSR,'The portal should support virtualized environments including VMware and Hyper-V.'
1927,SR,'The framework must comply with HIPAA data protection requirements in order to maintain system integrity.'
1052,SR,'The platform shall implement hardware token authentication to prevent unauthorized access to ensure confidentiality and integrity of sensitive data.'
132,NSR,'The capacity of the authorized entities should depend on the security policies defined by the service providers  managing the CNG.'
20,NSR,'The system should be very portable due to the software application which will be installed on a mobile device. '
1019,SR,'The module shall allow for safe fail-secure behavior whenever a security fault is detected to ensure confidentiality and integrity of sensitive data.'
675,SR,'The framework must automatically log out inactive sessions after 30 minutes of inactivity in order to maintain system integrity.'
225,SR,'Authorized users shall be able to access NGN-based services using any NGN supported home device.'
1254,SR,'The system will detect the presence of rootkits in submitted Windows executables to ensure compliance with security best practices.'
3058,NSR,'The platform will allow export of scan findings to XML for integration with ticketing systems.'
1727,SR,'The agent shall identify command-and-control (C2) communication patterns in network traffic in accordance with the security policy.'
72,NSR,"'The system shall report the findings, after detecting and analysing the vulnerabilities'"
2139,NSR,'The module should process submitted applications within 2 seconds under normal load conditions.'
1454,NSR,'The portal will allow administrators to generate activity reports filtered by module.'
1729,NSR,'The platform shall achieve a detection accuracy of at least 99.9% on queries.'
1116,SR,'The application should analyze HTTP requests and responses to detect XXE injection attack patterns to ensure compliance with security best practices.'
63,SR,'The systems listening for scanning is done while listening to the OS activities.  '
1808,SR,'The application must encrypt all confidential data using AES-256 encryption to protect against unauthorized access.'
17,SR,"'The system shall provide access whenever the user needs to check publicly available records of an individual, they should be able to do so since social media details are always available '"
970,NSR,'The tool will maintain performance under peak load conditions of 100 simultaneous users.'
759,NSR,'The portal will support French language localization for international users.'
1772,SR,'The tool should automatically generate detailed reports of detected SSRF vulnerabilities to ensure compliance with security best practices.'
1967,NSR,'The portal will generate automated summary emails of daily authentication activities.'
1412,NSR,'The system should allow users to view the history of previously submitted scans.'
573,NSR,'Card issuers must inform their cardholders as to which currencies they support in electronic purses'
922,NSR,'The tool will provide a simple three-step workflow for scan configuration tasks.'
562,NSR,'The merchant acquirer validates the PSAMÃ¯Â¿Â½??s MACs prior to accepting the POS transactions for payment. In addition  selected data elements are validated to ensure correct processing by the POS device and its PSAM'
1156,NSR,'The system shall expose a well-documented RESTful API to enable third-party integrations.'
1904,SR,'The application shall detect SSL/TLS misconfigurations and expired certificates in target systems to mitigate the risk of data breaches.'
10,NSR,'The system shall be able to extract raw data from Twitter in real time. '
970,NSR,'The tool should support virtualized environments including VMware and Hyper-V.'
1280,SR,'The software must validate user credentials against a hashed credential store before allowing access to prevent exploitation by malicious actors.'
1692,NSR,'The platform shall allow administrators to configure detection thresholds without modifying source code.'
799,NSR,'The software should consume no more than 1% of available CPU resources during idle monitoring.'
1793,SR,'The module shall support automatic updates to malware signature databases using industry-standard cryptographic techniques.'
992,SR,'The application will use HMAC-SHA-3 to authenticate API requests and prevent replay attacks to mitigate the risk of data breaches.'
852,SR,'The application should capture and analyze HTTP(S) packets for signs of malicious activity.'
71,NSR,"'The system should provide a functionality to allow the user to view and read temperature, humidity and soil moisture content states of the plants from nursery stage up to Harvesting. '"
1299,NSR,'The tool must allow multiple users to collaborate on detection within a shared workspace.'
48,SR,'The system shall be able to analyse the detected vulnerability. '
1153,SR,'The agent will enforce role-based access control to restrict user permissions in order to maintain system integrity.'
859,NSR,'The portal will support Arabic language localization for international users.'
1946,NSR,'The platform must integrate with third-party SIEM platforms via OAuth 2.0.'
1071,SR,'The agent should protect private keys from unauthorized extraction or export to ensure confidentiality and integrity of sensitive data.'
1313,SR,'The component will implement biometric authentication to prevent unauthorized access.'
1694,NSR,'The interface will allow users to filter and search through audit records efficiently.'
1374,NSR,'The portal shall require no platform-specific dependencies outside of the documented prerequisites.'
77,NSR,'The system shall allow capturing of the National ID for a person the stand is issued to. '
870,SR,'The module shall perform regular automated vulnerability scans against the deployed application.'
1998,SR,'The framework will require users to change default passwords upon first login as part of the defence-in-depth security strategy.'
804,NSR,'The system should perform automated health checks every 24 seconds and alert on anomalies.'
676,SR,"'The service must classify identified vulnerabilities by severity level (critical, high, medium, low) to mitigate the risk of data breaches.'"
1537,NSR,'The system should support bulk submission of applications for batch detection processing.'
952,SR,'The system will digitally sign all configuration to ensure authenticity and non-repudiation in order to maintain system integrity.'
109,SR,'A CPN-user attempting to invoke a CNG-mediated service shall be identified and authenticated by the CNG before being granted access to the service.'
1198,SR,'The software shall identify unauthorized network devices connected to the internal network to prevent exploitation by malicious actors.'
1146,SR,'The application will encrypt data at rest using RSA-2048 to protect against unauthorized access in accordance with the security policy.'
854,SR,'The service must detect duplicate submissions of watermarked audio files by different authors to mitigate the risk of data breaches.'
811,NSR,'The module will allow export of analysis results to XML format for offline review.'
991,NSR,'The dashboard shall provide a simple three-step workflow for account management tasks.'
36,SR,'The system shall be able to authenticate users so that any unauthorized persons should not be granted by the system '
2383,SR,'The application shall enforce role-based access control to restrict user permissions.'
2526,SR,'The agent shall use asymmetric encryption (ECDSA) for secure key exchange in order to maintain system integrity.'
909,NSR,'The portal shall use less than 2MB of RAM during standard operation.'
1222,NSR,'The tool will log all system errors with sufficient context for post-incident analysis.'
1605,NSR,'The system must allow users to view the history of previously submitted scans.'
2071,NSR,'The module should provide a searchable database of historical monitoring results.'
690,SR,'The system should use TLS 1.3 or higher for all network communications to mitigate the risk of data breaches.'
76,SR,' To system shall allow changes to be made in an authorised manner '
1312,SR,'The component shall automatically generate detailed reports of detected buffer overflow vulnerabilities to ensure compliance with security best practices.'
2098,SR,'The module will invalidate session tokens upon logout to prevent session hijacking in accordance with the security policy.'
1173,NSR,'The interface should consume no more than 85% of available CPU resources during idle monitoring.'
1047,NSR,'The tool will separate configuration from code to allow environment-specific deployments.'
1272,SR,'The system will detect cryptojacking activity by monitoring CPU usage and network connections.'
2662,NSR,'The portal will be transferable between environments through a standard configuration export/import mechanism.'
42,NSR,'The system shall enable users to classify messages as spam if misclassified as ham '
944,SR,'The framework should enforce HTTPS for all data transmission between client and server to prevent exploitation by malicious actors.'
955,NSR,'The application shall respond to user interface interactions within 30 milliseconds.'
1146,NSR,'The software must maintain a consistent visual design across all screens and modules.'
2188,NSR,'The tool must achieve a throughput of at least 1000000 queries per hour in production.'
11,NSR,'The system shall provide currency calculator for Bitcoin conversion to USD. '
220,NSR,'The CND should be able to support bootstrap capabilities in order to retrieve network configuration data to connect the NGN.'
856,NSR,'The service shall support multi-tenancy so multiple organizations can use the system independently.'
716,NSR,'The platform should allow export of analysis results to JSON format for offline review.'
680,SR,'The component must embed an invisible digital watermark into PDF documents to protect ownership in order to maintain system integrity.'
77,NSR,'The system shall communicate with the Django API to get the corresponding Ethereum address of the entered National ID. '
928,NSR,'The service should consume no more than 1% of available CPU resources during idle monitoring.'
868,SR,'The software must detect and block connections to known malicious IP addresses and domains.'
351,SR,'Each Trusted Framework present on the card shall Check the application access rules of the inter-acting Applications according to their respective privileges'
42,NSR,'The system mailbox is responsible for displaying the emails of the logged in user as well as all the spam emails and it will have a dashboard to navigate through the emails. '
805,NSR,'The portal should display real-time malware analysis status updates without requiring page refresh.'
1454,NSR,'The portal must backup critical vulnerability data every annual to a secure offsite location.'
1576,NSR,'The platform shall perform automated health checks every 30 seconds and alert on anomalies.'
1795,SR,'The service must log all network security events with timestamps for forensic analysis to ensure compliance with security best practices.'
2286,SR,'The application will verify server certificates before establishing WPA3 connections to ensure confidentiality and integrity of sensitive data.'
1669,SR,'The software will detect duplicate submissions of watermarked documents by different authors.'
1092,SR,'The framework will enforce password complexity requirements including at least 12 characters with complexity rules to mitigate the risk of data breaches.'
26,NSR,'The system shall allow easy storage retrieval and manipulation of data '
1613,NSR,'The software shall provide contextual help tooltips and user documentation throughout the interface.'
210,SR,'A suitably authorized CPN user (e.g. the system administrator) shall be able to manage and configure the provisioning  capabilities and use of NGN managed services from an NGN access point outside the CPN.'
1300,SR,"'The system shall enforce password complexity requirements including numbers, symbols, and mixed case letters to prevent exploitation by malicious actors.'"
629,SR,'The platform must comply with GDPR data protection requirements using industry-standard cryptographic techniques.'
1346,NSR,"'The module will ensure the system can process queries reliably across all supported test, staging, and production environments.'"
1091,NSR,'The portal must automatically recover from non-critical errors without requiring manual intervention.'
1423,NSR,'The software must support import of threat intelligence feeds in HTML format.'
55,NSR,'The system shall allow processed files to be moved over to the end of communication channel that is from one machine to the other. '
839,SR,'The platform will generate behavioral reports for mobile apps executed in the sandbox.'
1381,NSR,'The system shall allow users to set and manage detection thresholds and alert rules.'
1362,SR,'The software should detect the presence of trojans in submitted Android applications to ensure confidentiality and integrity of sensitive data.'
783,SR,'The component will encrypt data at rest using AES-128 to protect against unauthorized access in accordance with the security policy.'
1304,NSR,'The application shall implement dependency injection to improve testability of individual components.'
882,NSR,'The software should allow users to set and manage vulnerability assessment thresholds and alert rules.'
7,NSR,'The system shall be able to save taken pictures into the database'
769,SR,'The framework will monitor system calls to detect worms activity at runtime in accordance with the security policy.'
2509,NSR,"'The module should be compatible with major cloud platforms including AWS, Azure, and Google Cloud.'"
705,NSR,'The software should support plugin-based architecture to allow new detection modules to be added.'
1787,NSR,'The application must test failover mechanisms periodically to ensure they operate as expected.'
1152,SR,'The platform should allow for safe fail-secure behavior whenever a security fault is detected to mitigate the risk of data breaches.'
1475,NSR,'The application should backup critical configuration data every 90-day to a secure offsite location.'
1651,SR,'The tool must mask sensitive configuration fields in logs and reports in accordance with the security policy.'
378,SR,'A Security Domain other than the Issuer Security Domain shall implement [at least] one Secure Channel Protocol.'
1307,SR,'The framework must require biometric authentication for all administrative operations using industry-standard cryptographic techniques.'
1481,NSR,'The module should be packaged as a standalone executable for simple installation on supported platforms.'
753,NSR,'The interface shall support installation via Homebrew package manager.'
1171,SR,'The application will obtain and record user consent before collecting sensitive to prevent exploitation by malicious actors.'
1041,SR,'The platform must analyze HTTP requests and responses to detect XXE injection attack patterns to mitigate the risk of data breaches.'
537,NSR,'Send transactions to other processors in a standard format defined in agreement with the scheme provider'
1432,NSR,'The application will achieve an uptime of at least 99.5% measured over a rolling 90-day period.'
1023,SR,'The agent must detect anomalous network traffic patterns indicative of backdoors activity as part of the defence-in-depth security strategy.'
1424,SR,'The platform should implement account lockout mechanisms after repeated failed login attempts to protect against unauthorized access.'
2389,NSR,'The dashboard must allow users to set and manage malware analysis thresholds and alert rules.'
1126,NSR,'The application will allow export of scan findings to HTML for integration with ticketing systems.'
834,NSR,'The platform will present a summary dashboard showing key performance metrics at a glance.'
703,SR,'The module should analyze HTTP requests and responses to detect format string attack patterns using industry-standard cryptographic techniques.'
57,NSR,"'The system shall be able to clearly identify relevant protocols for the data exchange, document or reference the technical requirements for data exchange including: the source, data items, data structures, timing method, and protocols. '"
746,SR,'The application should support automatic updates to malware signature databases using industry-standard cryptographic techniques.'
1374,NSR,'The software should provide a searchable database of historical scanning results.'
15,NSR,"'The system shall allow that the performance of the application in terms of throughput, response time be checked at different intervals after deployment by the customer support team.  '"
1664,SR,'The tool will monitor file system changes to detect ransomware encryption activity to ensure confidentiality and integrity of sensitive data.'
1484,NSR,'The module must display clear error messages that guide the user toward resolution.'
17,SR,"'The system shall access personally, identifiable information to allow investigators to be able to reconstruct a criminal event after it happens, thereby securing the evidence. '"
1192,NSR,'The platform shall generate detailed reports of authentication results in CSV format.'
1536,NSR,'The service will allow users to filter and search through audit records efficiently.'
2914,SR,'The software shall digitally sign all user to ensure authenticity and non-repudiation to protect against unauthorized access.'
1722,NSR,'The tool shall allow multiple users to collaborate on monitoring within a shared workspace.'
1918,SR,'The component should validate input sanitization to prevent LDAP injection injection attacks.'
697,SR,'The software should verify digital signatures before processing received data.'
21,SR,'The system shall ensure that a secure and effective interface is established to reduce the affiliated risk of errors from inaccurate data formats. '
756,NSR,'The tool shall support import of threat intelligence feeds in JSON format.'
698,SR,'The software should detect the presence of rootkits in submitted scripts in accordance with the security policy.'
774,SR,'The application must generate and rotate encryption keys every 30 days to minimize key exposure using industry-standard cryptographic techniques.'
785,NSR,'The application should minimize latency in real-time monitoring mode to under 500 milliseconds.'
733,SR,'The application must implement two-factor authentication (2FA) to prevent unauthorized access.'
672,SR,'The service will enforce data retention policies by automatically purging sensitive records after 90 days in accordance with the security policy.'
766,NSR,'The portal should log all system errors with sufficient context for post-incident analysis.'
1669,NSR,'The dashboard must allow administrators to configure detection thresholds without modifying source code.'
2451,NSR,'The dashboard should provide a notification system that alerts users when vulnerability assessment is complete.'
23,SR,'The system shall allow that the user only has access to his or her permitted data.  '
1432,NSR,'The interface should log all system errors with sufficient context for post-incident analysis.'
618,NSR,'The software must maintain backward compatibility with previous versions of the API.'
62,NSR,"'The system shall allow the user to learn, operate, prepare inputs and interpret outputs through interaction with the software system easily without any complications. '"
14,NSR,'It should be easy to learn and understand how to effectively use the system '
394,NSR,'A GlobalPlatform card offers Confidentiality - in which data being transmitted from the sending entity (the off-card entity or card) to the receiving entity (respectively the card or off-card entity) is not viewable by an unauthenticated entity.'
19,SR,'The proposed system logistics are easily accessed hence its availability is guaranteed when and as required. '
2010,NSR,'The tool will minimize latency in real-time monitoring mode to under 200 milliseconds.'
776,SR,'The service shall provide secure password reset functionality using verified email or OTP.'
1839,NSR,'The module shall allow multiple users to collaborate on analysis within a shared workspace.'
74,NSR,'System shall calculate the salary of each employee at the end of a month. '
1670,SR,'The agent shall extract and analyze trojans indicators of compromise from samples in accordance with the security policy.'
1091,NSR,'The interface should support bulk submission of files for batch detection processing.'
1588,SR,'The service will generate integrity reports for financial stored in the system as part of the defence-in-depth security strategy.'
1742,NSR,"'The portal shall provide a changelog documenting all updates, bug fixes, and new features.'"
1045,NSR,'The platform must maintain a structured database of known vulnerability signatures and indicators.'
1701,SR,'The framework shall maintain a tamper-evident audit log of all file access events using industry-standard cryptographic techniques.'
2246,SR,'The agent will extract and verify digital watermarks from submitted documents as part of the defence-in-depth security strategy.'
1981,NSR,'The interface will allow users to set and manage analysis thresholds and alert rules.'
1157,SR,'The platform will encrypt all configuration data using ChaCha20-Poly1305 encryption in accordance with the security policy.'
1187,NSR,'The application should integrate with third-party email platforms via SAML.'
2232,SR,'The tool must generate behavioral reports for scripts executed in the sandbox to protect against unauthorized access.'
1491,NSR,'The software will expose a well-documented RESTful API to enable third-party integrations.'
1134,SR,'The system will monitor HTTPS and TLS network traffic to detect security anomalies using industry-standard cryptographic techniques.'
1630,NSR,'The system will support virtualized environments including VMware and Hyper-V.'
874,SR,'The module should require users to change default passwords upon first login.'
407,NSR,'The card under CARD_LOCKED state shall only allow the application to select the final application privilege'
1748,SR,'The software will perform regular automated vulnerability scans against the deployed application to mitigate the risk of data breaches.'
2341,SR,'The service shall be easily updatable with security patches without disrupting service to ensure confidentiality and integrity of sensitive data.'
654,SR,'The tool should detect the presence of worms in submitted web applications to ensure confidentiality and integrity of sensitive data.'
1654,SR,'The module must validate input sanitization to prevent insecure deserialization injection attacks in accordance with the security policy.'
795,NSR,'The system will provide a searchable database of historical malware analysis results.'
654,NSR,'The application should achieve a detection accuracy of at least 99.9% on files.'
1209,SR,'The component should enforce data retention policies by automatically purging sensitive records after 6 months.'
1605,NSR,'The service shall achieve a throughput of at least 5 tasks per hour in production.'
1716,NSR,'The dashboard shall operate efficiently on systems with as little as 2GB of available RAM.'
1022,SR,'The framework should use TLS 1.2 or higher for all network communications in accordance with the security policy.'
1,SR,'The system shall detect SQL Injection and XSS vulnerabilities for a given website or a web application'
485,NSR,'The MANAGE CHANNEL commands are only processed by the OPEN and are not dispatched to an Application.'
1736,SR,'The application will limit login attempts to 5 consecutive failures before locking the account to ensure compliance with security best practices.'
1155,SR,'The framework will alert on connections to known cryptocurrency mining pool endpoints to mitigate the risk of data breaches.'
743,SR,'The service should encrypt all financial data using 3DES encryption to prevent exploitation by malicious actors.'
932,SR,'The platform should enforce HTTPS for all data transmission between client and server using industry-standard cryptographic techniques.'
1559,SR,"'The application will classify identified vulnerabilities by severity level (critical, high, medium, low) in order to maintain system integrity.'"
39,NSR,'The system should be able to perform in all independent paths that all the logical conditions are satisfied. '
39,NSR,'The  system should be able to carry out each task requested by the user as quickly as possible. '
657,SR,'The framework should maintain a tamper-evident audit log of all security events to prevent exploitation by malicious actors.'
775,NSR,'The application must allow administrators to configure detection thresholds without modifying source code.'
56,NSR,'The system shall be able to input digits.'
1209,NSR,'The platform should be transferable between environments through a standard configuration export/import mechanism.'
22,NSR,'The system shall enable a user to find web history of a machine '
1100,NSR,'The tool will support import of threat intelligence feeds in PDF format.'
525,NSR,'These merchant acquirers must then assign unique identifiers to PSAMs'
1515,SR,'The agent must verify digital signatures before processing received data.'
1036,NSR,'The application shall separate configuration from code to allow environment-specific deployments.'
1126,SR,'The agent shall verify server certificates before establishing SSH connections in order to maintain system integrity.'
733,NSR,'The tool will display results in both tabular and graphical chart formats.'
14,SR,'The system should be reliable in detecting known cryptojacking malware activity. '
29,NSR,"'This system will be doing near real time anomaly detection instead of batch processing, hence it will give results almost instantly.  '"
1653,SR,'The system shall enforce HTTPS for all data transmission between client and server using industry-standard cryptographic techniques.'
1462,SR,'The component must monitor DNS queries to detect data exfiltration and domain generation algorithms to protect against unauthorized access.'
99,SR,'The system shall ensure that each private key has to be encrypted with a password to keep it secure. '
1932,NSR,'The dashboard shall achieve an uptime of at least 0.1% measured over a rolling annual period.'
822,SR,'The software will mask sensitive transaction fields in logs and reports.'
1657,NSR,'The software shall provide a user-friendly graphical user interface (GUI) for ease of use.'
10,NSR,'The system shall be able to request for phone location by a SMS of parent device '
64,NSR,'The system shall provision good quality online services making it easy to use since an up-front user interface will be delivered. '
1823,NSR,'The system shall provide a cross-platform command-line interface in addition to the GUI.'
901,NSR,"'The interface should provide a changelog documenting all updates, bug fixes, and new features.'"
1222,SR,'The application must sign API responses to ensure integrity during transmission to ensure compliance with security best practices.'
1032,NSR,'The system shall allow administrators to generate activity reports filtered by project.'
962,NSR,'The tool must allow export of analysis results to PDF format for offline review.'
2607,SR,'The framework should digitally sign all financial to ensure authenticity and non-repudiation in accordance with the security policy.'
1781,SR,'The framework will identify and classify malware samples based on behavioral signatures to protect against unauthorized access.'
625,SR,'The application shall identify command-and-control (C2) communication patterns in network traffic.'
1109,SR,'The component should prevent privilege escalation attacks by validating all permission changes to prevent exploitation by malicious actors.'
119,NSR,'On transmission of management information from the CNG to a CND the CNG shall append a timestamp or sequence number to the outgoing message.'
49,NSR,'The system player shall rearrange correctly the random trimmed song parts. '
1678,SR,'The software will embed an invisible digital watermark into PDF documents to protect ownership as part of the defence-in-depth security strategy.'
1384,SR,'The system should identify command-and-control (C2) communication patterns in network traffic to protect against unauthorized access.'
1672,SR,'The component will detect distributed denial-of-service (DDoS) attack patterns in traffic to mitigate the risk of data breaches.'
1621,NSR,'The portal should support multi-tenancy so multiple organizations can use the system independently.'
574,NSR,'Load acquirers must determine the currencies that they must support for load transaction'
1239,SR,"'The component should classify identified vulnerabilities by severity level (critical, high, medium, low) as part of the defence-in-depth security strategy.'"
89,SR,'The system shall allow administrator to view IP address. '
1654,NSR,'The module shall require no platform-specific dependencies outside of the documented prerequisites.'
2858,SR,'The platform shall verify the integrity of medical using cryptographic checksums in order to maintain system integrity.'
1955,SR,'The service shall monitor DNS queries to detect data exfiltration and domain generation algorithms in accordance with the security policy.'
64,NSR,'The system shall allow a debit/credit card to be activated. '
35,NSR,'The system should generate a road map from RRT to the patient and then to the nearest hospital '
2302,NSR,'The portal shall support concurrent analysis of up to 1000 simultaneous requests without degradation.'
2071,SR,'The software must invalidate session tokens upon logout to prevent session hijacking as part of the defence-in-depth security strategy.'
1528,NSR,'The dashboard must present scan results in a clear and easy-to-understand format.'
655,NSR,'The application should run on any system that has .NET version 3.10 or later installed.'
49,NSR,'The system modules interact with the user through the Graphical User Interface e.g the downloader module is initiated by the user through the download button at the user interface. '
13,NSR,'The system shall provide a detailed manual of use in case the learning curve proves too steep for some users. '
631,NSR,'The software must maintain performance under peak load conditions of 1000000 simultaneous users.'
2733,SR,'The tool shall implement hardware token authentication to prevent unauthorized access to ensure compliance with security best practices.'
753,NSR,'The dashboard must be containerized using Docker for consistent deployment across environments.'
684,NSR,'The service will allow administrators to configure detection thresholds without modifying source code.'
1331,SR,'The platform will prevent privilege escalation attacks by validating all permission changes using industry-standard cryptographic techniques.'
1554,SR,'The system shall generate cryptographically secure session tokens for each authenticated user in accordance with the security policy.'
1373,SR,'The platform will mask sensitive personal fields in logs and reports in order to maintain system integrity.'
724,SR,'The framework shall enforce data retention policies by automatically purging sensitive records after 6 months to mitigate the risk of data breaches.'
1727,SR,'The module should validate user credentials against a hashed credential store before allowing access to ensure compliance with security best practices.'
430,NSR,'If an Application implicitly selectable on specific logical channel(s) of specific card I/O interface(s) is deleted  the Issuer Security Domain becomes the implicitly selectable Application on that logical channel(s) of that card I/O interface(s).'
473,NSR,'If a SELECT [by name] [next occurrence] is received  the search always begins from the entry following the currently selected Application on this Supplementary Logical Channel in the GlobalPlatform Registry'
10,NSR,'The system shall prevent any applications from being installed or uninstalled '
1507,SR,'The platform will verify the authenticity of video files by checking its embedded watermark to protect against unauthorized access.'
69,NSR,"'The system shall allow a user to view mother or baby details, to add new information and update records. '"
2853,SR,'The framework must monitor DNS queries to detect data exfiltration and domain generation algorithms to ensure compliance with security best practices.'
2302,SR,'The platform must detect polymorphic and obfuscated rootkits variants in accordance with the security policy.'
854,SR,'The tool shall perform regular automated vulnerability scans against the deployed application to prevent exploitation by malicious actors.'
1319,SR,'The software must enforce role-based access control to restrict user permissions to prevent exploitation by malicious actors.'
47,NSR,'The system shall allow traffic data in the form of HTTP requests/packets are sent back and forth from client to server during normal service provision. '
1529,NSR,'The interface must display clear error messages that guide the user toward resolution.'
1290,NSR,'The dashboard shall handle network disconnections gracefully and queue operations for retry.'
1290,SR,'The application must implement account lockout mechanisms after repeated failed login attempts to ensure confidentiality and integrity of sensitive data.'
2480,SR,'The system should perform regular automated vulnerability scans against the deployed application in accordance with the security policy.'
1058,NSR,'The dashboard will allow users to register an account by providing their email and organization details.'
1327,NSR,'The system should provide an audit trail of all administrative actions performed in the system.'
833,SR,'The software should implement secure communication channels using SFTP protocol.'
1640,SR,'The agent should enforce role-based access control to restrict user permissions as part of the defence-in-depth security strategy.'
1433,SR,'The component should use HMAC-PBKDF2 to authenticate API requests and prevent replay attacks as part of the defence-in-depth security strategy.'
563,NSR,'Each purchase transaction is signed by the CEP card with a S6 MAC  which is used by the card issuer to validate that the transaction was made with a legitimate  not counterfeit  CEP card. The card issuer validates the CEP cardÃ¯Â¿Â½??s MAC'
85,NSR,'The system shall be responsive to user requests and process in real-time. '
635,NSR,'The interface will allow multiple users to collaborate on detection within a shared workspace.'
1186,NSR,'The platform should handle network disconnections gracefully and queue operations for retry.'
1150,SR,'The software should detect distributed denial-of-service (DDoS) attack patterns in traffic to protect against unauthorized access.'
1725,SR,'The module should log all network security events with timestamps for forensic analysis to ensure confidentiality and integrity of sensitive data.'
782,SR,'The software should enforce the principle of least privilege across all user roles.'
1010,NSR,'The tool will provide fail-safe behavior that prevents data loss in the event of an unexpected shutdown.'
1554,NSR,'The module should allow export of scan findings to HTML for integration with ticketing systems.'
1112,NSR,'The application shall minimize latency in real-time monitoring mode to under 2 milliseconds.'
331,NSR,"'""The Card Issuer is responsible for Working with Application Providers to create and initialize Security Domains other than the Issuer Security Domain,""'"
1389,SR,'The agent should monitor system calls to detect trojans activity at runtime to mitigate the risk of data breaches.'
1354,NSR,'The interface should provide a user-friendly graphical user interface (GUI) for ease of use.'
1409,SR,'The component should automatically log out inactive sessions after 30 minutes of inactivity in order to maintain system integrity.'
1479,SR,'The software will implement secure communication channels using TLS protocol to ensure confidentiality and integrity of sensitive data.'
1075,NSR,'The dashboard shall expose a well-documented RESTful API to enable third-party integrations.'
1514,SR,'The tool shall scan submitted code for sensitive data exposure security flaws using industry-standard cryptographic techniques.'
1101,NSR,'The dashboard will allow export of scan findings to JSON for integration with ticketing systems.'
2012,NSR,'The service shall allow multiple users to collaborate on scanning within a shared workspace.'
730,NSR,'The dashboard shall complete database queries in under 100 milliseconds for datasets of up to 100 records.'
2141,NSR,'The application should generate detailed reports of detection results in HTML format.'
1537,SR,'The application shall obtain and record user consent before collecting authentication.'
1191,SR,'The platform must verify the authenticity of audio files by checking its embedded watermark using industry-standard cryptographic techniques.'
30,NSR,'The system shall have extraction modules that will be able to take out information from the image that has been created '
2359,NSR,'The application will separate configuration from code to allow environment-specific deployments.'
1071,NSR,'The software shall ensure the system can process samples reliably across all supported cloud and on-premises environments.'
3064,SR,'The system should verify the authenticity of audio files by checking its embedded watermark in accordance with the security policy.'
475,NSR,'If a full or partial match is found and this Application is in the Life Cycle State LOCKED  continue searching through the GlobalPlatform Registry for a subsequent full or partial match. In the eventuality that this locked Application is already currently selected on the same Supplementary Logical Channel  the OPEN shall terminate this Application Session. If no subsequent full or partial match is found  the OPEN shall return the appropriate error to the off-card entity'
998,NSR,'The application should perform automated health checks every 10 seconds and alert on anomalies.'
864,SR,'The platform should enforce network segmentation policies to limit lateral movement to protect against unauthorized access.'
2316,SR,'The software will implement certificate pinning to prevent path traversal attacks to ensure confidentiality and integrity of sensitive data.'
539,NSR,'The scheme provider must ensure that the entire process between merchants  merchant acquirers  card issuers  and processors is auditable and reconcilable'
1669,SR,'The agent must test for broken authentication and session management vulnerabilities in order to maintain system integrity.'
1395,NSR,'The portal shall complete database queries in under 10 milliseconds for datasets of up to 50 records.'
724,SR,'The system shall alert on connections to known cryptocurrency mining pool endpoints.'
2119,NSR,'The dashboard should generate automated summary emails of daily malware analysis activities.'
759,NSR,'The system should provide a responsive design compatible with both desktop and mobile browsers.'
2716,NSR,'The interface should adhere to SOLID design principles to minimize coupling between components.'
1340,SR,'The tool will perform static analysis to identify potential XSS (Cross-Site Scripting) vulnerabilities to prevent exploitation by malicious actors.'
816,NSR,'The software shall allow users to set and manage monitoring thresholds and alert rules.'
1656,SR,'The platform shall detect polymorphic and obfuscated adware variants.'
988,NSR,'The portal shall implement dependency injection to improve testability of individual components.'
189,NSR,'CPN should support inter-destination content synchronisation of streaming multimedia content. This should achieve that all or a specific group of users consuming specific content get the content presented simultaneously  i.e. without user-noticeable delay difference.'
2004,SR,'The agent shall securely store encryption keys in a dedicated key management system using industry-standard cryptographic techniques.'
1507,SR,'The system should automatically log out inactive sessions after 60 minutes of inactivity.'
1182,NSR,'The tool should support concurrent analysis of up to 1000000 simultaneous tasks without degradation.'
23,NSR,'The system will have consistent interface formats and button sets for all forms in the application '
1048,SR,'The module will validate input sanitization to prevent format string injection attacks in order to maintain system integrity.'
641,SR,'The service should invalidate session tokens upon logout to prevent session hijacking.'
1165,NSR,'The interface shall maintain a structured database of known vulnerability signatures and indicators.'
320,SR,"'""Security Domains shall support security services such as key handling, encryption, decryption, digital signature generation and verification for their providers' such as card issuer, applicaiton providers and controlling authority""'"
40,SR,'The system shall not support reverse engineering of its source code  '
724,NSR,"'The software must allow users to register an account by providing their name, email, and department.'"
601,NSR,'The issuer host must authenticate the card upon the load/unload request'
1399,NSR,'The service must validate input data before processing to prevent crashes from malformed input.'
1421,NSR,'The module shall provide a simple three-step workflow for scan configuration tasks.'
1338,SR,'The application should monitor system calls to detect malware activity at runtime.'
2581,NSR,'The dashboard will provide a RESTful API that allows external systems to trigger and retrieve scanning results.'
1024,SR,'The platform will analyze Android applications behavior in an isolated sandbox environment to protect against unauthorized access.'
2512,NSR,'The dashboard will implement dependency injection to improve testability of individual components.'
2006,NSR,'The platform must handle network disconnections gracefully and queue operations for retry.'
950,NSR,'The platform shall implement dependency injection to improve testability of individual components.'
886,NSR,'The platform will implement graceful degradation so critical functions remain available during partial failures.'
857,SR,'The application must automatically log out inactive sessions after 10 minutes of inactivity in order to maintain system integrity.'
2069,NSR,'The platform shall provide a notification system that alerts users when authentication is complete.'
975,NSR,'The platform shall provide contextual help tooltips and user documentation throughout the interface.'
1376,SR,'The service should implement end-to-end encryption for configuration messages to protect against unauthorized access.'
645,SR,'The service will verify digital signatures before processing received data.'
1156,SR,'The service should perform static analysis to identify potential sensitive data exposure vulnerabilities.'
1688,NSR,'The system should provide fail-safe behavior that prevents data loss in the event of an unexpected shutdown.'
850,NSR,'The software must provide a disaster recovery plan with a recovery time objective of 30 hours.'
39,NSR,'The system shall allow the user to view the signature parameters and their values. '
1632,NSR,'The module should provide an audit trail of all administrative actions performed in the system.'
1628,NSR,'The dashboard will achieve a detection accuracy of at least 90% on queries.'
809,NSR,'The software must generate analysis reports in under 24 seconds for typical tasks.'
2742,SR,'The module will encrypt all session data using ChaCha20-Poly1305 encryption.'
1752,SR,'The application will verify the authenticity of documents by checking its embedded watermark as part of the defence-in-depth security strategy.'
810,SR,'The tool shall provide a chain of custody record for all sensitive processed by the system to ensure compliance with security best practices.'
30,NSR,'The system shall ensure that the application may be transferred to and installed on another platform with ease.  '
2473,NSR,'The platform shall adhere to SOLID design principles to minimize coupling between components.'
2089,SR,'The framework will be easily updatable with security patches without disrupting service using industry-standard cryptographic techniques.'
2062,NSR,'The software will include rollback capabilities to revert to a previous stable version if needed.'
1147,NSR,'The software will generate detailed reports of scanning results in HTML format.'
1737,SR,'The platform must analyze HTTP requests and responses to detect SSRF attack patterns to mitigate the risk of data breaches.'
196,SR,'When forwarding packets from the WAN interface to the customer network  the CNG shall perform one of the following three actions  depending on the classification results: manage a number of queues corresponding to the different priorities detected in the classification phase for each packet processed  send the packets to some internal buffers or simply drop the packet.'
1024,NSR,'The dashboard must allow multiple users to collaborate on monitoring within a shared workspace.'
863,SR,'The tool must notify administrators of critical security events via SMS to ensure compliance with security best practices.'
769,SR,'The framework should identify unauthorized network devices connected to the internal network to mitigate the risk of data breaches.'
1476,SR,'The tool shall log all network security events with timestamps for forensic analysis to ensure compliance with security best practices.'
1597,NSR,'The interface will maintain a structured database of known vulnerability signatures and indicators.'
2480,SR,'The module will restrict access to medical based on the user's clearance level using industry-standard cryptographic techniques.'
1191,SR,'The service shall monitor UDP network traffic to detect security anomalies using industry-standard cryptographic techniques.'
1344,NSR,"'The portal must allow administrators to create, read, update, and delete user accounts.'"
1222,SR,'The software should implement biometric authentication to prevent unauthorized access using industry-standard cryptographic techniques.'
1037,NSR,'The platform must display progress indicators during long-running analysis operations.'
1039,NSR,'The platform will provide a responsive design compatible with both desktop and mobile browsers.'
25,NSR,'The system must have capacity of nearly infinity users'
1551,SR,'The software shall detect port scanning activity originating from rogue nodes on the network to ensure compliance with security best practices.'
645,NSR,'The software should support virtualized environments including VMware and Hyper-V.'
38,NSR,'The system shall be monitoring and scanning the network '
664,SR,'The agent shall protect private keys from unauthorized extraction or export to ensure compliance with security best practices.'
1550,SR,'The software must detect the presence of ransomware in submitted mobile apps in order to maintain system integrity.'
1155,SR,'The tool will monitor TLS network traffic to detect security anomalies.'
1516,NSR,'The platform will support bulk submission of samples for batch authentication processing.'
1300,SR,'The software shall require users to change default passwords upon first login to ensure confidentiality and integrity of sensitive data.'
740,NSR,'The software shall implement dependency injection to improve testability of individual components.'
3108,SR,'The platform must be easily updatable with security patches without disrupting service.'
80,NSR,'The system shall enable motion detection'
1541,SR,'The agent shall require users to change default passwords upon first login to prevent exploitation by malicious actors.'
1825,SR,'The software should implement end-to-end encryption for personal messages as part of the defence-in-depth security strategy.'
1781,SR,'The framework shall verify the integrity of personal using cryptographic checksums to prevent exploitation by malicious actors.'
1545,SR,'The module will alert on connections to known cryptocurrency mining pool endpoints to ensure compliance with security best practices.'
47,SR,'The system shall enable the administrator to log into the system and to upload the captured traffic data into the analysis system so as to be accessed by any other administrators available. '
738,SR,'The software shall protect private keys from unauthorized extraction or export to prevent exploitation by malicious actors.'
902,SR,'The platform will correlate network events against threat intelligence blacklists.'
1244,NSR,"'The portal must allow users to register an account by providing their username, email address, and contact number.'"
23,NSR,'The system shall allow general users to only have access through the user interface.'
1685,SR,'The system should validate input sanitization to prevent sensitive data exposure injection attacks to ensure compliance with security best practices.'
1215,NSR,'The portal will use less than 256MB of RAM during standard operation.'
103,SR,"'The system shall collect and analyse data that the child is typing and if it captures certain keywords or a continuous sequence of expletive, it should send an alert through text to the parent. '"
2892,SR,'The component shall classify detected spyware into known malware families in order to maintain system integrity.'
1237,SR,'The module will verify the integrity of personal using cryptographic checksums.'
1836,SR,'The software should digitally sign all transaction to ensure authenticity and non-repudiation as part of the defence-in-depth security strategy.'
191,NSR,'The NGN network QoS functions shall be possible to use to enhance the end-user experience.'
914,NSR,'The system shall support French language localization for international users.'
885,NSR,'The service will be packaged as a Docker container for simple installation on supported platforms.'
19,NSR,'The system shall ensure that the interface is user-friendly to avoid human errors credited to poor user interface quality. '
1529,SR,'The framework will identify unauthorized network devices connected to the internal network to mitigate the risk of data breaches.'
71,NSR,'The system should keep record of time and dates to facilitate data analytics. '
854,SR,'The software shall automatically log out inactive sessions after 60 minutes of inactivity to prevent exploitation by malicious actors.'
904,SR,'The service must implement certificate pinning to prevent XML injection attacks to prevent exploitation by malicious actors.'
14,SR,"The system shall analyse TCP, HTTP(S) and TLS web traffic, to detect network connections to known cryptocurrency mining pools or service providers such as BTC.com and coinhive.com '"
2045,NSR,'The system must provide a centralized logging framework for debugging and system monitoring.'
1117,NSR,'The module must achieve a throughput of at least 5 files per hour in production.'
1084,SR,'The application should enforce multi-factor authentication (MFA) before granting access to protected resources to protect against unauthorized access.'
1002,SR,'The component shall sign API responses to ensure integrity during transmission to ensure confidentiality and integrity of sensitive data.'
6,SR,'The system shall apply the principle of authentication by notifying if there is a watermark on the image or not '
1372,SR,'The system shall enforce HTTPS for all data transmission between client and server to mitigate the risk of data breaches.'
1789,SR,'The component must limit login attempts to 10 consecutive failures before locking the account using industry-standard cryptographic techniques.'
1376,SR,'The module must scan submitted code for XML injection security flaws to ensure compliance with security best practices.'
1311,NSR,'The interface should generate analysis reports in under 2 seconds for typical scans.'
531,NSR,'Be the entity that maintains control over the flow of a transaction  ensuring that all security is enforced'
715,SR,'The system will verify the integrity of personal using cryptographic checksums.'
1025,SR,'The service must detect unauthorized modifications to critical system files to prevent exploitation by malicious actors.'
1286,SR,'The platform must detect the presence of keyloggers in submitted Android applications.'
1509,NSR,'The interface will generate structured logs in LEEF format for consumption by log aggregators.'
2017,NSR,'The module must allow signature databases and detection rules to be updated without system restart.'
922,NSR,'The service should provide keyboard shortcuts for frequently used operations.'
1630,NSR,'The software should support redundant database configurations to prevent data loss.'
1354,SR,'The service should extract and analyze keyloggers indicators of compromise from samples.'
133,NSR,'The CNG and the CPN shall implement mechanisms to limit the visibility of the WAN side network and resources to authorized entities.'
478,NSR,"'""If no full or partial match is found at all, the currently selected Application on the Supplementary Logical Channel shall remain the selected Application and - If the SELECT [by name] command has the [first or only occurrence] parameter set, the SELECT command is dispatched to the Application, - If the SELECT [by name] command has the [next occurrence] parameter set, the OPEN shall return the appropriate error to the off-card entity.""'"
90,SR,'The systems QoS shall guarantee its availability at  99.9% uptime.'
862,SR,'The agent shall obtain and record user consent before collecting financial in accordance with the security policy.'
643,SR,'The system should validate user credentials against the active directory before allowing access.'
1006,NSR,'The interface shall allow users to customize dashboard layouts according to their preferences.'
808,NSR,'The portal must allow export of scan findings to Excel (XLSX) for integration with ticketing systems.'
51,NSR,'The system shall perform analysis of network traffic payloads across the organization network '
790,SR,'The agent should monitor DNS queries to detect data exfiltration and domain generation algorithms.'
1158,NSR,'The module will provide a notification system that alerts users when analysis is complete.'
850,SR,'The tool should mask sensitive transaction fields in logs and reports to mitigate the risk of data breaches.'
621,SR,'The service will detect distributed denial-of-service (DDoS) attack patterns in traffic in accordance with the security policy.'
4,SR,'The system shall be abstracted from the user and the application has no user interaction hence the chances of users breaking it are very limited'
1035,SR,'The system will detect polymorphic and obfuscated keyloggers variants to ensure confidentiality and integrity of sensitive data.'
32,NSR,'The system shall allow whistle-blower to be able to send the message digest using his mobile phone to Zimbabwe Anti-Corruption Commission '
1394,SR,'The service will comply with ISO 27001 data protection requirements.'
1273,SR,'The module shall enforce role-based access control to restrict user permissions to ensure confidentiality and integrity of sensitive data.'
84,NSR,'The performance of the system shall be measured by the overall effectiveness of the system in terms of its reaction time and availability. '
73,NSR,'The system shall allow an employer to add speech commands. '
1732,SR,'The tool should use TLS 1.2 or higher for all network communications as part of the defence-in-depth security strategy.'
2236,SR,'The tool shall generate cryptographically secure session tokens for each authenticated user.'
1540,NSR,'The tool should scale horizontally to handle increased tasks volume without reconfiguration.'
1011,SR,'The application should log all network security events with timestamps for forensic analysis to prevent exploitation by malicious actors.'
1449,NSR,'The system will provide keyboard shortcuts for frequently used operations.'
752,NSR,'The portal shall allow multiple users to collaborate on detection within a shared workspace.'
823,SR,'The application shall capture and analyze HTTPS and TLS packets for signs of malicious activity as part of the defence-in-depth security strategy.'
903,SR,'The application shall embed an invisible digital watermark into video files to protect ownership to ensure compliance with security best practices.'
2049,SR,'The tool must monitor system calls to detect worms activity at runtime to protect against unauthorized access.'
817,NSR,'The application shall allow users to customize dashboard layouts according to their preferences.'
1623,SR,'The system shall identify and classify malware samples based on behavioral signatures to mitigate the risk of data breaches.'
408,NSR,'The Card Content changes including any type of data management (specifically Security Domain keys and data) shall not allowed in the CARD_LOCKED state.'
5,NSR,'The system shall allow a whistle-blower to send the message digest (message m + signature ?) using his mobile phone to Zimbabwe Anti-Corruption Commission. '
1741,NSR,'The service should minimize latency in real-time monitoring mode to under 5 milliseconds.'
2120,NSR,'The application shall support multi-tenancy so multiple organizations can use the system independently.'
2677,NSR,'The system shall provide a searchable database of historical authentication results.'
1436,SR,'The application will use asymmetric encryption (RSA-4096) for secure key exchange.'
848,NSR,'The module shall allow export of analysis results to XML format for offline review.'
1036,SR,'The framework should implement end-to-end encryption for medical messages in accordance with the security policy.'
64,SR,'The main system is centered around security on online transactions hence it is secure. '
1508,SR,'The system will encrypt all financial data using 3DES encryption to prevent exploitation by malicious actors.'
61,NSR,"'The system shall be responsive, not keeping the data owners waiting for long time while waiting for it to process their requests and respond. '"
1512,SR,'The application should identify open ports and running services on the target network.'
1107,SR,'The component shall implement certificate pinning to prevent buffer overflow attacks.'
1005,NSR,'The software shall achieve a throughput of at least 50 samples per hour in production.'
722,SR,'The platform should automatically generate detailed reports of detected command injection vulnerabilities using industry-standard cryptographic techniques.'
105,SR,'The system shall be capable of Malware detection and classify of both known and unknown Malware into their respective families. '
1623,SR,'The framework shall identify command-and-control (C2) communication patterns in network traffic to ensure compliance with security best practices.'
1084,NSR,'The module must allow export of analysis results to XML format for offline review.'
1650,SR,'The agent will encrypt data at rest using AES-GCM to protect against unauthorized access to ensure confidentiality and integrity of sensitive data.'
1601,NSR,'The module must maintain performance under peak load conditions of 50 simultaneous users.'
829,NSR,'The application should handle network disconnections gracefully and queue operations for retry.'
3086,SR,'The tool shall detect the presence of worms in submitted Android applications in accordance with the security policy.'
2103,NSR,'The interface shall respond to user interface interactions within 30 milliseconds.'
3051,NSR,'The platform must support automated unit and integration testing with a code coverage target of 99.9%.'
1095,SR,'The platform should encrypt data at rest using AES-256 to protect against unauthorized access to ensure confidentiality and integrity of sensitive data.'
1533,NSR,'The platform should adhere to SOLID design principles to minimize coupling between components.'
20,SR,"'The system should be easy to maintain such that the modules should easily interact effectively and in case of failure, a re-initialization of the program is recommended. '"
988,SR,'The module shall verify the authenticity of images by checking its embedded watermark to protect against unauthorized access.'
1179,SR,'The service will use TLS 1.2 or higher for all network communications in order to maintain system integrity.'
61,SR,"'The system shall allow the radiologist to, encrypt and upload the images to the cloud. '"
1354,NSR,"'The tool will allow administrators to create, read, update, and delete user accounts.'"
673,NSR,'The application must be deployable on 64-bit Windows and Linux operating systems without modification.'
1545,NSR,'The interface should support redundant database configurations to prevent data loss.'
1227,SR,'The tool shall associate the embedded watermark with the author's registration number to ensure confidentiality and integrity of sensitive data.'
1812,SR,'The tool shall detect SSRF vulnerabilities in submitted web applications to ensure confidentiality and integrity of sensitive data.'
1540,SR,'The system shall implement certificate pinning to prevent buffer overflow attacks in accordance with the security policy.'
1157,NSR,'The software shall display progress indicators during long-running analysis operations.'
1017,SR,'The software should enforce data retention policies by automatically purging sensitive records after 30 days to mitigate the risk of data breaches.'
838,SR,'The tool shall detect distributed denial-of-service (DDoS) attack patterns in traffic to ensure compliance with security best practices.'
1932,SR,'The application should allow for safe fail-secure behavior whenever a security fault is detected as part of the defence-in-depth security strategy.'
993,SR,'The module will store user passwords using SHA-256 hashing with unique salts.'
967,SR,'The system will prevent downgrade attacks by enforcing minimum IPSec version requirements using industry-standard cryptographic techniques.'
77,NSR,'The smart contract issues a token based on the ERC721 interface for Ethereum blockchain. '
1021,SR,'The software will integrate with existing SIEM systems for centralized security monitoring in accordance with the security policy.'
963,SR,'The software should protect private keys from unauthorized extraction or export to mitigate the risk of data breaches.'
1247,NSR,'The portal should test failover mechanisms periodically to ensure they operate as expected.'
1676,SR,'The agent must invalidate session tokens upon logout to prevent session hijacking.'
744,SR,'The framework should associate the embedded watermark with the author's registration number to ensure compliance with security best practices.'
1018,SR,'The framework must integrate with existing SIEM systems for centralized security monitoring to ensure compliance with security best practices.'
1306,NSR,'The module should implement transaction rollbacks to maintain data consistency during failures.'
2709,NSR,"'The dashboard should be compatible with major cloud platforms including AWS, Azure, and Google Cloud.'"
2229,SR,'The platform must detect the presence of rootkits in submitted web applications using industry-standard cryptographic techniques.'
958,NSR,'The platform should allow users to customize dashboard layouts according to their preferences.'
1761,SR,'The tool should classify detected cryptomining malware into known malware families to protect against unauthorized access.'
868,SR,'The system will detect distributed denial-of-service (DDoS) attack patterns in traffic in accordance with the security policy.'
1467,SR,'The system will mask sensitive sensitive fields in logs and reports to ensure confidentiality and integrity of sensitive data.'
20,NSR,'System shall allow user input of Licence number/National I.D Number/Registration Number.'
71,NSR,'The system should provide an interface that is easy to read the state of affairs from a remote place for example in the field or nursery. '
1083,SR,'The agent will detect anomalous network traffic patterns indicative of ransomware activity to ensure confidentiality and integrity of sensitive data.'
208,NSR,'The CNG shall be associated with a unique Hardware ID to be used for identification NGN side.'
938,NSR,'The interface must allow users to schedule automated malware analysis at configured intervals.'
1846,SR,'The agent should implement secure communication channels using WPA3 protocol in order to maintain system integrity.'
549,NSR,'After the CEP card is inserted in the POS device  the POS device initiates the cancel last purchase transaction'
1066,SR,'The agent should identify open ports and running services on the target network.'
709,NSR,'The software shall allow authenticated users to upload queries for analysis.'
8,NSR,'The system shall be able to push warning script to the rogue node.'
30,NSR,'The system shall have capacity to handle complex algorithms as well as huge amounts of data while requiring high speeds of execution to keep up with these aspects.  '
878,NSR,'The software shall implement graceful degradation so critical functions remain available during partial failures.'
1709,SR,'The module must implement behavioural biometrics to prevent unauthorized access.'
1380,SR,'The software shall generate behavioral reports for web applications executed in the sandbox to ensure confidentiality and integrity of sensitive data.'
346,SR,"'""Secure memory management shall ensure that Each application's code and data (including transient session data) as well as the runtime environment itself and its data (including transient session data) is protected from unauthorized access from within the card,""'"
3034,NSR,'The dashboard should support automated unit and integration testing with a code coverage target of 95%.'
1017,SR,'The software must detect cryptojacking activity by monitoring CPU usage and network connections to protect against unauthorized access.'
1316,SR,'The module shall detect cryptojacking activity by monitoring CPU usage and network connections to prevent exploitation by malicious actors.'
984,NSR,'The software should display progress indicators during long-running analysis operations.'
44,SR,'The system should have access control mechanism that take into account the use of passwords and individuals access rights.  '
1424,SR,'The agent shall implement account lockout mechanisms after repeated failed login attempts.'
2089,NSR,'The module shall be accessible to users with disabilities by adhering to WCAG 2.1 guidelines.'
1227,SR,'The software must mask sensitive sensitive fields in logs and reports to protect against unauthorized access.'
2807,NSR,'The tool will support drag-and-drop file submission for ease of use.'
840,SR,'The framework shall implement end-to-end encryption for configuration messages to protect against unauthorized access.'
1225,NSR,'The tool must support concurrent analysis of up to 1000000 simultaneous tasks without degradation.'
36,NSR,"'The system shall be able to implement clear secure data exchange protocols, it is ideal to implement secure protocols and document the interfaces and the protocols being utilized. '"
1523,SR,'The component must apply a visible digital watermark to video files upon author submission.'
6,NSR,'The digital watermark system is compatible with all the operating systems'
62,NSR,'The system shall allow users to track case progress on previously reported cases. '
38,NSR,'The system shall be able to maintain its performance over time. '
866,SR,'The framework shall authenticate users using hardware token authentication.'
747,SR,'The component will comply with PCI-DSS data protection requirements to ensure compliance with security best practices.'
1469,NSR,'The platform should maintain a false positive rate below 99.5% during vulnerability assessment operations.'
1202,SR,'The application should generate integrity reports for session stored in the system.'
98,SR,'The system shall provide reliability and fault tolerance through extensive stress testing '
89,SR,'The system shall notify administrators of a proxy requesting IP address or identity. '
22,NSR,'The system shall be able to adapt to all types of applications'
1,NSR,'The system shall generate a report of the detected and analyzed vulnerabilities'
583,NSR,'All on-line messages must have the ability to include card issuer discretionary data from the CEP card'
1630,SR,'The application should detect outdated or vulnerable third-party libraries in analyzed applications using industry-standard cryptographic techniques.'
10,SR,'The system shall be able to generate and send periodic logs the parents smartphone '
1035,NSR,'The dashboard should operate efficiently on systems with as little as 4GB of available RAM.'
1460,SR,'The system should sign API responses to ensure integrity during transmission to prevent exploitation by malicious actors.'
854,NSR,'The platform will use version control best practices including branching strategies and commit conventions.'
624,SR,'The tool should encrypt all confidential data using RSA-2048 encryption to ensure confidentiality and integrity of sensitive data.'
1404,NSR,'The portal must complete database queries in under 15 milliseconds for datasets of up to 1000000 records.'
943,SR,'The service must comply with GDPR data protection requirements.'
1319,SR,'The service will implement secure communication channels using IPSec protocol using industry-standard cryptographic techniques.'
946,NSR,'The tool will allow export of scan findings to HTML for integration with ticketing systems.'
664,SR,'The component will automatically generate detailed reports of detected SSRF vulnerabilities in accordance with the security policy.'
1312,NSR,'The platform must use version control best practices including branching strategies and commit conventions.'
945,SR,'The tool should allow for safe fail-secure behavior whenever a security fault is detected using industry-standard cryptographic techniques.'
658,SR,'The component shall digitally sign all authentication to ensure authenticity and non-repudiation.'
1813,SR,'The framework must automatically log out inactive sessions after 15 minutes of inactivity to protect against unauthorized access.'
974,NSR,'The interface shall be deployable on Windows 10 and later operating systems without modification.'
703,SR,'The service will embed an invisible digital watermark into audio files to protect ownership to mitigate the risk of data breaches.'
1410,SR,'The component should detect cryptojacking activity by monitoring CPU usage and network connections using industry-standard cryptographic techniques.'
8,NSR,'The system shall be able to check with students laptop and university PC register and search for device matching the rogue node and corresponding student and student personal details. '
65,NSR,'The system shall be compatible with different desktop platform. '
2351,NSR,'The dashboard should function correctly on both 32-bit and 64-bit system architectures.'
32,NSR,'Th system adapts to all types of application and can operate reliably under various conditions without failure.  '
1235,NSR,'The system shall allow administrators to generate activity reports filtered by date range.'
1426,NSR,'The service must support drag-and-drop file submission for ease of use.'
1342,SR,'The component should limit login attempts to 3 consecutive consecutive failures before locking the account in accordance with the security policy.'
1779,NSR,'The application must provide a simple three-step workflow for account management tasks.'
1067,NSR,'The module shall achieve an uptime of at least 85% measured over a rolling monthly period.'
726,SR,'The system will enforce role-based access control to restrict user permissions in accordance with the security policy.'
1081,SR,'The system must digitally sign all session to ensure authenticity and non-repudiation to ensure confidentiality and integrity of sensitive data.'
93,SR,'The system shall  lock automatically after the connection is lost. '
29,SR,'The system does not need frequent updates to its signatures as it will be learning on its own and updating its signatures on its own. '
1186,NSR,"'The interface must provide a changelog documenting all updates, bug fixes, and new features.'"
1857,NSR,'The service must have a clean and intuitive interface that requires minimal training to operate.'
1060,NSR,"'The platform should allow administrators to create, read, update, and delete user accounts.'"
1581,SR,'The application should scan submitted code for XXE injection security flaws to prevent exploitation by malicious actors.'
1398,SR,'The framework shall enforce data retention policies by automatically purging sensitive records after 90 days in accordance with the security policy.'
2161,SR,'The software should store user passwords using SHA-3 hashing with unique salts.'
1492,NSR,'The portal will provide an audit trail of all administrative actions performed in the system.'
1876,SR,'The framework will generate integrity reports for sensitive stored in the system to protect against unauthorized access.'
1253,NSR,'The platform shall allow export of analysis results to Excel (XLSX) format for offline review.'
1312,SR,'The framework must use TLS 1.3 or higher for all network communications as part of the defence-in-depth security strategy.'
1015,SR,'The platform shall apply a visible digital watermark to images upon author submission to mitigate the risk of data breaches.'
980,NSR,'The platform must allow multiple users to collaborate on authentication within a shared workspace.'
3055,SR,'The application must generate and rotate encryption keys every 90 days to minimize key exposure to ensure compliance with security best practices.'
1353,SR,'The service must be easily updatable with security patches without disrupting service as part of the defence-in-depth security strategy.'
1368,NSR,'The software will provide a responsive design compatible with both desktop and mobile browsers.'
2011,NSR,'The service shall provide a responsive design compatible with both desktop and mobile browsers.'
1463,SR,'The application should automatically generate detailed reports of detected sensitive data exposure vulnerabilities as part of the defence-in-depth security strategy.'
72,NSR,'The system shall have the capability to inspect the SSL certificate of a given web application or a website.'
95,NSR,'The systems main screen shall include HELP and Static Analysis Tabs. '
350,NSR,"'""The runtime environment is responsible for Providing communication services with off-card entities that ensures the proper transmission (according to the specific communication protocol rules) of unaltered command and response messages.""'"
1614,SR,'The software will test for broken authentication and session management vulnerabilities as part of the defence-in-depth security strategy.'
1284,SR,'The component must protect private keys from unauthorized extraction or export as part of the defence-in-depth security strategy.'
1631,SR,'The platform should require multi-factor authentication (MFA) for all administrative operations.'
3,SR,'The system shall be web based and therefore guarantees maximum availability of data to the cloud data owners'
1527,SR,'The tool must perform regular automated vulnerability scans against the deployed application as part of the defence-in-depth security strategy.'
1705,SR,'The system will detect anomalous network traffic patterns indicative of cryptomining malware activity in accordance with the security policy.'
1215,SR,'The service should identify and classify adware samples based on behavioral signatures to protect against unauthorized access.'
49,NSR,'The system shall be able to accomplish that which it was designed for with no glitches. '
848,SR,'The software shall detect cryptojacking activity by monitoring CPU usage and network connections.'
1720,NSR,'The portal shall maintain a consistent visual design across all screens and modules.'
1093,SR,'The platform shall securely store encryption keys in a dedicated key management system.'
2184,SR,'The system shall enforce HTTPS for all data transmission between client and server to prevent exploitation by malicious actors.'
1558,NSR,'The software should achieve a throughput of at least 100 applications per hour in production.'
636,NSR,'The tool should allow export of analysis results to CSV format for offline review.'
2048,SR,'The service will analyze mobile apps behavior in an isolated sandbox environment to ensure compliance with security best practices.'
1038,SR,'The framework must detect and block connections to known malicious IP addresses and domains to protect against unauthorized access.'
1337,NSR,'The platform must respond to user interface interactions within 1 milliseconds.'
1968,NSR,'The application must display results in both tabular and graphical chart formats.'
1146,NSR,'The system must provide a searchable database of historical vulnerability assessment results.'
1494,NSR,'The system should be deployable on 64-bit Windows and Linux operating systems without modification.'
1316,SR,'The framework should implement certificate pinning to prevent command injection attacks to ensure confidentiality and integrity of sensitive data.'
2921,SR,'The component should implement secure communication channels using WPA3 protocol in order to maintain system integrity.'
2060,NSR,'The service shall consume no more than 90% of available CPU resources during idle monitoring.'
1054,SR,'The platform will notify administrators of critical security events via SMS.'
1181,NSR,'The software should allow users to filter and search through vulnerability records efficiently.'
1142,NSR,'The module shall function correctly on both 32-bit and 64-bit system architectures.'
1015,SR,'The platform should apply a visible digital watermark to documents upon author submission to ensure confidentiality and integrity of sensitive data.'
1297,SR,'The application should validate user credentials against the active directory before allowing access in accordance with the security policy.'
44,NSR,'The system should use report generating modules to produce reports that can be conveniently used by management in decision making. '
94,NSR,"'The system shall  ensure the digital watermark agency is able to dispatch agents, collect and report the processed information from the visited hosts within the network. '"
1076,SR,'The module shall detect outdated or vulnerable third-party libraries in analyzed applications to ensure confidentiality and integrity of sensitive data.'
1610,SR,'The software shall identify open ports and running services on the target network.'
1600,SR,'The application should classify detected adware into known malware families.'
1851,NSR,'The interface should allow multiple users to collaborate on reporting within a shared workspace.'
1629,NSR,'The portal must support bulk submission of files for batch analysis processing.'
1087,SR,'The system should generate integrity reports for configuration stored in the system.'
714,NSR,'The portal must achieve a detection accuracy of at least 95% on files.'
2098,SR,'The service will maintain a tamper-evident audit log of all configuration change events in order to maintain system integrity.'
1465,SR,'The framework must monitor DNS queries to detect data exfiltration and domain generation algorithms using industry-standard cryptographic techniques.'
631,SR,'The platform will automatically log out inactive sessions after 10 minutes of inactivity in accordance with the security policy.'
1205,SR,'The software shall provide a chain of custody record for all medical processed by the system to ensure confidentiality and integrity of sensitive data.'
1134,NSR,'The dashboard must support concurrent analysis of up to 1000 simultaneous applications without degradation.'
946,NSR,'The interface will implement transaction rollbacks to maintain data consistency during failures.'
829,NSR,'The platform will allow export of scan findings to PDF for integration with ticketing systems.'
1435,NSR,'The module will allow users to filter and search through audit records efficiently.'
1018,SR,'The module shall monitor DNS queries to detect data exfiltration and domain generation algorithms to protect against unauthorized access.'
1064,NSR,'The portal will provide a user-friendly graphical user interface (GUI) for ease of use.'
1135,NSR,'The interface must maintain performance under peak load conditions of 5 simultaneous users.'
1880,NSR,'The service must require no platform-specific dependencies outside of the documented prerequisites.'
589,NSR,'The CEP card limits each slot to a maximum balance. The maximum balance for a slot is established when a currency is assigned to the slot  and is determined externally by the card issuer or by CEP card data which indicates a maximum balance in a reference currency. There is no requirement that all slot maximums have the same relative value  and there is no requirement for the card to maintain a maximum total value'
2400,NSR,'The dashboard will support pagination for large result sets to maintain performance.'
859,NSR,'The interface should allow users to view the history of previously submitted samples.'
1597,NSR,'The portal must allow multiple users to collaborate on detection within a shared workspace.'
1515,SR,'The framework shall generate behavioral reports for mobile apps executed in the sandbox.'
1430,SR,'The application should monitor system calls to detect backdoors activity at runtime to ensure confidentiality and integrity of sensitive data.'
1560,NSR,'The software shall provide a simple three-step workflow for report generation tasks.'
28,SR,'The system shall maintain full patient medical records in an encrypted format on a server. '
1542,NSR,'The portal will allow export of scan findings to CSV for integration with ticketing systems.'
1583,SR,'The service shall enforce the principle of least privilege across all user roles.'
1607,NSR,'The portal shall respond to user interface interactions within 10 milliseconds.'
91,NSR,'The system shall  enable activation of credit or debit cards.'
1435,NSR,'The tool will provide a searchable database of historical reporting results.'
1371,NSR,'The interface should process submitted requests within 3 seconds under normal load conditions.'
104,NSR,'The system shall be compatible with all operating systems without demanding too many resources. '
2284,SR,'The tool should capture and analyze TCP/IP packets for signs of malicious activity.'
1273,SR,'The agent will monitor DNS queries to detect data exfiltration and domain generation algorithms to ensure confidentiality and integrity of sensitive data.'
1120,NSR,'The system will support import of threat intelligence feeds in XML format.'
1520,SR,'The service shall verify digital signatures before processing received data.'
36,NSR,'The system shall be able to locate an Examiner during Road Test '
2853,SR,'The software should enforce data retention policies by automatically purging sensitive records after 90 days using industry-standard cryptographic techniques.'
79,NSR,' The system shall be highly usable to ensure that in cases of emergency records can be retrieved on demand. '
1593,NSR,'The application should automatically recover from non-critical errors without requiring manual intervention.'
671,NSR,'The dashboard should respond to user interface interactions within 2 milliseconds.'
1735,SR,'The module should prevent downgrade attacks by enforcing minimum HTTPS version requirements in order to maintain system integrity.'
727,NSR,'The application shall maintain performance under peak load conditions of 50 simultaneous users.'
622,NSR,'The tool will maintain a false positive rate below 1% during monitoring operations.'
1294,SR,'The framework will provide a chain of custody record for all session processed by the system using industry-standard cryptographic techniques.'
1545,SR,'The module must detect cryptojacking activity by monitoring CPU usage and network connections to ensure compliance with security best practices.'
1133,SR,'The module will detect unauthorized modifications to critical system files to protect against unauthorized access.'
1596,NSR,'The portal should process submitted tasks within 200 seconds under normal load conditions.'
1733,NSR,'The portal should include rollback capabilities to revert to a previous stable version if needed.'
1190,SR,'The platform shall identify and classify adware samples based on behavioral signatures.'
1343,NSR,'The software must be accessible to users with disabilities by adhering to WCAG 2.1 guidelines.'
1195,NSR,'The software should support automated unit and integration testing with a code coverage target of 1%.'
1249,NSR,'The service shall achieve a throughput of at least 50 requests per hour in production.'
849,SR,'The application must automatically log out inactive sessions after 15 minutes of inactivity in order to maintain system integrity.'
1640,SR,'The framework must detect outdated or vulnerable third-party libraries in analyzed applications.'
782,SR,'The component will securely store encryption keys in a dedicated key management system to ensure compliance with security best practices.'
2235,SR,'The service should authenticate users using two-factor authentication (2FA) to prevent exploitation by malicious actors.'
62,NSR,'The system shall allow the Submission and responding of complaints and alerts. '
216,SR,'Protection mechanisms shall be implemented to avoid that a management client could access and modify parameters that is not allow to configure.'
28,SR,'The system shall provide audit trails when required. '
895,NSR,'The service must allow users to view the history of previously submitted tasks.'
2999,SR,'The module will provide a chain of custody record for all configuration processed by the system.'
1970,SR,'The service should implement certificate pinning to prevent sensitive data exposure attacks to ensure confidentiality and integrity of sensitive data.'
797,NSR,'The interface will provide a cross-platform command-line interface in addition to the GUI.'
960,SR,'The agent will embed an invisible digital watermark into images to protect ownership to ensure confidentiality and integrity of sensitive data.'
880,SR,'The software must require OTP-based authentication for all administrative operations in order to maintain system integrity.'
1703,NSR,'The system should allow administrators to generate activity reports filtered by severity level.'
733,NSR,'The platform must generate structured logs in syslog format for consumption by log aggregators.'
1385,SR,'The software shall generate cryptographically secure session tokens for each authenticated user to mitigate the risk of data breaches.'
779,SR,'The agent should integrate with existing SIEM systems for centralized security monitoring using industry-standard cryptographic techniques.'
1365,NSR,'The tool must use less than 4MB of RAM during standard operation.'
1009,NSR,'The software should generate analysis reports in under 30 seconds for typical tasks.'
1660,NSR,'The software must respond to user interface interactions within 3 milliseconds.'
2257,SR,'The software will invalidate session tokens upon logout to prevent session hijacking in order to maintain system integrity.'
733,NSR,'The module will allow users to view the history of previously submitted queries.'
1847,SR,'The framework shall enforce HTTPS for all data transmission between client and server.'
1232,SR,'The platform should generate and rotate encryption keys every 30 days to minimize key exposure as part of the defence-in-depth security strategy.'
2707,NSR,'The dashboard must provide a disaster recovery plan with a recovery time objective of 60 hours.'
1642,NSR,'The interface will allow signature databases and detection rules to be updated without system restart.'
1006,SR,'The agent will prevent downgrade attacks by enforcing minimum SSH version requirements to ensure compliance with security best practices.'
1165,NSR,'The interface shall be implemented using a modular architecture to facilitate independent component updates.'
1033,SR,'The tool must extract and analyze adware indicators of compromise from samples to ensure confidentiality and integrity of sensitive data.'
1128,SR,'The system will block network communication from hosts identified as compromised to prevent exploitation by malicious actors.'
1813,SR,'The module must enforce HTTPS for all data transmission between client and server to prevent exploitation by malicious actors.'
977,NSR,'The interface will consume no more than 99% of available CPU resources during idle monitoring.'
1095,SR,'The system shall detect SSRF vulnerabilities in submitted web applications to mitigate the risk of data breaches.'
697,NSR,'The dashboard shall achieve an uptime of at least 95% measured over a rolling 30-day period.'
928,NSR,'The software shall run on any system that has the JVM version 3.10 or later installed.'
470,NSR,"'""If the card is in the Life Cycle State CARD_LOCKED or TERMINATED: - Close the Supplementary Logical Channel, if currently open, - Return the appropriate error,""'"
19,NSR,'The system shall allow a user to have a functional account on the enterprise application '
678,SR,'The service should require users to change default passwords upon first login using industry-standard cryptographic techniques.'
77,SR,'The transactions digital signatures are validated by the Ethereum protocol.'
970,NSR,'The tool should maintain a structured database of known vulnerability signatures and indicators.'
8,NSR,'The system shall be able to input digits and display the punched digits. '
1015,SR,'The component must test for broken authentication and session management vulnerabilities to mitigate the risk of data breaches.'
1597,NSR,'The application will require no platform-specific dependencies outside of the documented prerequisites.'
2355,NSR,'The service should provide a RESTful API that allows external systems to trigger and retrieve vulnerability assessment results.'
2965,SR,'The tool should generate cryptographically secure session tokens for each authenticated user in accordance with the security policy.'
840,SR,'The application must use AES-256 with a 256-bit key to protect stored financial to ensure compliance with security best practices.'
21,SR,'The system shall enable specific logs from the computers to be captured and faultlessly interfaced with the web-based application with the help of security mechanism including HMAC and PGP.  '
46,SR,'The system shall allow a lookup of registered users if requested by the authentication server. '
1485,SR,'The platform shall monitor TLS network traffic to detect security anomalies to ensure compliance with security best practices.'
2,SR,'The system shall detect SQL Injection and XSS vulnerabilities for a given website or a web application '
2973,NSR,'The module must ensure the system can process queries reliably across all supported cloud and on-premises environments.'
1996,SR,'The service shall prevent unauthorized access to sensitive session through access controls to prevent exploitation by malicious actors.'
668,NSR,'The interface will display real-time reporting status updates without requiring page refresh.'
1321,NSR,'The module will provide a searchable database of historical monitoring results.'
1348,NSR,'The service should support plugin-based architecture to allow new detection modules to be added.'
1008,SR,'The module will detect the presence of spyware in submitted Windows executables to prevent exploitation by malicious actors.'
783,SR,'The component should require users to change default passwords upon first login to protect against unauthorized access.'
1746,NSR,'The application shall provide a user-friendly graphical user interface (GUI) for ease of use.'
103,SR,'The system shall be able to generate periodic logs as well as collect and analyse data alerting parents whenever certain keywords are typed. '
215,NSR,'CNG shall support mechanisms allowing the CNDs remote management when applicable.'
80,SR,'The system components shall be built with reusability so it can be integrated into other systems. '
1328,NSR,'The software must adhere to SOLID design principles to minimize coupling between components.'
1150,SR,'The module shall limit login attempts to 3 consecutive failures before locking the account using industry-standard cryptographic techniques.'
994,SR,'The framework shall verify digital signatures before processing received sensitive in order to maintain system integrity.'
2639,SR,'The application should automatically log out inactive sessions after 30 minutes of inactivity.'
1832,NSR,'The application should implement graceful degradation so critical functions remain available during partial failures.'
897,SR,'The agent should provide secure password reset functionality using verified email or OTP to protect against unauthorized access.'
1242,SR,'The component will associate the embedded watermark with the author's registration number.'
1003,NSR,'The service must allow users to filter and search through scan records efficiently.'
1702,SR,'The tool must generate behavioral reports for Windows executables executed in the sandbox as part of the defence-in-depth security strategy.'
1039,NSR,'The portal shall minimize latency in real-time monitoring mode to under 100 milliseconds.'
1341,SR,'The service will be easily updatable with security patches without disrupting service to ensure confidentiality and integrity of sensitive data.'
763,SR,'The framework shall generate and rotate encryption keys every 24 hours to minimize key exposure as part of the defence-in-depth security strategy.'
2095,NSR,'The application will provide a simple three-step workflow for account management tasks.'
931,SR,'The system should provide secure password reset functionality using verified email or OTP.'
2456,NSR,'The software must display progress indicators during long-running analysis operations.'
1457,NSR,'The system will achieve a detection accuracy of at least 99.5% on tasks.'
1469,SR,'The application must enforce PIN-based authentication before granting access to protected resources in accordance with the security policy.'
834,NSR,'The application will generate automated summary emails of daily reporting activities.'
628,SR,'The service must enforce HTTPS for all data transmission between client and server to ensure confidentiality and integrity of sensitive data.'
617,NSR,'The interface must support virtualized environments including VMware and Hyper-V.'
9,NSR,'The system shall allow short data transmission between the computer and the smart phone over Bluetooth.'
1024,SR,'The agent will enforce password complexity requirements including a minimum of 8 characters including alphanumeric and special characters as part of the defence-in-depth security strategy.'
1800,NSR,'The dashboard should be implemented using a modular architecture to facilitate independent component updates.'
1236,SR,'The component must verify the integrity of user using cryptographic checksums to prevent exploitation by malicious actors.'
1191,SR,'The application should detect SSL/TLS misconfigurations and expired certificates in target systems.'
1040,SR,'The tool shall identify and classify rootkits samples based on behavioral signatures.'
499,NSR,'The card should use a unique diversified secret key  personalized into the card  to generate and authenticate transaction signatures'
913,SR,'The system shall allow for safe fail-secure behavior whenever a security fault is detected to ensure compliance with security best practices.'
1477,SR,'The system should capture and analyze TCP/IP packets for signs of malicious activity to ensure confidentiality and integrity of sensitive data.'
1562,NSR,"'The service should allow users to register an account by providing their name, email, and department.'"
1313,NSR,'The module will integrate with third-party SIEM platforms via SAML.'
1668,SR,'The framework shall validate user credentials against the active directory before allowing access as part of the defence-in-depth security strategy.'
1997,SR,'The module shall implement secure communication channels using SSH protocol in accordance with the security policy.'
1369,SR,'The service should correlate network events against threat intelligence blacklists.'
1501,NSR,'The portal shall achieve an uptime of at least 5% measured over a rolling annual period.'
1904,NSR,'The interface should provide a centralized logging framework for debugging and system monitoring.'
646,SR,'The framework should detect sensitive data exposure vulnerabilities in submitted web applications to prevent exploitation by malicious actors.'
36,NSR,'The system shall be able to ensure that the number of registered vehicles should not affect the performance of the system '
3072,SR,'The framework should monitor DNS queries to detect data exfiltration and domain generation algorithms to ensure confidentiality and integrity of sensitive data.'
1236,NSR,'The portal will run on any system that has .NET version 14 or later installed.'
775,NSR,'The software should allow users to view the history of previously submitted requests.'
48,SR,'The system shall be able to inspect SSL certificate. '
27,NSR,'The system has very few interfaces that it does not confuse users as they advance into the system.'
1099,NSR,'The portal shall expose a well-documented RESTful API to enable third-party integrations.'
1393,SR,'The service shall protect private keys from unauthorized extraction or export to mitigate the risk of data breaches.'
2086,NSR,'The service must support German language localization for international users.'
1029,NSR,'The dashboard shall separate configuration from code to allow environment-specific deployments.'
587,NSR,'It is a card issuerÃ¯Â¿Â½??s decision to determine the currencies that are allowed to occupy slots in the CEP card. This decision is made by the card issuer during the load or currency exchange transaction  by approving or rejecting the request to authorize the transaction'
1443,NSR,'The portal shall provide fail-safe behavior that prevents data loss in the event of an unexpected shutdown.'
1843,NSR,'The module must send a confirmation email to newly registered users with an activation link.'
49,NSR,'The system player shall play audio files.'
945,SR,'The service shall implement secure communication channels using SFTP protocol.'
12,NSR,'The system shall ensure good performance and resource behaviour by measuring the static quality attributes of the application to predict potential operational performance bottlenecks and future scalability problems. '
1641,NSR,'The service shall support redundant database configurations to prevent data loss.'
788,NSR,'The dashboard must log all system errors with sufficient context for post-incident analysis.'
2541,SR,'The agent should limit login attempts to 3 consecutive consecutive failures before locking the account to protect against unauthorized access.'
1409,NSR,'The application shall allow users to view the history of previously submitted samples.'
1043,NSR,'The portal shall include rollback capabilities to revert to a previous stable version if needed.'
1321,SR,'The application will enforce multi-factor authentication (MFA) before granting access to protected resources as part of the defence-in-depth security strategy.'
33,SR,"'The system adapts to all types of application and provides maturity, fault tolerance and recoverability.  '"
2944,NSR,'The tool must be transferable between environments through a standard configuration export/import mechanism.'
1676,NSR,'The system must maintain performance under peak load conditions of 500 simultaneous users.'
1222,NSR,'The dashboard should handle network disconnections gracefully and queue operations for retry.'
2414,SR,'The component shall allow for safe fail-secure behavior whenever a security fault is detected to mitigate the risk of data breaches.'
1346,SR,'The tool must correlate network events against threat intelligence blacklists to ensure confidentiality and integrity of sensitive data.'
1252,NSR,'The portal will support automated unit and integration testing with a code coverage target of 90%.'
993,NSR,"'The software should allow administrators to create, read, update, and delete user accounts.'"
926,SR,'The framework will verify server certificates before establishing WPA3 connections to ensure confidentiality and integrity of sensitive data.'
1798,NSR,'The application will generate analysis reports in under 3 seconds for typical samples.'
643,SR,'The platform must analyze HTTP requests and responses to detect broken authentication attack patterns.'
755,NSR,'The system should support virtualized environments including VMware and Hyper-V.'
720,NSR,'The platform will provide a disaster recovery plan with a recovery time objective of 3 hours.'
1490,SR,'The tool will test for broken authentication and session management vulnerabilities to protect against unauthorized access.'
2769,NSR,'The portal shall provide a notification system that alerts users when reporting is complete.'
506,NSR,'The issuer sends S2 to the load acquirer in the authorization response message'
767,NSR,'The service shall handle network disconnections gracefully and queue operations for retry.'
711,SR,'The platform shall obtain and record user consent before collecting confidential to protect against unauthorized access.'
950,SR,'The agent should detect port scanning activity originating from rogue nodes on the network in order to maintain system integrity.'
1384,NSR,'The software will automatically recover from non-critical errors without requiring manual intervention.'
48,SR,'The system shall be able to identify acceptable low false positive rates. '
660,NSR,'The software should achieve an uptime of at least 99% measured over a rolling 30-day period.'
1207,NSR,'The module will be accessible to users with disabilities by adhering to WCAG 2.1 guidelines.'
860,SR,'The framework will scan submitted code for insecure deserialization security flaws to ensure confidentiality and integrity of sensitive data.'
40,SR,'The system is deployed as an application on user machines thus it is cost-effective to maintain as it does not have many modules and online documentation including system documentation and test documentation for easy user acclimatization. '
2336,NSR,'The system must expose a well-documented RESTful API to enable third-party integrations.'
1073,NSR,'The tool will support automated unit and integration testing with a code coverage target of 99.5%.'
49,SR,"'The player will hide the trimmed files from any direct contact with user or attacker, thereby reliably depriving any illegal sharing of files. '"
1363,SR,'The tool must encrypt all medical data using 3DES encryption.'
1139,NSR,'The software must perform automated health checks every 100 seconds and alert on anomalies.'
178,NSR,'CNG shall perform a link layer multicast to unicast translation if the STB or media gateway are connected using customer network technologies not supporting multicast flows (e.g. powerlines  wireless).'
703,NSR,'The application must provide a notification system that alerts users when analysis is complete.'
938,NSR,'The application will allow administrators to generate activity reports filtered by date range.'
2915,NSR,'The portal should provide a RESTful API that allows external systems to trigger and retrieve detection results.'
1362,NSR,'The dashboard shall backup critical incident data every 30-day to a secure offsite location.'
1797,SR,'The application will sign API responses to ensure integrity during transmission in order to maintain system integrity.'
949,SR,'The application must detect polymorphic and obfuscated backdoors variants to protect against unauthorized access.'
763,NSR,'The portal must be deployable on 64-bit Windows and Linux operating systems without modification.'
806,SR,'The module will detect XXE injection vulnerabilities in submitted web applications.'
1683,SR,'The tool shall extract and analyze trojans indicators of compromise from samples to ensure confidentiality and integrity of sensitive data.'
69,NSR,'The system shall allow a user to view the progress of a baby from birth to postnatal visits.'
1066,NSR,'The portal will backup critical scan data every annual to a secure offsite location.'
1763,SR,'The agent will sign API responses to ensure integrity during transmission to ensure confidentiality and integrity of sensitive data.'
850,SR,'The framework must associate the embedded watermark with the author's registration number using industry-standard cryptographic techniques.'
98,NSR,'The system shall ensure that the hashing and extraction modules are easy to use and have a user manual incorporated in the system. '
1323,SR,'The service should embed an invisible digital watermark into images to protect ownership using industry-standard cryptographic techniques.'
2054,SR,'The application shall detect port scanning activity originating from rogue nodes on the network to protect against unauthorized access.'
717,NSR,'The module should display real-time reporting status updates without requiring page refresh.'
1508,NSR,'The system will separate configuration from code to allow environment-specific deployments.'
766,SR,'The framework must sign API responses to ensure integrity during transmission.'
2169,SR,'The application shall encrypt all confidential data using AES-256 encryption using industry-standard cryptographic techniques.'
1049,NSR,'The software must support database schema migrations to allow incremental system upgrades.'
644,NSR,'The software will allow export of analysis results to Excel (XLSX) format for offline review.'
935,SR,'The module shall authenticate users using biometric authentication to mitigate the risk of data breaches.'
1074,SR,'The component should classify detected keyloggers into known malware families to mitigate the risk of data breaches.'
643,SR,'The service will generate cryptographically secure session tokens for each authenticated user to ensure confidentiality and integrity of sensitive data.'
693,SR,'The module should encrypt data at rest using RSA-2048 to protect against unauthorized access as part of the defence-in-depth security strategy.'
1522,SR,'The agent will limit login attempts to 3 consecutive consecutive failures before locking the account using industry-standard cryptographic techniques.'
875,SR,'The platform must authenticate users using two-factor authentication (2FA) to ensure compliance with security best practices.'
1439,SR,'The application will alert on connections to known cryptocurrency mining pool endpoints to mitigate the risk of data breaches.'
37,NSR,'A system should be designed having the psychology and physiology of the users in min. '
54,SR,'The system shall preserve the integrity of acquired forensic imagines by applying integrity checksums and hashes. '
1605,SR,'The module will comply with NIST data protection requirements in order to maintain system integrity.'
992,SR,'The module will securely store encryption keys in a dedicated key management system.'
1344,SR,'The tool must validate user credentials against a hashed credential store before allowing access to ensure compliance with security best practices.'
1368,SR,'The service will detect anomalous network traffic patterns indicative of rootkits activity to mitigate the risk of data breaches.'
1492,SR,'The agent should associate the embedded watermark with the author's registration number.'
1891,NSR,'The service shall be containerized using Docker for consistent deployment across environments.'
31,NSR,"'The system shall enable web data mining from Twitter, Twitter API provides different levels of accessing data through its Twitter Data Grants program.'"
1253,SR,'The application shall identify open ports and running services on the target network to prevent exploitation by malicious actors.'
2717,SR,'The platform will limit login attempts to 3 consecutive failures before locking the account to ensure compliance with security best practices.'
17,NSR,'The system shall allow Selenium scraping an individuals personally identifiable information. '
165,NSR,'The CNG shall support a mechanism allowing the support of call forking towards customer non-IMS capable devices.'
1852,NSR,'The dashboard will log all system errors with sufficient context for post-incident analysis.'
665,SR,'The component shall use HMAC-Argon2 to authenticate API requests and prevent replay attacks to ensure confidentiality and integrity of sensitive data.'
853,NSR,'The software should be packaged as a desktop installer for simple installation on supported platforms.'
1549,SR,'The service shall restrict access to configuration based on the user's clearance level in accordance with the security policy.'
2218,NSR,'The tool must be accessible to users with disabilities by adhering to WCAG 2.1 guidelines.'
768,SR,'The tool must allow for safe fail-secure behavior whenever a security fault is detected as part of the defence-in-depth security strategy.'
1201,NSR,'The application should achieve a throughput of at least 1000 files per hour in production.'
1191,SR,'The component must provide a chain of custody record for all user processed by the system in accordance with the security policy.'
1908,SR,'The software must generate cryptographically secure session tokens for each authenticated user to ensure confidentiality and integrity of sensitive data.'
53,NSR,'The system shall offer a high speed in the time taken by the system to embed and retrieve the watermark. '
654,NSR,'The interface should allow administrators to configure detection thresholds without modifying source code.'
1369,SR,'The agent shall monitor DNS queries to detect data exfiltration and domain generation algorithms in order to maintain system integrity.'
362,NSR,"'""When applicable a Security Domain shall Communicate with off-card entities in accordance with its Security Domain Provider's security policy in Pre-Issuance and Post-Issuance,""'"
1152,NSR,"'The interface will be compatible with major cloud platforms including AWS, Azure, and Google Cloud.'"
1477,SR,'The platform must enforce role-based access control to restrict user permissions.'
489,NSR,'All Applications including all Security Domains  and all Executable Load Files  shall have an entry in the GlobalPlatform Registry.'
1894,SR,'The service shall use TLS 1.3 or higher for all network communications in order to maintain system integrity.'
1081,NSR,"'The platform should be compatible with major cloud platforms including AWS, Azure, and Google Cloud.'"
796,SR,'The platform should validate user credentials against the LDAP directory before allowing access in accordance with the security policy.'
1004,NSR,'The application will support automated unit and integration testing with a code coverage target of 95%.'
1494,NSR,'The tool shall allow users to filter and search through user records efficiently.'
1508,SR,'The framework will notify administrators of critical security events via push notifications to prevent exploitation by malicious actors.'
966,SR,'The module will monitor system calls to detect malware activity at runtime in accordance with the security policy.'
1100,SR,'The software should digitally sign all personal to ensure authenticity and non-repudiation.'
1730,NSR,'The service should validate input data before processing to prevent crashes from malformed input.'
2316,SR,'The software should digitally sign all financial to ensure authenticity and non-repudiation.'
2324,NSR,'The dashboard shall allow administrators to generate activity reports filtered by project.'
2086,SR,'The component shall obtain and record user consent before collecting authentication to prevent exploitation by malicious actors.'
450,NSR,'If a full or partial match is found and this Application cannot be selected due to a multi-selection restriction or because the Application refuses selection (e.g. because it does not support the current card interface)  continue searching through the GlobalPlatform Registry for a subsequent full or partial match. If no subsequent full or partial match is found  the OPEN shall return the appropriate error to the off-card entity'
877,NSR,'The application shall complete database queries in under 24 milliseconds for datasets of up to 5 records.'
1672,NSR,'The software will support redundant database configurations to prevent data loss.'
789,NSR,'The portal will be containerized using Docker for consistent deployment across environments.'
999,NSR,'The module should include rollback capabilities to revert to a previous stable version if needed.'
1233,NSR,"'The tool shall allow users to register an account by providing their username, email address, and contact number.'"
852,SR,'The component should implement secure communication channels using HTTPS protocol in order to maintain system integrity.'
1239,SR,'The framework shall authenticate users using LDAP authentication using industry-standard cryptographic techniques.'
14,SR,"'The system shall allow the user to set an email-change password, so that it will subsequently be requested when attempting to change the set users email address.  '"
1182,SR,'The tool must detect and block connections to known malicious IP addresses and domains.'
2085,NSR,'The software will process submitted queries within 3 seconds under normal load conditions.'
994,SR,'The tool will implement account lockout mechanisms after repeated failed login attempts to ensure compliance with security best practices.'
2008,NSR,'The service shall ensure the system can process files reliably across all supported cloud and on-premises environments.'
1578,NSR,'The portal will achieve a detection accuracy of at least 90% on queries.'
768,SR,'The component shall enforce OTP-based authentication before granting access to protected resources to protect against unauthorized access.'
1578,NSR,'The system must allow users to filter and search through scan records efficiently.'
1798,NSR,'The platform must generate analysis reports in under 30 seconds for typical files.'
1167,NSR,'The portal must operate efficiently on systems with as little as 256GB of available RAM.'
1463,SR,'The service must test for broken authentication and session management vulnerabilities to ensure confidentiality and integrity of sensitive data.'
1851,NSR,'The dashboard must allow users to view the history of previously submitted scans.'
1342,SR,'The agent will detect and block connections to known malicious IP addresses and domains in accordance with the security policy.'
791,SR,'The agent should block network communication from hosts identified as compromised to prevent exploitation by malicious actors.'
1982,NSR,'The platform shall allow signature databases and detection rules to be updated without system restart.'
2199,NSR,'The tool will follow clean code principles and established design patterns for maintainability.'
937,SR,'The application must implement end-to-end encryption for confidential messages in accordance with the security policy.'
860,NSR,'The interface will support pagination for large result sets to maintain performance.'
2092,SR,'The agent must detect polymorphic and obfuscated cryptomining malware variants in order to maintain system integrity.'
11,NSR,'The system shall manage user profiles. '
1862,SR,'The software should mask sensitive configuration fields in logs and reports as part of the defence-in-depth security strategy.'
2885,SR,'The agent should generate behavioral reports for Windows executables executed in the sandbox in accordance with the security policy.'
767,SR,'The framework will identify unauthorized network devices connected to the internal network using industry-standard cryptographic techniques.'
11,SR,'New exchange interfaces should be easily integrated into the already existing system without modifying core functionality of the product software. '
1345,NSR,'The dashboard should achieve an uptime of at least 90% measured over a rolling 30-day period.'
98,SR,'The system shall employ good coding principles like loose coupling of modules for easy maintainance. '
1544,NSR,'The application shall function correctly on both 32-bit and 64-bit system architectures.'
680,NSR,'The dashboard should allow export of analysis results to XML format for offline review.'
892,SR,'The platform should monitor system calls to detect keyloggers activity at runtime as part of the defence-in-depth security strategy.'
63,NSR,'The capacity to do things right will depend on the monitoring tasks definition.  '
1467,SR,'The platform will scan submitted code for CSRF security flaws to ensure compliance with security best practices.'
1646,NSR,'The dashboard should provide an audit trail of all administrative actions performed in the system.'
711,SR,'The framework will provide secure password reset functionality using verified email or OTP to mitigate the risk of data breaches.'
937,SR,'The tool should sign API responses to ensure integrity during transmission in accordance with the security policy.'
941,NSR,'The platform should provide contextual help tooltips and user documentation throughout the interface.'
1454,NSR,'The dashboard shall complete database queries in under 3 milliseconds for datasets of up to 50 records.'
2292,NSR,"'The system shall ensure the system can process scans reliably across all supported test, staging, and production environments.'"
994,SR,'The system shall extract and analyze malware indicators of compromise from samples in accordance with the security policy.'
1440,NSR,'The dashboard must allow users to customize dashboard layouts according to their preferences.'
1222,SR,'The software shall protect private keys from unauthorized extraction or export to ensure confidentiality and integrity of sensitive data.'
1000,SR,'The module shall authenticate users using hardware token authentication in order to maintain system integrity.'
2385,SR,'The software shall be easily updatable with security patches without disrupting service to protect against unauthorized access.'
1693,SR,'The platform will correlate network events against threat intelligence blacklists to mitigate the risk of data breaches.'
8,NSR,' The system shall allow the administrator to log in and set the software to run and give desired alerts from PCs scanning the server'
1101,SR,'The service shall anonymize personally identifiable information before reporting in order to maintain system integrity.'
967,SR,'The tool must automatically generate detailed reports of detected LDAP injection vulnerabilities to protect against unauthorized access.'
2010,NSR,'The software shall perform automated health checks every 24 seconds and alert on anomalies.'
2013,NSR,'The platform should provide a notification system that alerts users when reporting is complete.'
2481,NSR,'The tool should maintain a consistent visual design across all screens and modules.'
929,NSR,'The interface shall achieve a detection accuracy of at least 95% on tasks.'
1591,SR,'The agent should alert on connections to known cryptocurrency mining pool endpoints using industry-standard cryptographic techniques.'
950,SR,'The platform must encrypt data at rest using AES-256 to protect against unauthorized access as part of the defence-in-depth security strategy.'
1785,SR,'The application shall store user passwords using scrypt hashing with unique salts in accordance with the security policy.'
2062,SR,'The module must detect cryptojacking activity by monitoring CPU usage and network connections in accordance with the security policy.'
705,NSR,'The module shall backup critical vulnerability data every 90-day to a secure offsite location.'
1152,NSR,'The service must display real-time authentication status updates without requiring page refresh.'
1339,NSR,'The interface shall offer a dark mode option in addition to the default light theme.'
735,SR,'The component will alert on connections to known cryptocurrency mining pool endpoints in accordance with the security policy.'
977,NSR,'The module should provide a responsive design compatible with both desktop and mobile browsers.'
752,SR,'The framework will detect and block connections to known malicious IP addresses and domains.'
1054,NSR,"'The portal shall allow users to register an account by providing their name, email, and department.'"
314,NSR,'The CND/CNG shall support a mechanism allowing the user to manually modify the association between a public identity (e.g. phone number) and a specific private identity corresponding to a single customer device not provided with a UICC.'
1384,NSR,'The system shall scale horizontally to handle increased queries volume without reconfiguration.'
3069,SR,'The tool shall protect private keys from unauthorized extraction or export in order to maintain system integrity.'
1293,SR,'The agent should verify the authenticity of images by checking its embedded watermark to protect against unauthorized access.'
759,NSR,'The application should maintain performance under peak load conditions of 50 simultaneous users.'
1896,NSR,'The tool shall process submitted files within 2 seconds under normal load conditions.'
1545,SR,'The component will support automatic updates to malware signature databases in order to maintain system integrity.'
663,NSR,'The application will support import of threat intelligence feeds in JSON format.'
857,SR,'The platform shall prevent unauthorized access to sensitive sensitive through access controls in order to maintain system integrity.'
1440,NSR,'The tool must support database schema migrations to allow incremental system upgrades.'
946,NSR,'The portal must provide administrators with a configurable dashboard for system management.'
1208,SR,'The module will allow for safe fail-secure behavior whenever a security fault is detected in order to maintain system integrity.'
1118,NSR,'The tool should test failover mechanisms periodically to ensure they operate as expected.'
530,NSR,'Contain the details of a transaction between the initialize command for that transaction and the initialize command for the next transaction'
1739,SR,'The tool must enforce HTTPS for all data transmission between client and server using industry-standard cryptographic techniques.'
1578,SR,'The module shall limit login attempts to 5 consecutive failures before locking the account to mitigate the risk of data breaches.'
641,NSR,'The tool will allow users to customize dashboard layouts according to their preferences.'
1404,SR,'The application shall analyze Android applications behavior in an isolated sandbox environment to ensure compliance with security best practices.'
1715,NSR,'The module will complete database queries in under 1 milliseconds for datasets of up to 5 records.'
1920,SR,'The system will prevent downgrade attacks by enforcing minimum SSH version requirements to prevent exploitation by malicious actors.'
1654,SR,'The software shall detect SSL/TLS misconfigurations and expired certificates in target systems to ensure compliance with security best practices.'
84,NSR,"'The system shall provide a verification procedure, where the administrators will try to make contact with the specific bus in order to verify whether an accident has indeed taken place and the level of response required. '"
1328,NSR,'The module shall use version control best practices including branching strategies and commit conventions.'
1177,SR,'The tool should implement certificate pinning to prevent command injection attacks in accordance with the security policy.'
1840,NSR,'The software shall complete database queries in under 500 milliseconds for datasets of up to 5 records.'
2933,SR,'The system should prevent unauthorized access to sensitive user through access controls to mitigate the risk of data breaches.'
92,SR,'The system shall enable the client to decrypt video content to a virtual file and parse the location to media players.'
2765,SR,'The software must extract and verify digital watermarks from submitted PDF documents to prevent exploitation by malicious actors.'
743,NSR,'The service will provide a searchable database of historical authentication results.'
1383,NSR,'The module will generate automated summary emails of daily monitoring activities.'
739,NSR,'The software will complete database queries in under 100 milliseconds for datasets of up to 1000000 records.'
1419,NSR,'The dashboard shall maintain performance under peak load conditions of 10 simultaneous users.'
1272,NSR,'The platform must scale horizontally to handle increased samples volume without reconfiguration.'
1227,NSR,'The portal shall display real-time detection status updates without requiring page refresh.'
700,NSR,'The system will generate structured logs in syslog format for consumption by log aggregators.'
653,NSR,'The application must be packaged as a web application for simple installation on supported platforms.'
1197,NSR,'The dashboard must allow users to view the history of previously submitted files.'
1187,SR,'The framework shall validate input sanitization to prevent SSRF injection attacks using industry-standard cryptographic techniques.'
1038,SR,'The module should implement secure communication channels using SFTP protocol.'
1123,SR,'The component shall require OAuth 2.0 for all administrative operations in accordance with the security policy.'
862,NSR,'The interface will expose a well-documented RESTful API to enable third-party integrations.'
1430,SR,'The module should encrypt all confidential data using ChaCha20-Poly1305 encryption to mitigate the risk of data breaches.'
2331,NSR,'The dashboard shall allow authenticated users to upload samples for analysis.'
1439,SR,'The agent must implement two-factor authentication (2FA) to prevent unauthorized access to protect against unauthorized access.'
654,SR,'The application shall verify server certificates before establishing TLS connections.'
1220,NSR,'The dashboard shall minimize latency in real-time monitoring mode to under 24 milliseconds.'
781,SR,'The module must anonymize personally identifiable information before storage to ensure confidentiality and integrity of sensitive data.'
977,NSR,'The interface will scale horizontally to handle increased queries volume without reconfiguration.'
354,SR,"'""Each Trusted Framework present on the card shall Ensure that any response messages are properly returned unaltered (except for any cryptographic protection) to the original receiver of the incoming message.""'"
20,NSR,"'The system shall display the licence owners profile, and the vehicle information'"
1572,SR,'The application must allow for safe fail-secure behavior whenever a security fault is detected.'
1170,NSR,'The platform must complete database queries in under 500 milliseconds for datasets of up to 50 records.'
1720,NSR,'The system will support redundant database configurations to prevent data loss.'
1031,NSR,'The system will provide fail-safe behavior that prevents data loss in the event of an unexpected shutdown.'
81,NSR,'The system shall allow users to upload data files of any type to their cloud accounts with a description of not less than 5 words. '
968,NSR,'The module should provide administrators with a configurable dashboard for system management.'
2932,SR,'The tool shall extract and verify digital watermarks from submitted video files as part of the defence-in-depth security strategy.'
758,NSR,'The software will provide contextual help tooltips and user documentation throughout the interface.'
1546,SR,'The module will extract and analyze malware indicators of compromise from samples to prevent exploitation by malicious actors.'
869,NSR,'The application shall allow users to register an account by providing their email and organization details.'
533,NSR,'Ensure that each batch of transactions is cleared and settled once and only once'
732,NSR,'The system must support concurrent analysis of up to 10 simultaneous samples without degradation.'
1578,SR,'The service will use TLS 1.3 or higher for all network communications using industry-standard cryptographic techniques.'
1401,SR,'The application must implement secure communication channels using HTTPS protocol using industry-standard cryptographic techniques.'
722,SR,'The application must detect port scanning activity originating from rogue nodes on the network to prevent exploitation by malicious actors.'
1235,NSR,'The dashboard must provide a RESTful API that allows external systems to trigger and retrieve authentication results.'
198,NSR,'The number of possible values defining the packet priority and  by consequence  the number of queues managed in the upstream direction shall be coherent with the number of concurrent services (data  communication  entertainment) to be treated and supported.'
116,NSR,'The CNG shall implement an authorization management handling policy.'
2967,NSR,'The system shall display clear error messages that guide the user toward resolution.'
1631,SR,'The framework will generate behavioral reports for Android applications executed in the sandbox as part of the defence-in-depth security strategy.'
1151,SR,'The software shall prevent downgrade attacks by enforcing minimum WPA3 version requirements in order to maintain system integrity.'
1026,SR,'The module shall detect man-in-the-middle attacks through certificate validation monitoring.'
1012,NSR,'The application should maintain performance under peak load conditions of 500 simultaneous users.'
1344,SR,'The platform shall validate input sanitization to prevent XML injection injection attacks to mitigate the risk of data breaches.'
1399,SR,'The system shall log all network security events with timestamps for forensic analysis using industry-standard cryptographic techniques.'
2369,NSR,'The platform will adhere to SOLID design principles to minimize coupling between components.'
1299,NSR,'The platform shall support import of threat intelligence feeds in XML format.'
20,SR,'The system shall allow the user to create an account on the system and logs in using fingerprint.  '
913,SR,'The service must limit login attempts to 5 consecutive failures before locking the account.'
998,NSR,'The application should run on any system that has Node.js version 6.0 or later installed.'
1277,NSR,'The module must implement transaction rollbacks to maintain data consistency during failures.'
942,SR,'The platform shall invalidate session tokens upon logout to prevent session hijacking in order to maintain system integrity.'
622,NSR,'The system shall separate configuration from code to allow environment-specific deployments.'
1471,NSR,'The interface must use less than 2MB of RAM during standard operation.'
634,NSR,"'The system will allow administrators to create, read, update, and delete user accounts.'"
1314,SR,'The application must protect private keys from unauthorized extraction or export as part of the defence-in-depth security strategy.'
1385,NSR,'The interface will respond to user interface interactions within 10 milliseconds.'
642,NSR,'The service shall allow export of scan findings to CSV for integration with ticketing systems.'
2615,SR,'The tool will identify unauthorized network devices connected to the internal network to protect against unauthorized access.'
1670,SR,'The module will implement account lockout mechanisms after repeated failed login attempts to ensure compliance with security best practices.'
1298,SR,'The framework shall provide a chain of custody record for all configuration processed by the system to protect against unauthorized access.'
1108,SR,'The agent should prevent downgrade attacks by enforcing minimum WPA3 version requirements to protect against unauthorized access.'
28,SR,'The system shall allow individual facility  servers to remain unaffected when the central server fails. '
1583,SR,'The system will log all network security events with timestamps for forensic analysis using industry-standard cryptographic techniques.'
1813,NSR,'The dashboard will allow users to set and manage malware analysis thresholds and alert rules.'
11,NSR,'The system shall provide an escrow (PayNow linked to Zimbabwean commercial banks and mobile money platforms) that locks USD until confirmation from seller. '
1558,NSR,'The portal should maintain backward compatibility with previous versions of the API.'
1274,SR,'The framework shall mask sensitive session fields in logs and reports to ensure confidentiality and integrity of sensitive data.'
905,NSR,'The software will allow administrators to configure detection thresholds without modifying source code.'
1402,NSR,'The service should allow signature databases and detection rules to be updated without system restart.'
935,SR,'The module should be easily updatable with security patches without disrupting service in accordance with the security policy.'
662,NSR,'The interface will implement graceful degradation so critical functions remain available during partial failures.'
919,SR,'The application shall enforce data retention policies by automatically purging sensitive records after 30 days to protect against unauthorized access.'
58,NSR,' The system can allow multiple clients to login and save their files to the remote server. '
86,NSR,'The system shall enable fast transmission of information between bank server and the dataset server. '
2018,SR,'The platform shall detect distributed denial-of-service (DDoS) attack patterns in traffic to ensure compliance with security best practices.'
902,NSR,'The dashboard shall maintain a false positive rate below 99% during scanning operations.'
1486,SR,'The framework must test for broken authentication and session management vulnerabilities in accordance with the security policy.'
87,NSR,'The system shall enable a visible watermark to be used together with the email client. '
955,NSR,'The portal should support import of threat intelligence feeds in CSV format.'
690,NSR,'The dashboard will allow users to view the history of previously submitted queries.'
1040,NSR,'The tool will provide a role management interface for assigning permissions to user groups.'
1268,NSR,'The application should integrate with third-party email platforms via RESTful API.'
1638,SR,'The system will alert administrators when ransomware activity is detected in real time.'
1435,SR,'The tool shall anonymize personally identifiable information before storage.'
1251,NSR,'The tool will support installation via yum package manager.'
946,SR,'The platform should implement end-to-end encryption for user messages to ensure confidentiality and integrity of sensitive data.'
1778,NSR,'The system should achieve an uptime of at least 5% measured over a rolling annual period.'
51,SR,'The system shall analyse and record suspicious packets signatures and detects an anomaly if the following packets data matches the recorded threat related signatures. '
1827,SR,'The service must encrypt all confidential data using AES-GCM encryption.'
1593,SR,'The service shall maintain a tamper-evident audit log of all configuration change events.'
1338,SR,'The agent will capture and analyze TLS packets for signs of malicious activity as part of the defence-in-depth security strategy.'
1066,SR,'The agent should extract and verify digital watermarks from submitted PDF documents to ensure confidentiality and integrity of sensitive data.'
906,NSR,'The platform will support Portuguese language localization for international users.'
1355,NSR,'The module must allow users to register an account by providing their email and organization details.'
1953,NSR,'The portal should support import of threat intelligence feeds in JSON format.'
924,SR,'The framework shall block network communication from hosts identified as compromised.'
1240,NSR,'The interface should support virtualized environments including VMware and Hyper-V.'
1144,NSR,'The service must provide a role management interface for assigning permissions to user groups.'
1569,NSR,'The platform shall provide administrators with a configurable dashboard for system management.'
1103,SR,'The tool will store user passwords using PBKDF2 hashing with unique salts to ensure confidentiality and integrity of sensitive data.'
76,NSR,'The website shall allow any updating of a clients KYC information. '
777,NSR,'The tool shall provide a centralized logging framework for debugging and system monitoring.'
1645,NSR,'The tool will provide a centralized logging framework for debugging and system monitoring.'
1868,NSR,'The application should run on any system that has Node.js version 14 or later installed.'
1304,SR,'The platform will verify the authenticity of documents by checking its embedded watermark in order to maintain system integrity.'
1613,SR,'The platform should extract and analyze backdoors indicators of compromise from samples.'
29,NSR,'The system will reduce the amount of time in which similar system take in processing data.  '
2164,NSR,'The application shall allow users to filter and search through user records efficiently.'
51,NSR,'The system shall ensure that the honeypot records the attackers activities and warns the system administrators in the event of a threat to the system being protected. '
1617,NSR,'The platform should backup critical configuration data every 90-day to a secure offsite location.'
990,SR,'The system must detect polymorphic and obfuscated malware variants in order to maintain system integrity.'
1465,SR,'The tool shall detect and block connections to known malicious IP addresses and domains to ensure compliance with security best practices.'
1267,SR,'The component must log all network security events with timestamps for forensic analysis to ensure compliance with security best practices.'
781,SR,'The application must use asymmetric encryption (ECC) for secure key exchange to prevent exploitation by malicious actors.'
1052,SR,'The application will identify unauthorized network devices connected to the internal network using industry-standard cryptographic techniques.'
992,NSR,'The platform must support Arabic language localization for international users.'
1698,NSR,'The interface will provide a role management interface for assigning permissions to user groups.'
2077,SR,'The framework should enforce network segmentation policies to limit lateral movement to ensure confidentiality and integrity of sensitive data.'
1024,SR,'The software shall analyze HTTP requests and responses to detect XSS (Cross-Site Scripting) attack patterns.'
1199,SR,'The component must extract and analyze ransomware indicators of compromise from samples to prevent exploitation by malicious actors.'
806,NSR,'The system shall respond to user interface interactions within 5 milliseconds.'
1038,NSR,'The tool must respond to user interface interactions within 10 milliseconds.'
1460,SR,'The system shall maintain a tamper-evident audit log of all access events as part of the defence-in-depth security strategy.'
1419,NSR,'The application will provide a searchable database of historical reporting results.'
1653,SR,'The platform must enforce certificate-based authentication before granting access to protected resources to ensure compliance with security best practices.'
31,NSR,'The system of web data mining is reliable as the hardware and software is compatible. '
1032,NSR,'The portal must display progress indicators during long-running analysis operations.'
28,NSR,'The system should maintain basic patient information and permissions on a central server. '
64,NSR,'The system shall offer high throughput which is the yield in respect to the measure of going through a framework from contribution to yield. '
1305,NSR,'The service should handle network disconnections gracefully and queue operations for retry.'
633,NSR,'The dashboard should maintain a false positive rate below 85% during analysis operations.'
994,SR,'The agent shall encrypt data at rest using ChaCha20-Poly1305 to protect against unauthorized access to prevent exploitation by malicious actors.'
2138,SR,'The module will encrypt all session data using 3DES encryption to ensure compliance with security best practices.'
1562,NSR,'The module shall offer a dark mode option in addition to the default light theme.'
2271,SR,'The platform must verify digital signatures before processing received data.'
673,SR,'The framework will implement secure communication channels using IPSec protocol to prevent exploitation by malicious actors.'
1031,NSR,'The system will maintain a consistent visual design across all screens and modules.'
630,NSR,'The tool will implement graceful degradation so critical functions remain available during partial failures.'
1289,SR,'The platform should maintain a tamper-evident audit log of all access events to prevent exploitation by malicious actors.'
818,SR,'The service must securely store encryption keys in a dedicated key management system.'
1762,NSR,'The system must process submitted files within 200 seconds under normal load conditions.'
1124,SR,'The component should automatically log out inactive sessions after 10 minutes of inactivity.'
1512,SR,'The tool will log all network security events with timestamps for forensic analysis as part of the defence-in-depth security strategy.'
1728,NSR,'The tool must allow users to filter and search through scan records efficiently.'
874,NSR,'The software will provide a RESTful API that allows external systems to trigger and retrieve monitoring results.'
989,SR,'The system should enforce the principle of least privilege across all user roles in accordance with the security policy.'
1742,NSR,'The platform shall provide a searchable database of historical monitoring results.'
586,NSR,'The CEP card may support multiple currencies. Each currency occupies a Ã¯Â¿Â½??slotÃ¯Â¿Â½?Ã¯Â¿Â½ within the CEP. The slots are defined by the currency supported. The currency for an individual slot is determined during load or currency exchange. Currency exchange could apply to a single slot  and then only for the total balance'
1070,NSR,'The portal should operate efficiently on systems with as little as 2GB of available RAM.'
1080,NSR,'The dashboard should support drag-and-drop file submission for ease of use.'
1539,SR,'The software should analyze scripts behavior in an isolated sandbox environment in order to maintain system integrity.'
1541,NSR,'The module should support redundant database configurations to prevent data loss.'
1568,NSR,'The software must allow signature databases and detection rules to be updated without system restart.'
1221,NSR,'The portal must be containerized using Docker for consistent deployment across environments.'
2599,NSR,'The dashboard will use less than 256MB of RAM during standard operation.'
1359,SR,'The software must enforce HTTPS for all data transmission between client and server in accordance with the security policy.'
1279,SR,'The service should be easily updatable with security patches without disrupting service.'
1801,SR,'The component shall store user passwords using Argon2 hashing with unique salts to mitigate the risk of data breaches.'
973,NSR,'The module will allow users to set and manage monitoring thresholds and alert rules.'
1364,NSR,'The module shall provide a cross-platform command-line interface in addition to the GUI.'
2530,SR,'The software will anonymize personally identifiable information before processing to ensure confidentiality and integrity of sensitive data.'
1085,SR,'The module must monitor DNS network traffic to detect security anomalies to ensure confidentiality and integrity of sensitive data.'
1603,SR,'The framework shall extract and analyze spyware indicators of compromise from samples using industry-standard cryptographic techniques.'
1040,NSR,'The system must support concurrent analysis of up to 10 simultaneous applications without degradation.'
2103,SR,'The agent shall alert on connections to known cryptocurrency mining pool endpoints using industry-standard cryptographic techniques.'
1479,SR,'The agent will detect cryptojacking activity by monitoring CPU usage and network connections using industry-standard cryptographic techniques.'
1521,SR,'The tool must classify detected keyloggers into known malware families in accordance with the security policy.'
33,NSR,'The system user interface shall comprise of a front end and SQL back end contributing to a great user experience. '
747,SR,'The system shall prevent unauthorized access to sensitive medical through access controls in order to maintain system integrity.'
1832,NSR,'The interface should achieve an uptime of at least 99% measured over a rolling weekly period.'
381,NSR,'When present  services to encrypt and decrypt any pattern of data using these algorithms shall be available to Applications.'
2329,SR,'The software will prevent downgrade attacks by enforcing minimum IPSec version requirements.'
1880,NSR,'The interface will support plugin-based architecture to allow new detection modules to be added.'
1360,SR,'The tool must embed an invisible digital watermark into images to protect ownership to mitigate the risk of data breaches.'
640,SR,'The module must detect duplicate submissions of watermarked documents by different authors in accordance with the security policy.'
694,NSR,"'The system will be compatible with major cloud platforms including AWS, Azure, and Google Cloud.'"
1599,SR,'The application should mask sensitive user fields in logs and reports using industry-standard cryptographic techniques.'
23,SR,'The system shall allow user validation to be done during login to ensure that the user is who they claim to be '
1180,NSR,'The platform will support import of threat intelligence feeds in CSV format.'
1208,NSR,'The software must test failover mechanisms periodically to ensure they operate as expected.'
1387,SR,'The agent should detect man-in-the-middle attacks through certificate validation monitoring in order to maintain system integrity.'
776,NSR,'The service should implement transaction rollbacks to maintain data consistency during failures.'
1999,NSR,'The module will be transferable between environments through a standard configuration export/import mechanism.'
1499,SR,'The system should maintain a tamper-evident audit log of all configuration change events to prevent exploitation by malicious actors.'
884,SR,'The agent should monitor DNS queries to detect data exfiltration and domain generation algorithms to ensure confidentiality and integrity of sensitive data.'
687,NSR,'The module shall achieve an uptime of at least 5% measured over a rolling annual period.'
3022,NSR,"'The dashboard must provide a changelog documenting all updates, bug fixes, and new features.'"
1398,NSR,'The system will be transferable between environments through a standard configuration export/import mechanism.'
664,SR,'The platform must identify unauthorized network devices connected to the internal network using industry-standard cryptographic techniques.'
1149,NSR,'The platform will include rollback capabilities to revert to a previous stable version if needed.'
529,NSR,'Contain the latest transaction count and amount of batches that have not been deleted from the POS device by the merchant or merchant acquirer'
1858,SR,'The tool must identify unauthorized network devices connected to the internal network using industry-standard cryptographic techniques.'
638,NSR,'The portal shall allow users to set and manage authentication thresholds and alert rules.'
1871,NSR,'The tool shall be deployable on 64-bit Windows and Linux operating systems without modification.'
1364,NSR,'The application will respond to user interface interactions within 200 milliseconds.'
725,SR,'The application must enforce hardware token authentication before granting access to protected resources to ensure confidentiality and integrity of sensitive data.'
1417,NSR,'The software shall allow users to schedule automated monitoring at configured intervals.'
931,NSR,'The system will generate analysis reports in under 60 seconds for typical applications.'
1626,SR,'The service must test for broken authentication and session management vulnerabilities as part of the defence-in-depth security strategy.'
1924,SR,'The module should notify administrators of critical security events via SMS to ensure confidentiality and integrity of sensitive data.'
8,NSR,'The system shall be delivered with a user manual and once installed the software is easy to run'
1757,NSR,'The application must require no platform-specific dependencies outside of the documented prerequisites.'
1174,NSR,'The tool should achieve an uptime of at least 95% measured over a rolling 30-day period.'
2101,SR,'The software will detect SSL/TLS misconfigurations and expired certificates in target systems using industry-standard cryptographic techniques.'
833,SR,'The service shall digitally sign all confidential to ensure authenticity and non-repudiation in accordance with the security policy.'
1530,NSR,'The service must handle network disconnections gracefully and queue operations for retry.'
1970,SR,'The module must require biometric authentication for all administrative operations as part of the defence-in-depth security strategy.'
1525,SR,'The tool should securely store encryption keys in a dedicated key management system to ensure compliance with security best practices.'
1048,NSR,'The platform must support concurrent analysis of up to 5 simultaneous queries without degradation.'
20,NSR,'The system shall allow the user to query the database '
895,SR,'The service shall implement account lockout mechanisms after repeated failed login attempts to ensure confidentiality and integrity of sensitive data.'
1118,NSR,'The system should allow users to set and manage scanning thresholds and alert rules.'
1833,SR,'The agent shall prevent unauthorized access to sensitive personal through access controls to ensure compliance with security best practices.'
1587,SR,'The platform must enforce data retention policies by automatically purging sensitive records after 6 months.'
2422,SR,'The platform must automatically log out inactive sessions after 60 minutes of inactivity as part of the defence-in-depth security strategy.'
1749,SR,'The module should digitally sign all confidential to ensure authenticity and non-repudiation to mitigate the risk of data breaches.'
1444,NSR,'The platform shall send a confirmation email to newly registered users with an activation link.'
1501,SR,'The platform must implement certificate pinning to prevent CSRF attacks using industry-standard cryptographic techniques.'
488,NSR,"'""The contents of the GlobalPlatform Registry may be updated in response to:   An internal OPEN invoked action,   An authorized Application invoked action.""'"
860,NSR,'The module shall provide a RESTful API that allows external systems to trigger and retrieve scanning results.'
882,SR,'The tool will enforce role-based access control to restrict user permissions to mitigate the risk of data breaches.'
1150,NSR,'The service should be transferable between environments through a standard configuration export/import mechanism.'
1700,NSR,'The service shall use less than 2MB of RAM during standard operation.'
1858,SR,'The system shall detect the presence of cryptomining malware in submitted Windows executables using industry-standard cryptographic techniques.'
480,NSR,'If the card is in the Life Cycle State CARD_LOCKED or TERMINATED  return the appropriate error'
1069,NSR,'The interface shall backup critical incident data every monthly to a secure offsite location.'
28,NSR,'The system shall allow health care providers to access the system through a screen based software application.'
1005,NSR,'The portal will provide fail-safe behavior that prevents data loss in the event of an unexpected shutdown.'
876,NSR,'The service shall allow export of analysis results to JSON format for offline review.'
1183,SR,'The application should sign API responses to ensure integrity during transmission in accordance with the security policy.'
26,SR,"'The system survives under its boundaries, which also sets limits to its operations, and the limits make up the restrictions. '"
1296,NSR,'The dashboard must be accessible to users with disabilities by adhering to WCAG 2.1 guidelines.'
1025,NSR,'The application should provide keyboard shortcuts for frequently used operations.'
1602,NSR,'The service must implement transaction rollbacks to maintain data consistency during failures.'
22,NSR,"'The system shall be accessible through the use of web interface, and the service can be accessed through different platforms namely Windows, Linux, Android or Mac OS to name just but a few. '"
1891,NSR,'The interface must respond to user interface interactions within 3 milliseconds.'
832,SR,'The platform should use TLS 1.3 or higher for all network communications in accordance with the security policy.'
1506,NSR,'The application will include comprehensive inline code documentation and API documentation.'
1557,NSR,'The tool shall allow users to filter and search through audit records efficiently.'
1048,NSR,'The system shall provide a simple three-step workflow for report generation tasks.'
1401,SR,'The software will allow for safe fail-secure behavior whenever a security fault is detected to ensure confidentiality and integrity of sensitive data.'
1808,SR,'The system should maintain a tamper-evident audit log of all login events to ensure confidentiality and integrity of sensitive data.'
1660,NSR,'The application must use less than 2MB of RAM during standard operation.'
2740,NSR,'The software should support multi-tenancy so multiple organizations can use the system independently.'
1303,NSR,'The software shall display clear error messages that guide the user toward resolution.'
1740,SR,'The platform should detect cryptojacking activity by monitoring CPU usage and network connections.'
1371,NSR,'The dashboard shall test failover mechanisms periodically to ensure they operate as expected.'
2103,SR,'The service shall require users to change default passwords upon first login to mitigate the risk of data breaches.'
547,NSR,'The CEP card authenticates the PSAM using the certificates previously received and the S2  The CEP card increments the value of the purse and logs the transaction'
1420,SR,'The agent will enforce two-factor authentication (2FA) before granting access to protected resources in order to maintain system integrity.'
980,NSR,'The tool should maintain performance under peak load conditions of 20 simultaneous users.'
520,SR,'Transmissions between host systems should be protected by MACs based on unique keys that are shared by the nodes involved'
901,SR,'The application should identify and report SQL Injection injection points in target applications to protect against unauthorized access.'
1799,NSR,'The portal will run on any system that has Python version 11 or later installed.'
1363,SR,'The tool shall detect man-in-the-middle attacks through certificate validation monitoring in order to maintain system integrity.'
1289,SR,'The tool should enforce HTTPS for all data transmission between client and server using industry-standard cryptographic techniques.'
846,SR,'The service will test for broken authentication and session management vulnerabilities in accordance with the security policy.'
708,SR,'The component should extract and verify digital watermarks from submitted video files to protect against unauthorized access.'
1404,NSR,'The module should backup critical scan data every 30-day to a secure offsite location.'
1061,SR,'The module shall validate input sanitization to prevent XML injection injection attacks to prevent exploitation by malicious actors.'
1122,NSR,'The software shall use version control best practices including branching strategies and commit conventions.'
98,NSR,'The system shall provide imaging ability so as to make a copy of the information contained on the mobile device which will be used during the forensics process as the test data source.'
1429,SR,'The component shall apply a visible digital watermark to documents upon author submission to mitigate the risk of data breaches.'
66,NSR,'The System shall be able to allow students to view recommended careers for them.'
1237,SR,'The application shall store user passwords using bcrypt hashing with unique salts to protect against unauthorized access.'
566,NSR,'A transaction that passes merchant acquirer validations and is forwarded to the card issuer is paid for by the card issuer. If the transaction does not pass card issuer validations  the card issuer may follow the scheme providerÃ¯Â¿Â½??s dispute procedures'
1139,NSR,'The portal must support bulk submission of samples for batch malware analysis processing.'
945,NSR,'The module should perform automated health checks every 24 seconds and alert on anomalies.'
575,NSR,'The CEP application must contain data that indicates the presence of a linked ficial institution. If a linked ficial institution is established for the CEP application  then linked loads must be allowed and data in the application must indicate whether linked loads are supported'
906,SR,'The service should authenticate users using hardware token authentication in accordance with the security policy.'
72,SR,"'The system finds indicators (patterns, attributes) of, or to exploit vulnerabilities known to exist, in the detected services / software versions'"
2266,NSR,'The application shall complete database queries in under 60 milliseconds for datasets of up to 1000 records.'
900,SR,'The service shall enforce data retention policies by automatically purging sensitive records after 6 months as part of the defence-in-depth security strategy.'
689,SR,'The component will generate behavioral reports for mobile apps executed in the sandbox as part of the defence-in-depth security strategy.'
10,NSR,'The system shall be able to pre-process the unstructured data into meaning information and match with existing keywords in database. '
1473,NSR,'The software will support bulk submission of requests for batch authentication processing.'
1373,NSR,'The platform will ensure the system can process queries reliably across all supported cloud and on-premises environments.'
35,SR,'The system shall be able to notify the respected parties of the clinical incident  even when there is a fault '
915,SR,'The system should implement certificate pinning to prevent broken authentication attacks in accordance with the security policy.'
131,SR,'The CNG and CPN shall support mechanisms that prevent access to the network by unauthorized users.'
693,SR,'The agent shall implement certificate pinning to prevent command injection attacks to mitigate the risk of data breaches.'
2992,SR,'The module will detect outdated or vulnerable third-party libraries in analyzed applications in order to maintain system integrity.'
1815,NSR,'The application should separate configuration from code to allow environment-specific deployments.'
581,NSR,'Card issuers must provide an alphabetic currency code in each message that establishes a new currency. This alphabetic currency code and the currency exponent will be used by the load device to display currency balances. This allows the cardholder to identify the currency being displayed'
897,NSR,'The software must allow export of scan findings to CSV for integration with ticketing systems.'
15,NSR,'The system shall learn the users unique pattern using Naïve Bayes algorithms and store the template in the database. '
1346,SR,'The software should authenticate users using OAuth 2.0 to protect against unauthorized access.'
959,NSR,'The system shall allow users to filter and search through audit records efficiently.'
1065,NSR,'The platform shall achieve a throughput of at least 50 tasks per hour in production.'
1308,SR,'The framework must enforce biometric authentication before granting access to protected resources to ensure compliance with security best practices.'
44,SR,'Use of passwords to control access to data to reduce corruption and preserve confidentiality. '
770,SR,'The platform should identify and classify trojans samples based on behavioral signatures to protect against unauthorized access.'
1410,NSR,'The dashboard shall achieve a detection accuracy of at least 99.5% on samples.'
1346,NSR,'The service will support French language localization for international users.'
1340,SR,'The component will authenticate users using certificate-based authentication to ensure compliance with security best practices.'
765,SR,'The component will enforce HTTPS for all data transmission between client and server as part of the defence-in-depth security strategy.'
3056,NSR,'The software should require no platform-specific dependencies outside of the documented prerequisites.'
82,NSR,'The system shall be easy to use and adopt as students have to login only once. '
411,SR,'The GlobalPlatform Environment (OPEN) supports Card Content Management functions (Content verification  Content loading  Content installation  Content removal  Access control rules for card content management) if the underlying runtime environment does not support them:'
1752,SR,'The agent will validate user credentials against the LDAP directory before allowing access to ensure confidentiality and integrity of sensitive data.'
1326,NSR,'The portal shall provide a disaster recovery plan with a recovery time objective of 24 hours.'
715,SR,'The platform shall alert on connections to known cryptocurrency mining pool endpoints to ensure compliance with security best practices.'
1841,NSR,'The platform will allow administrators to generate activity reports filtered by date range.'
839,NSR,'The portal should generate analysis reports in under 200 seconds for typical samples.'
727,NSR,'The system must be packaged as a web application for simple installation on supported platforms.'
1868,SR,'The tool must prevent unauthorized access to sensitive confidential through access controls as part of the defence-in-depth security strategy.'
2144,SR,'The component should alert administrators when rootkits activity is detected in real time in accordance with the security policy.'
2357,SR,'The tool shall block network communication from hosts identified as compromised in accordance with the security policy.'
1152,SR,'The software must verify server certificates before establishing HTTPS connections to ensure confidentiality and integrity of sensitive data.'
757,NSR,'The platform should implement transaction rollbacks to maintain data consistency during failures.'
2196,SR,"'The framework shall classify identified vulnerabilities by severity level (critical, high, medium, low) using industry-standard cryptographic techniques.'"
1793,SR,'The software shall alert on connections to known cryptocurrency mining pool endpoints to mitigate the risk of data breaches.'
1385,SR,'The platform must store user passwords using SHA-256 hashing with unique salts to prevent exploitation by malicious actors.'
1219,NSR,'The dashboard will backup critical incident data every annual to a secure offsite location.'
1044,NSR,'The service should consume no more than 99% of available CPU resources during idle monitoring.'
2279,SR,'The application will apply a visible digital watermark to documents upon author submission to protect against unauthorized access.'
955,NSR,'The software should perform automated health checks every 24 seconds and alert on anomalies.'
1356,NSR,'The service must test failover mechanisms periodically to ensure they operate as expected.'
26,SR,'The system shall allow use of passwords and usernames to access and modify data '
104,SR,' The system shall ensure the database containing keywords shall be protected against SQL Injection '
1478,SR,"'The framework must classify identified vulnerabilities by severity level (critical, high, medium, low) to ensure confidentiality and integrity of sensitive data.'"
1658,NSR,'The system must minimize latency in real-time monitoring mode to under 24 milliseconds.'
58,NSR,'The system shall not keep the data owners waiting for long time while waiting for it to process their requests and respond. '
1888,NSR,'The interface should maintain performance under peak load conditions of 1000000 simultaneous users.'
1998,SR,'The module will analyze HTTP requests and responses to detect LDAP injection attack patterns in accordance with the security policy.'
898,NSR,"'The portal will allow administrators to create, read, update, and delete user accounts.'"
783,SR,'The system should monitor DNS queries to detect data exfiltration and domain generation algorithms using industry-standard cryptographic techniques.'
678,NSR,'The module should display real-time authentication status updates without requiring page refresh.'
734,SR,'The service will provide a chain of custody record for all sensitive processed by the system.'
66,NSR,'The System shall be able to allow lecturer to add students final marks. '
2433,NSR,'The tool will provide a RESTful API that allows external systems to trigger and retrieve vulnerability assessment results.'
56,NSR,'The system shall be able to open the door when the pin is correct. '
1233,SR,'The application should limit login attempts to 3 consecutive consecutive failures before locking the account to protect against unauthorized access.'
1004,SR,'The tool must authenticate users using OAuth 2.0 in accordance with the security policy.'
1604,SR,'The agent should validate user credentials against a hashed credential store before allowing access using industry-standard cryptographic techniques.'
26,NSR,'The system offers quick retrieval of information '
3095,SR,'The module should comply with ISO 27001 data protection requirements to protect against unauthorized access.'
1160,SR,'The tool shall associate the embedded watermark with the author's registration number using industry-standard cryptographic techniques.'
2512,NSR,'The software should be containerized using Docker for consistent deployment across environments.'
668,SR,'The software shall prevent privilege escalation attacks by validating all permission changes using industry-standard cryptographic techniques.'
992,NSR,'The module shall allow signature databases and detection rules to be updated without system restart.'
2056,SR,'The tool should implement end-to-end encryption for medical messages as part of the defence-in-depth security strategy.'
569,NSR,'All load transactions are on-line transactions. Authorization of funds for load transactions must require a form of cardholder verification. The load device must support on-line encrypted PIN or off-line PIN verification'
56,NSR,"'This system is not complex, it is an Intelligent engineering artifact that is user-friendly, it only requires the attention of the security personnel and their reaction to its report. '"
1068,SR,'The application will maintain a tamper-evident audit log of all file access events in order to maintain system integrity.'
2859,NSR,'The portal will allow users to view the history of previously submitted requests.'
69,NSR,'The system shall monitor a babys growth. '
1762,NSR,'The software shall allow multiple users to collaborate on detection within a shared workspace.'
2460,SR,"'The application must classify identified vulnerabilities by severity level (critical, high, medium, low).'"
1126,SR,'The component should identify unauthorized network devices connected to the internal network to ensure compliance with security best practices.'
2002,SR,'The tool must enforce HTTPS for all data transmission between client and server to ensure compliance with security best practices.'
1928,SR,'The application shall enforce the principle of least privilege across all user roles to ensure confidentiality and integrity of sensitive data.'
1091,NSR,'The platform must allow administrators to configure detection thresholds without modifying source code.'
2632,SR,'The software will use asymmetric encryption (RSA-2048) for secure key exchange to ensure compliance with security best practices.'
568,NSR,'POS transactions that were rejected for payment by the merchant acquirer are flagged with an error code indicating the type of validation failure and are forwarded to the card issuer for CEP card history information only'
1231,NSR,'The application must handle network disconnections gracefully and queue operations for retry.'
52,NSR,'The system shall enable creation and editing of user details. '
1665,SR,'The system must alert administrators when worms activity is detected in real time to mitigate the risk of data breaches.'
2020,SR,'The software must use TLS 1.3 or higher for all network communications.'
707,NSR,"'The platform shall be compatible with major cloud platforms including AWS, Azure, and Google Cloud.'"
1641,SR,'The application will detect polymorphic and obfuscated spyware variants to ensure confidentiality and integrity of sensitive data.'
1447,NSR,'The system should expose a well-documented RESTful API to enable third-party integrations.'
2222,SR,'The service shall implement LDAP authentication to prevent unauthorized access to ensure confidentiality and integrity of sensitive data.'
2865,NSR,'The dashboard shall perform automated health checks every 100 seconds and alert on anomalies.'
2046,SR,'The system must be easily updatable with security patches without disrupting service using industry-standard cryptographic techniques.'
1779,SR,'The agent will extract and verify digital watermarks from submitted video files in order to maintain system integrity.'
885,NSR,'The module should minimize latency in real-time monitoring mode to under 10 milliseconds.'
1479,SR,'The module shall detect XXE injection vulnerabilities in submitted web applications in accordance with the security policy.'
1882,SR,'The module must classify detected keyloggers into known malware families using industry-standard cryptographic techniques.'
2065,NSR,'The module will allow administrators to configure detection thresholds without modifying source code.'
2715,NSR,'The tool must log all system errors with sufficient context for post-incident analysis.'
941,NSR,'The portal will support redundant database configurations to prevent data loss.'
1683,NSR,'The software shall support pagination for large result sets to maintain performance.'
75,NSR,'The system shall enable block initiation and new block (record) addition onto Blockchain. '
195,NSR,'The number of possible values defining the packet priority and  by consequence  the number of queues managed in the downstream direction shall be coherent with the number of concurrent services (data  communication  entertainment) to be treated and supported.'
2156,SR,'The tool will use HMAC-SHA-3 to authenticate API requests and prevent replay attacks to protect against unauthorized access.'
1031,NSR,'The interface will test failover mechanisms periodically to ensure they operate as expected.'
608,NSR,'The time period during which a cardholder can unload electronic value  perform a purchase or a currency exchange from an expired card may be determined by each issuer'
1670,NSR,'The tool shall implement graceful degradation so critical functions remain available during partial failures.'
1320,NSR,'The module should offer a dark mode option in addition to the default light theme.'
772,NSR,'The interface shall support automated unit and integration testing with a code coverage target of 99%.'
1163,SR,'The agent will implement account lockout mechanisms after repeated failed login attempts.'
1410,NSR,'The system will scale horizontally to handle increased requests volume without reconfiguration.'
941,NSR,'The software shall provide a RESTful API that allows external systems to trigger and retrieve malware analysis results.'
736,SR,'The software shall verify server certificates before establishing TLS connections in order to maintain system integrity.'
859,NSR,'The system must maintain a consistent visual design across all screens and modules.'
1310,NSR,'The platform should consume no more than 90% of available CPU resources during idle monitoring.'
2003,NSR,'The module must present scan results in a clear and easy-to-understand format.'
1415,NSR,'The module must be containerized using Docker for consistent deployment across environments.'
1511,SR,'The application shall generate behavioral reports for Android applications executed in the sandbox to ensure compliance with security best practices.'
2168,NSR,'The service will display real-time vulnerability assessment status updates without requiring page refresh.'
1612,SR,'The framework should monitor UDP network traffic to detect security anomalies to prevent exploitation by malicious actors.'
73,NSR,'The system shall respond to users via voice synthesis and graphical displays.'
930,SR,'The application must implement end-to-end encryption for medical messages to ensure confidentiality and integrity of sensitive data.'
1383,NSR,'The platform should allow export of scan findings to HTML for integration with ticketing systems.'
330,NSR,"'""The Card Issuer is responsible for Enforcing standards and policies for Application Providers governing all aspects of Applications to be provided to the Card Issuer or operated on the Card Issuer's cards,""'"
1647,NSR,'The system will provide a cross-platform command-line interface in addition to the GUI.'
95,NSR,'The system shall be compatible with every platform that can run a JAVA Virtual Machine. '
796,SR,'The software shall detect SSL/TLS misconfigurations and expired certificates in target systems in order to maintain system integrity.'
33,SR,'The system shall be able to log the IP address accordingly '
91,NSR,'The system shall  enable buying patterns to be analysed.'
2036,NSR,'The interface shall minimize latency in real-time monitoring mode to under 200 milliseconds.'
1399,SR,'The agent will perform regular automated vulnerability scans against the deployed application in order to maintain system integrity.'
2262,NSR,'The dashboard should achieve an uptime of at least 0.1% measured over a rolling annual period.'
1428,NSR,'The application should support pagination for large result sets to maintain performance.'
945,NSR,'The platform will maintain a false positive rate below 0.1% during authentication operations.'
1180,SR,'The application will authenticate users using OTP-based authentication in order to maintain system integrity.'
759,NSR,"'The system will allow users to register an account by providing their username, email address, and contact number.'"
88,SR,'The system shall be able to do random check on connection. '
1567,NSR,'The system should achieve a throughput of at least 1000000 samples per hour in production.'
1543,NSR,'The system will provide a responsive design compatible with both desktop and mobile browsers.'
1797,SR,'The agent shall enforce role-based access control to restrict user permissions using industry-standard cryptographic techniques.'
748,SR,'The module should identify and report XXE injection injection points in target applications.'
1534,SR,'The tool shall correlate network events against threat intelligence blacklists in order to maintain system integrity.'
661,SR,'The system shall allow for safe fail-secure behavior whenever a security fault is detected using industry-standard cryptographic techniques.'
993,NSR,'The service will implement dependency injection to improve testability of individual components.'
53,SR,"'The system shall ensure that, as a watermark is an essential part of data, it must continue even after signal processing and data manipulation including malicious operation that endeavors to remove the watermark. '"
1480,NSR,'The service shall implement transaction rollbacks to maintain data consistency during failures.'
1103,NSR,'The tool will provide keyboard shortcuts for frequently used operations.'
1252,NSR,'The platform must support pagination for large result sets to maintain performance.'
966,NSR,'The platform shall perform automated health checks every 60 seconds and alert on anomalies.'
1095,NSR,'The interface will generate analysis reports in under 200 seconds for typical tasks.'
1147,SR,'The platform should verify server certificates before establishing WPA3 connections using industry-standard cryptographic techniques.'
1666,NSR,'The system shall present scan results in a clear and easy-to-understand format.'
69,NSR,'The system is user friendly and easy to navigate. '
1539,SR,'The framework will enforce role-based access control to restrict user permissions.'
1192,NSR,'The tool will scale horizontally to handle increased scans volume without reconfiguration.'
618,SR,'The system must mask sensitive configuration fields in logs and reports to ensure compliance with security best practices.'
626,NSR,'The service should provide contextual help tooltips and user documentation throughout the interface.'
902,SR,'The framework should implement certificate pinning to prevent CSRF attacks to ensure confidentiality and integrity of sensitive data.'
2459,SR,'The software must enforce HTTPS for all data transmission between client and server as part of the defence-in-depth security strategy.'
1368,SR,'The system should analyze Windows executables behavior in an isolated sandbox environment.'
2319,SR,'The agent must log all network security events with timestamps for forensic analysis to mitigate the risk of data breaches.'
111,SR,'The CNG shall take action according to local authentication failure handling policy (which may include silently discarding the authentication and explicit failure notification  or in the case of a replay of credentials may include notification of the true owner of the credentials) upon detection of failure during identification  authentication and authorization.'
1623,SR,'The tool should perform static analysis to identify potential SSRF vulnerabilities to prevent exploitation by malicious actors.'
803,NSR,'The tool will scale horizontally to handle increased applications volume without reconfiguration.'
1574,NSR,'The module shall allow users to annotate and comment on authentication findings for team collaboration.'
1352,SR,'The module should provide secure password reset functionality using verified email or OTP to protect against unauthorized access.'
655,NSR,'The portal shall use less than 16MB of RAM during standard operation.'
1566,NSR,'The interface shall provide a notification system that alerts users when malware analysis is complete.'
10,NSR,'The system shall be able to record phone call in audio file forwarded with notification if parent asked for those (forward by email only) '
1058,NSR,'The platform should allow users to filter and search through configuration records efficiently.'
1275,NSR,'The interface will present a summary dashboard showing key performance metrics at a glance.'
53,SR,"'The system shall in the event that a watermarked image is submitted twice or more by different authors, the administrator shall be able to verify the legitimate owner of the image to protect the owner copyrights. '"
